date,open,high,low,close,volume,returns_1d,returns_5d,volatility_5d,avg_volume_10d,sma_20,sma_50,above_20ma,candle_body_ratio,rsi_14,atr_14,resistance_distance,support_distance,sr_band_width,label,symbol,symbol_encoded
2022-09-21,125.3,126.25,123.25,124.05,11156865,-0.0174257425742574,-0.0174257425742574,0.014344660009621,13527010.1,126.7375,126.054,0,-0.416666527777824,43.780615203029605,2.992597509494777,1.2301491334139458,-0.0072551390568319,1.222893994357114,0,ONGC,0
2022-09-22,123.55,124.0,121.4,121.9,11366882,-0.0173317210802095,-0.0298448070035813,0.015676362121404,13200748.6,126.3875,126.113,0,-0.6346151405326363,38.91055321297588,2.9681262588165787,1.2694831829368332,0.0077932731747334,1.2772764561115668,0,ONGC,0
2022-09-23,121.5,122.35,120.85,121.85,10407849,-0.0004101722723545,-0.0204983922829582,0.0156475321828563,13008799.4,126.00749999999998,126.198,0,0.2333331777778777,38.80245263038174,2.863260097472537,1.2704144439885103,0.0073861304883052,1.2778005744768155,0,ONGC,0
2022-09-26,120.65,122.05,116.25,117.0,12848954,-0.0398030365203118,-0.0541632983023444,0.0224862568154671,12943674.6,125.38249999999998,126.179,0,-0.6293102363258226,30.07445199406982,3.073027233367356,1.3645299145299143,-0.005128205128205,1.3594017094017092,1,ONGC,0
2022-09-27,117.85,121.25,117.35,117.95,14465123,0.008119658119658,-0.0657425742574256,0.0184432388834934,13305569.1,124.84,126.128,0,0.0256410190664075,33.24201569160982,3.157096716698259,1.3454853751589655,0.0029673590504451,1.3484527342094106,0,ONGC,0
2022-09-28,117.45,117.45,115.15,116.15,15267018,-0.0152607036880033,-0.0636839983877468,0.0183493961372655,13972475.3,124.08,126.053,0,-0.5652171455577623,30.429364101809668,3.131589808362669,1.3818338355574684,0.0,1.3818338355574684,1,ONGC,0
2022-09-29,117.05,121.45,117.05,120.0,20597761,0.0331467929401634,-0.0155865463494667,0.0271182935155244,14951204.1,123.69750000000002,125.991,0,0.6704543930785468,41.77679625758002,3.2864762506224783,1.3054166666666664,-0.0079166666666666,1.2975,1,ONGC,0
2022-09-30,118.95,125.45,118.95,120.15,33530494,0.0012499999999999,-0.0139515798112432,0.0271656268586486,16213295.6,123.415,125.969,0,0.1846153562130225,42.17254624051739,3.5160136612923014,1.3025384935497293,-0.0066583437369953,1.295880149812734,1,ONGC,0
2022-10-03,124.8,127.95,123.75,125.45,50966493,0.0441115272575947,0.0722222222222221,0.0241156565670663,19368802.1,123.3675,125.96599999999998,1,0.1547618679138422,54.05557004936431,3.8220126854857086,1.2052610601833398,-0.0031885213232362,1.2020725388601037,0,ONGC,0
2022-10-04,127.85,127.95,124.9,126.9,14137567,0.0115583897967317,0.0758796100042391,0.0239447121253138,19474500.6,123.4525,125.981,1,-0.3114753077130104,56.67842315994905,3.766868922236729,1.1800630417651692,0.008274231678487,1.188337273443656,0,ONGC,0
2022-10-06,129.4,129.45,125.45,125.7,14570735,-0.0094562647754137,0.0822212656048213,0.0221895682795315,19815887.6,123.46,125.985,1,-0.9249997687500616,53.93429713657283,3.7835211420769617,1.2008750994431183,-0.0011933174224342,1.199681782020684,0,ONGC,0
2022-10-07,125.15,127.25,124.35,127.05,13532236,0.0107398568019092,0.05875,0.0200513184445231,20032423.0,123.565,126.065,1,0.6551721878716551,56.48667944101573,3.7204124890714647,1.1774891774891771,-0.0082644628099173,1.16922471467926,0,ONGC,0
2022-10-10,126.05,127.0,125.3,126.3,10183057,-0.0059031877213695,0.0511860174781522,0.0212002903424222,20009943.8,123.53,126.162,1,0.1470587370242721,54.67424221457731,3.5796687398520746,1.1904196357878063,0.003562945368171,1.1939825811559777,0,ONGC,0
2022-10-11,126.3,126.5,123.4,124.25,13176461,-0.0162311955661124,-0.009565563969709,0.0124437879291835,20042694.5,123.3925,126.21,1,-0.6612901092612553,49.95598377786856,3.545406687005497,1.2265593561368209,-0.0056338028169014,1.2209255533199197,0,ONGC,0
2022-10-12,124.25,125.1,122.35,124.5,9401804,0.0020120724346075,-0.0189125295508274,0.0104419080211137,19536362.6,123.2725,126.232,1,0.0909090578512516,50.51680892936236,3.4885919236479617,1.2220883534136544,-0.0036144578313253,1.218473895582329,0,ONGC,0
2022-10-13,124.35,124.95,121.0,123.1,13320136,-0.0112449799196787,-0.0206841686555291,0.0107126521148834,19341674.4,123.115,126.151,0,-0.3164556160871856,47.31878560548299,3.521549643387393,1.2473598700243704,-0.0150284321689683,1.232331437855402,0,ONGC,0
2022-10-14,125.1,125.85,120.4,120.95,13205955,-0.0174654752233955,-0.0480125934671389,0.0080142429691024,18602493.8,122.88,125.94599999999998,0,-0.7614677501894036,42.834114311282335,3.6592960974311497,1.2873088052914423,0.0,1.2873088052914423,0,ONGC,0
2022-10-17,120.35,121.45,119.4,121.15,9320940,0.0016535758577924,-0.0407759303246239,0.009499805013471,16181538.4,122.7175,125.778,0,0.3902437120762441,43.37177243752689,3.544346376186067,1.2835328105654145,0.001650846058605,1.2851836566240196,0,ONGC,0
2022-10-18,121.7,122.35,120.95,121.95,6490293,0.0066033842344201,-0.0185110663983902,0.0101718068269326,11733918.4,122.63,125.646,0,0.1785713010205003,45.57672194753322,3.391178777887062,1.2685526855268552,0.00820008200082,1.276752767527675,0,ONGC,0
2022-10-19,121.95,121.95,120.75,121.15,7381712,-0.006560065600656,-0.0269076305220883,0.0096814172969167,11058332.9,122.375,125.486,0,-0.6666661111115701,43.74249157380712,3.2346660080379865,1.2835328105654145,0.001650846058605,1.2851836566240196,0,ONGC,0
2022-10-20,120.35,124.15,119.25,122.85,18748363,0.0140321914981427,-0.0020308692120227,0.0121523214927764,11476095.7,122.31499999999998,125.355,1,0.5102039775093917,48.48680027192254,3.3536184360352737,1.2519332519332518,0.0154660154660153,1.2673992673992671,1,ONGC,0
2022-10-21,122.6,126.4,122.0,124.7,11945173,0.015059015059015,0.0310045473336089,0.0089926130337738,11317389.4,122.455,125.261,1,0.4772726188016788,53.12006327123618,3.4283599763184687,1.218524458700882,-0.0020048115477145,1.2165196471531674,1,ONGC,0
2022-10-24,126.05,127.0,125.45,125.85,2154912,0.0092221331194866,0.0387948823772181,0.0086763553515536,10514574.9,122.655,125.242,1,-0.1290321748179538,55.78246594284855,3.347762835152864,1.1982518871672625,0.0,1.1982518871672625,0,ONGC,0
2022-10-25,125.5,125.95,123.1,123.9,10232002,-0.0154946364719903,0.015990159901599,0.0135920347336053,10220129.0,123.00000000000004,125.203,1,-0.5614033117883079,50.54100830777314,3.3122083469276595,1.2328490718321223,-0.0084745762711864,1.224374495560936,1,ONGC,0
2022-10-27,123.9,125.3,123.45,124.9,13865026,0.0080710250201776,0.0309533635988443,0.0124811278975138,10666451.2,123.3475,125.06300000000002,1,0.5405402483566242,52.98094383137408,3.2077648935756837,1.214971977582065,-0.0004003202562049,1.2145716573258605,1,ONGC,0
2022-10-28,125.2,128.5,124.9,126.7,22918037,0.0144115292233786,0.0313390313390313,0.012541811627263,11626241.3,123.875,124.944,1,0.4166665509259587,57.08488012285265,3.235781686891705,1.1835043409629045,0.0067087608524073,1.1902131018153117,1,ONGC,0
2022-10-31,127.4,128.1,125.85,127.05,8753855,0.0027624309392264,0.0188452285485163,0.0115499472881831,11181031.3,124.2275,124.838,1,-0.1555554864197876,57.85516484694597,3.165368709256584,1.1774891774891771,-0.0082644628099173,1.16922471467926,1,ONGC,0
2022-11-01,127.1,128.6,127.1,128.05,11630848,0.007870916961826,0.0174811283273739,0.0114061160848546,11412022.1,124.6225,124.83,1,0.633332911111404,60.06091205066844,3.0499852300239705,1.1604841858648962,-0.0003904724716906,1.1600937133932054,1,ONGC,0
2022-11-02,128.75,131.9,128.25,129.35,21117499,0.0101522842639592,0.0439870863599676,0.0042147853653983,12874742.7,124.8175,124.866,1,0.1643835166072539,62.7875511860174,3.107129142165115,1.1387707769617317,0.0096637031310398,1.1484344800927715,0,ONGC,0
2022-11-03,129.3,129.55,128.15,129.3,7561534,-0.0003865481252414,0.0352281825460367,0.0058765863634492,12892724.9,124.9375,124.952,1,0.0,62.610504395363705,2.9851913462961788,1.139597834493426,0.0092807424593968,1.1488785769528227,1,ONGC,0
2022-11-04,129.3,131.2,128.95,130.65,7498344,0.0104408352668212,0.0311760063141279,0.0047851742456466,11767723.0,125.18500000000002,125.03,1,0.5999997333334492,65.4437822248909,2.932677678703594,1.1174894756984306,-0.0141599693838499,1.1033295063145807,1,ONGC,0
2022-11-07,131.3,131.7,129.6,131.3,9987481,0.0049751243781095,0.0334513970877607,0.0044843475232027,11571953.8,125.3975,125.078,1,0.0,66.75023121634902,2.873200701653338,1.1070068545316067,-0.009139375476009,1.0978674790555976,0,ONGC,0
2022-11-09,131.65,131.7,129.8,131.4,12033732,0.0007616146230007,0.0261616556032799,0.0050732185232536,12559835.8,125.6525,125.117,1,-0.1315788781163815,66.95720453557156,2.8036863658209548,1.105403348554033,-0.0083713850837138,1.0970319634703194,1,ONGC,0
2022-11-10,130.3,133.5,130.2,132.55,15908521,0.0087519025875191,0.0247390800154621,0.0047596509510638,13127487.7,126.06750000000002,125.178,1,0.6818179752066718,69.32221091161551,2.839137339690887,1.0871369294605806,0.000377216144851,1.0875141456054316,0,ONGC,0
2022-11-11,133.25,133.9,131.9,133.1,18492513,0.0041493775933607,0.0293890177880895,0.0038418790514279,13590236.4,126.49750000000002,125.264,1,-0.0749999625000215,70.41291573803352,2.7791989582843954,1.0785123966942147,0.0045078888054094,1.0830202854996245,0,ONGC,0
2022-11-14,133.25,133.6,131.35,131.95,12743505,-0.0086401202103681,0.0099502487562188,0.0065917587411403,12572783.2,126.93999999999998,125.276,1,-0.5777775209877735,65.19366225124429,2.741399032692653,1.0966275104206138,-0.0041682455475559,1.092459264873058,1,ONGC,0
2022-11-15,132.7,135.85,132.7,134.9,24636519,0.0223569533914362,0.0274181264280273,0.0113902187362467,14161049.6,127.6375,125.421,1,0.6984124766944559,71.10954211033939,2.824156244643178,1.0507783543365454,0.0177909562638992,1.0685693106004446,0,ONGC,0
2022-11-16,135.35,135.8,133.8,135.45,11460200,0.0040770941438101,0.0308219178082189,0.0111409348732877,14143984.8,128.3525,125.61400000000002,1,0.0499999750000096,72.06292489972778,2.76528794145438,1.0424510889627168,0.0217792543373937,1.0642303433001106,0,ONGC,0
2022-11-17,134.5,136.25,134.3,135.7,13368536,0.0018456995201181,0.0237646171256127,0.011164097965702,13369088.5,129.04000000000002,125.8,1,0.615384299802921,72.5070408509538,2.707053088493352,1.0386882829771555,0.0235814296241708,1.0622697126013263,0,ONGC,0
2022-11-18,135.65,135.75,132.9,134.35,19958908,-0.0099484156226971,0.0093914350112698,0.0129875074974319,14608825.9,129.7,125.983,1,-0.4561401908280081,66.37120694306151,2.717263582172398,1.0591737997767026,0.0137700037216225,1.0729438034983252,0,ONGC,0
2022-11-21,128.9,129.25,127.4,128.35,16348881,-0.0446594715295869,-0.0272830617658202,0.0248730167392006,15493879.6,129.975,126.039,0,-0.2972971365961494,47.23802156489222,3.019601897731512,1.1554343591741332,0.0019477989871445,1.1573821581612778,0,ONGC,0
2022-11-22,127.9,128.8,125.95,128.1,11198874,-0.0019477989871444,-0.0504077094143811,0.0200282590037625,15615018.9,130.14499999999998,126.102,0,0.0701754139735347,46.63478043858288,3.007487476464976,1.1596409055425447,0.0,1.1596409055425447,1,ONGC,0
2022-11-23,128.45,129.5,127.5,129.4,9010911,0.0101483216237314,-0.0446659283868584,0.0212513525020165,15312736.8,130.3225,126.15,0,0.4749997625001272,50.19640365492064,2.935524085288906,1.1379443585780522,0.0100463678516229,1.1479907264296751,1,ONGC,0
2022-11-24,129.4,132.7,128.4,132.15,11803087,0.0212519319938175,-0.0261606484893145,0.0251262172828213,14902193.4,130.735,126.253,1,0.6395347349919246,56.76928925622174,3.0329866506254115,1.0934544078698447,-0.0026485054861898,1.0908059023836547,0,ONGC,0
2022-11-25,131.7,133.9,130.55,133.2,9789098,0.0079455164585697,-0.0085597320431708,0.0255219548502287,14031851.9,131.15,126.37900000000002,1,0.4477610603698335,58.99453704019536,3.0556304612950247,1.076951951951952,0.0052552552552551,1.082207207207207,1,ONGC,0
2022-11-28,132.2,133.8,131.75,132.3,8925344,-0.0067567567567565,0.0307752239968837,0.0109480038894729,13650035.8,131.43,126.5,1,0.0487804640095405,56.31860085583893,2.983799714059667,1.091080876795162,-0.0015117157974299,1.0895691609977325,1,ONGC,0
2022-11-29,132.75,133.7,132.2,132.9,13558920,0.0045351473922901,0.0374707259953162,0.0101037732935869,12542275.9,131.72250000000005,126.645,1,0.0999999333333815,57.69624268639426,2.877814020198262,1.0816403310759968,0.0030097817908202,1.084650112866817,1,ONGC,0
2022-11-30,132.3,134.4,132.3,133.7,17720938,0.0060195635816402,0.0332302936630601,0.0099936604311325,13168349.7,132.005,126.831,1,0.6666663492064913,59.52900878020964,2.8222558758983856,1.069184741959611,0.0089753178758413,1.0781600598354524,0,ONGC,0
2022-12-01,134.05,134.55,132.5,132.75,27727625,-0.007105459985041,0.0045402951191826,0.0072762118271149,14604258.6,132.175,127.012,1,-0.6341460321238888,56.40396547788011,2.7670947419056446,1.0839924670433143,0.0018832391713747,1.085875706214689,1,ONGC,0
2022-12-02,134.45,137.25,133.2,133.55,24518337,0.0060263653483993,0.0026276276276278,0.0068516908657801,15060201.5,132.3875,127.15800000000002,1,-0.222222167352545,58.38515810207856,2.8908736889123845,1.07150879820292,0.007862223886185,1.0793710220891048,1,ONGC,0
2022-12-05,134.1,136.4,133.25,136.2,18440387,0.0198427555222762,0.0294784580498863,0.0095580974769078,15269352.1,132.665,127.401,1,0.6666664550265192,64.19039348793436,2.909382711132929,1.0312041116005874,0.0271659324522759,1.0583700440528634,0,ONGC,0
2022-12-06,135.4,135.65,133.75,135.0,10977472,-0.0088105726872246,0.0158013544018058,0.011655211317702,15247211.9,132.85,127.663,1,-0.2105262049862102,60.101754280656046,2.8765696603377187,1.0492592592592591,0.0185185185185185,1.0677777777777775,0,ONGC,0
2022-12-07,133.45,134.35,132.8,133.3,9731670,-0.0125925925925924,-0.0029917726252802,0.0133729743346304,15319287.8,132.945,127.892,1,-0.0967741311134501,54.77856665527713,2.828243256027881,1.0753938484621153,0.0060015003750938,1.081395348837209,1,ONGC,0
2022-12-08,133.85,135.55,133.0,135.2,10150945,0.0142535633908476,0.0184557438794725,0.0141362264807896,15154073.6,133.0775,128.256,1,0.5294115570935024,59.1349494011412,2.808368737740176,1.0462278106508875,0.0199704142011833,1.066198224852071,0,ONGC,0
2022-12-09,135.05,135.5,132.95,133.35,9438307,-0.0136834319526626,-0.0014975664545116,0.0159698056900108,15118994.5,133.08999999999995,128.56400000000002,1,-0.6666664052288643,53.70950104043721,2.7899138279015925,1.0746156730408698,0.0063742032245968,1.0809898762654666,0,ONGC,0
2022-12-12,132.7,135.05,131.9,134.9,8946335,0.0116235470566179,-0.0095447870778265,0.0136449979427323,15121093.6,133.2375,128.939,1,0.6984124766944559,57.248552531317074,2.815634268765765,1.0507783543365454,0.0177909562638992,1.0685693106004446,0,ONGC,0
2022-12-13,135.6,137.1,135.1,136.8,12593054,0.0140845070422535,0.0133333333333334,0.0145343976611989,15024507.0,133.3325,129.275,1,0.5999997000001585,61.1677255282512,2.7716603924253524,1.0222953216374266,0.0314327485380117,1.0537280701754383,1,ONGC,0
2022-12-14,136.8,140.85,136.55,139.85,17692988,0.0222953216374268,0.0491372843210802,0.0136847068950266,15021712.0,133.5525,129.669,1,0.7093021606274034,66.47997926824985,2.8808275072521115,0.978190918841616,0.052556310332499,1.030747229174115,0,ONGC,0
2022-12-15,139.9,141.05,139.0,139.7,11426194,-0.0010725777618877,0.0332840236686391,0.0141233035733379,13391568.9,133.7525,129.954,1,-0.0975609280190672,66.00177035117886,2.821482685305533,0.9803149606299212,0.0515390121689333,1.0318539727988547,1,ONGC,0
2022-12-16,140.6,142.65,139.35,139.5,20540447,-0.0014316392269146,0.046119235095613,0.0102436184561704,12993779.9,134.01,130.20600000000002,1,-0.33333323232326,65.32702008762186,2.8556624934979955,0.9831541218637992,0.050179211469534,1.0333333333333332,0,ONGC,0
2022-12-19,139.4,139.8,137.45,138.15,10635055,-0.0096774193548386,0.0240919199406968,0.012992273303525,12213246.7,134.5,130.455,1,-0.5319146672703492,60.80807378383104,2.8195437439624262,1.0025334781035105,0.0408975750995295,1.04343105320304,0,ONGC,0
2022-12-20,137.85,138.55,135.6,138.2,6714207,0.0003619254433584,0.0102339181286548,0.0119594850660508,11786920.2,135.00500000000002,130.678,1,0.1186440275782931,60.91591015252391,2.828862047965111,1.001808972503618,0.041244573082489,1.043053545586107,0,ONGC,0
2022-12-21,138.85,139.15,135.25,136.0,10011408,-0.0159189580318378,-0.0275294958884518,0.0070090998587827,11814894.0,135.335,130.872,1,-0.7307690433925504,53.88983401236852,2.9053719016818893,1.034191176470588,0.025735294117647,1.0599264705882352,0,ONGC,0
2022-12-22,137.45,137.6,134.15,134.8,9123323,-0.0088235294117646,-0.0350751610594128,0.0066181245183371,11712131.8,135.4675,131.083,0,-0.768115719386744,50.47034187440034,2.9442739087046106,1.0522997032640946,0.0170623145400594,1.069362017804154,0,ONGC,0
2022-12-23,133.25,136.0,132.0,132.5,8007752,-0.0170623145400594,-0.050179211469534,0.0069555190043266,11569076.3,135.4325,131.243,0,-0.1874999531250117,44.625543245649375,3.0196829152257094,1.0879245283018866,0.0,1.0879245283018866,1,ONGC,0
2022-12-26,133.15,135.4,132.2,133.9,7150680,0.0105660377358491,-0.0307636626854868,0.0116564014828151,11389510.8,135.5125,131.459,0,0.2343749267578341,48.532605844280425,3.0325627069953027,1.0660941000746824,0.0104555638536221,1.0765496639283043,1,ONGC,0
2022-12-27,134.65,137.75,134.65,137.25,8765357,0.0250186706497386,-0.006874095513748,0.0183863236891264,11006741.1,135.73,131.785,1,0.8387094068679329,56.45074416062717,3.0909510850670663,1.0156648451730417,0.0346083788706739,1.0502732240437156,1,ONGC,0
2022-12-28,135.95,137.1,135.25,136.35,9534858,-0.0065573770491803,0.0025735294117645,0.0169379580264807,10190928.1,135.8625,132.089,1,0.2162160993426527,54.04510940356244,3.013026007562276,1.028969563623029,0.0282361569490281,1.057205720572057,0,ONGC,0
2022-12-29,135.3,138.35,135.05,137.1,36752195,0.0055005500550056,0.0170623145400592,0.0161318291861487,12723528.2,136.07999999999998,132.392,1,0.545454380165337,55.737870841467874,3.0335241498792547,1.0178701677607584,0.0335521517140772,1.0514223194748358,1,ONGC,0
2022-12-30,137.8,141.0,137.0,139.1,9644998,0.0145878920495987,0.0498113207547168,0.0116314770504137,11633983.3,136.35750000000002,132.751,1,0.324999918750016,59.972151876737065,3.102558139173593,0.9888569374550682,0.0474478792235801,1.0363048166786484,0,ONGC,0
2023-01-02,139.6,142.9,139.55,142.6,9631496,0.0251617541337167,0.0649738610903658,0.0135395605891704,11533627.4,136.6775,133.14600000000002,1,0.895522120739667,66.08641127070888,3.152375414946909,0.9400420757363251,0.0708274894810658,1.0108695652173911,0,ONGC,0
2023-01-03,141.85,142.7,140.25,141.7,14991139,-0.0063113604488078,0.032422586520947,0.013686646840018,12361320.6,137.0125,133.486,1,-0.0612244648063435,63.404402587821885,3.1022057424507,0.952364149611856,0.064925899788285,1.0172900494001411,0,ONGC,0
2023-01-04,141.05,141.05,137.45,138.6,13535874,-0.0218772053634438,0.0165016501650165,0.0182784166102667,12713767.2,137.27749999999995,133.741,1,-0.6805553665123986,55.10838668918472,3.1841910465613643,0.996031746031746,0.0440115440115439,1.04004329004329,0,ONGC,0
2023-01-05,138.2,139.35,136.6,138.85,16320559,0.0018037518037516,0.012764405543399,0.0182475726024228,13433490.8,137.45999999999998,134.04,1,0.2363635504132564,55.61278205137547,3.15317740037841,0.99243788260713,0.0457328051854518,1.0381706877925818,1,ONGC,0
2023-01-06,139.05,140.35,138.65,139.65,16804116,0.0057616132517106,0.0039539899352984,0.0172038460147394,14313127.2,137.775,134.335,1,0.3529409688582526,57.26740777439945,3.049379014637094,0.9810239885427852,0.0511994271392768,1.032223415682062,0,ONGC,0
2023-01-09,141.5,142.35,140.05,140.4,18660445,0.0053705692803436,-0.0154277699859747,0.0115888907370875,15464103.7,138.05,134.609,1,-0.4782606616258003,58.817338253113306,3.0244233707344432,0.9704415954415953,0.0562678062678063,1.0267094017094016,1,ONGC,0
2023-01-10,140.85,142.45,140.85,141.55,18490715,0.0081908831908832,-0.0010585744530696,0.0123580215630038,16436639.5,138.2875,134.899,1,0.4374997265626831,61.14450087316819,2.954821701396267,0.9544330625220768,0.0639350052984811,1.0183680678205578,0,ONGC,0
2023-01-11,141.7,142.15,138.6,139.15,12538238,-0.016955139526669,0.0039682539682539,0.0102026891868655,16736977.5,138.2525,135.12099999999998,1,-0.718309656814174,54.254121417047045,2.9973344370108204,0.9881422924901184,0.0477901545095221,1.0359324469996405,0,ONGC,0
2023-01-12,139.95,140.5,138.1,138.5,13270422,-0.0046712181099533,-0.0025207057976233,0.0104566458935883,14388800.2,138.19250000000002,135.304,1,-0.6041664149306543,52.52764571851014,2.954667691510048,0.9974729241877256,0.0433212996389891,1.0407942238267147,1,ONGC,0
2023-01-13,138.75,139.75,138.25,139.3,8854484,0.0057761732851986,-0.0025062656641603,0.0104588136987183,14309748.8,138.1825,135.504,1,0.3666664222223927,54.44891302823638,2.850762856402187,0.9860014357501792,0.0488155061019383,1.0348169418521176,1,ONGC,0
2023-01-16,139.95,140.05,138.35,139.85,9696320,0.0039483129935389,-0.0039173789173789,0.0102784564639678,14316231.2,138.26749999999998,135.68800000000002,1,-0.058823494809705,55.77411164634451,2.7685655095163177,0.978190918841616,0.052556310332499,1.030747229174115,1,ONGC,0
2023-01-17,140.55,141.2,139.0,140.1,18484595,0.0017876296031462,-0.010243730130696,0.0092329089492227,14665576.8,138.3625,135.864,1,-0.2045453615702989,56.39509446176414,2.7279536874080086,0.9746609564596715,0.0542469664525338,1.0289079229122051,1,ONGC,0
2023-01-18,140.5,141.9,140.45,141.45,12139643,0.0096359743040683,0.0165289256198346,0.0053038615567172,14525953.7,138.635,136.06499999999997,1,0.6551719619503555,59.68685434158736,2.66167128116458,0.9558147755390596,0.0632732414280663,1.019088016967126,0,ONGC,0
2023-01-19,140.3,144.15,140.3,143.8,18437610,0.0166136443973137,0.0382671480144405,0.0058271870168051,14737658.8,139.085,136.29,1,0.9090906729634628,64.68461566556354,2.7465519039385384,0.9238525730180804,0.0785813630041725,1.002433936022253,0,ONGC,0
2023-01-20,144.05,144.5,142.65,143.7,17512691,-0.0006954102920724,0.0315865039483127,0.0069339538057442,14808516.3,139.645,136.50199999999998,1,-0.1891890869248307,64.31920073840907,2.6825124822286424,0.9251913709116214,0.0779401530967292,1.0031315240083507,0,ONGC,0
2023-01-23,144.55,145.1,143.45,144.35,16742252,0.0045233124565067,0.0321773328566321,0.0068907036781211,14616697.0,140.1675,136.75,1,-0.121212047750284,65.67649782408697,2.6087615906408823,0.916522341531001,0.0820921371666089,0.99861447869761,0,ONGC,0
2023-01-24,144.35,145.2,143.7,144.2,8276792,-0.0010391409767925,0.0292648108493931,0.0074539158275426,13595304.7,140.515,136.93599999999998,1,-0.0999999333333815,65.06142505548183,2.5295643341665337,0.9185159500693482,0.081137309292649,0.9996532593619972,0,ONGC,0
2023-01-25,143.35,145.4,143.25,144.45,9827342,0.0017337031900139,0.0212089077412513,0.0072748823548073,13324215.1,140.92000000000002,137.116,1,0.5116276690103825,65.6390096735837,2.5024525960117816,0.9151955694011767,0.0827275874004845,0.9979231568016614,0,ONGC,0
2023-01-27,144.45,146.05,138.95,139.9,13052535,-0.0314987885081341,-0.0271210013908206,0.0147619337870742,13302426.4,141.06,137.2,0,-0.6408449801626744,49.57569088950558,2.830848839153799,0.9774839170836308,0.0528949249463903,1.0303788420300213,0,ONGC,0
2023-01-30,139.75,141.05,135.75,137.35,12688399,-0.0182273052180129,-0.0441892832289492,0.0154333884530895,13685817.9,140.9725,137.26,0,-0.4528301032396032,43.195608056754416,3.0072167792142426,1.014197306152166,0.0353112486348743,1.0495085547870402,0,ONGC,0
2023-01-31,137.6,140.15,136.7,137.35,19050398,0.0,-0.0484932455836508,0.0145574350179802,14621225.7,140.70999999999998,137.44,0,-0.072463747111957,43.195608056754416,3.0388441521275125,1.014197306152166,0.0353112486348743,1.0495085547870402,0,ONGC,0
2023-02-01,138.15,138.35,134.9,136.7,11526089,-0.0047324353840553,-0.052011095700416,0.0140874815948704,13925375.1,140.45999999999998,137.612,0,-0.420289733249359,41.61245317527244,3.0682124269755464,1.0237746891002195,0.0307242136064373,1.054498902706657,0,ONGC,0
2023-02-02,135.55,137.45,133.3,135.95,11886667,-0.0054864667154352,-0.0588438906195916,0.0128279488789854,13900077.5,140.3275,137.743,0,0.0963855189432434,39.79986955425991,3.145482967905863,1.0349393159249725,0.0253769768297167,1.0603162927546892,0,ONGC,0
2023-02-03,136.0,137.75,132.8,136.75,9250428,0.0058845163663112,-0.0225160829163688,0.0089100150160423,12981359.3,140.2225,137.835,0,0.1515151209060365,42.66854302741915,3.274377041626872,1.023034734917733,0.0310786106032906,1.0541133455210236,1,ONGC,0
2023-02-06,134.3,136.65,134.2,136.0,6436143,-0.0054844606946983,-0.0098289042591918,0.0049477811851895,11873704.5,140.04000000000002,137.891,0,0.6938772678051873,40.70996716892169,3.22263582436781,1.034191176470588,0.025735294117647,1.0599264705882352,1,ONGC,0
2023-02-07,136.35,137.4,134.75,137.1,8681511,0.0080882352941176,-0.0018201674554059,0.0067458255768783,11067630.4,139.875,137.987,0,0.2830187611249952,44.71801002426664,3.181733265484396,1.0178701677607584,0.0335521517140772,1.0514223194748358,1,ONGC,0
2023-02-08,137.75,138.25,135.65,136.35,10325869,-0.0054704595185995,-0.0025603511338697,0.0068726778714107,11272538.1,139.61499999999998,138.056,0,-0.5384613313610297,42.603316961844754,3.140180889378367,1.028969563623029,0.0282361569490281,1.057205720572057,1,ONGC,0
2023-02-09,137.1,138.75,135.7,138.55,8078404,0.0161349468280163,0.0191246781905114,0.0093142772868624,11097644.3,139.58499999999998,138.153,0,0.4754096801935513,50.06319496245917,3.133739397279913,0.9967520750631538,0.0436665463731505,1.0404186214363045,1,ONGC,0
2023-02-10,138.5,139.35,137.25,139.05,6396208,0.0036088054853844,0.016819012797075,0.0092441561545359,10432011.6,139.61249999999998,138.279,0,0.2619046371882741,51.60275825509448,3.059900868902776,0.9895720963682124,0.0471053577849695,1.036677454153182,1,ONGC,0
2023-02-13,139.7,141.05,138.95,140.4,6563018,0.0097087378640776,0.0323529411764706,0.0080197360141417,9819473.5,139.6675,138.416,1,0.3333331746032547,55.58438817725383,2.991336521124008,0.9704415954415953,0.0562678062678063,1.0267094017094016,0,ONGC,0
2023-02-14,140.9,141.4,139.35,140.7,6991500,0.0021367521367519,0.0262582056892779,0.0081497400446442,8613583.7,139.71,138.506,1,-0.0975609280190672,56.44197990067824,2.92409819818658,0.9662402274342572,0.058280028429282,1.0245202558635391,0,ONGC,0
2023-02-15,141.2,141.6,137.85,139.75,12631259,-0.0067519545131484,0.0249358269160249,0.0085789860045697,8724100.7,139.6925,138.601,1,-0.38666656355558,52.95507913823394,2.983091184030396,0.9796064400715562,0.0518783542039356,1.031484794275492,1,ONGC,0
2023-02-16,142.15,148.25,140.65,147.75,30949761,0.0572450805008943,0.0664020209310718,0.0253210605481253,10630410.1,140.0075,138.89,1,0.7368420083102618,69.84799475773683,3.3771560994567964,0.8724196277495768,0.1032148900169204,0.9756345177664972,0,ONGC,0
2023-02-17,147.4,150.5,146.3,148.4,19874561,0.004399323181049,0.0672419992808341,0.0252486483372793,11692823.4,140.23749999999998,139.154,1,0.2380951814059098,70.7664981520814,3.4359306637813103,0.8642183288409702,0.1071428571428571,0.9713611859838271,0,ONGC,0
2023-02-20,149.0,149.55,146.3,146.75,8348393,-0.0111185983827493,0.0452279202279202,0.0276069485062033,11884048.4,140.39,139.422,1,-0.6923074792900064,65.32637887463133,3.4226499020826453,0.8851788756388415,0.0971039182282793,0.9822827938671208,0,ONGC,0
2023-02-21,146.8,147.75,145.45,146.0,7599927,-0.0051107325383304,0.0376687988628288,0.0282520691733396,11775890.0,140.4725,139.644,1,-0.3478259357278572,62.95725114126685,3.342460623362457,0.89486301369863,0.0924657534246575,0.9873287671232877,0,ONGC,0
2023-02-22,146.15,146.4,143.75,145.6,9599697,-0.0027397260273972,0.041860465116279,0.0277910289393056,11703272.8,140.54250000000002,139.82,1,-0.2075470914916674,61.67262795218984,3.292999150265139,0.9000686813186812,0.0899725274725274,0.9900412087912088,0,ONGC,0
2023-02-23,145.7,148.0,145.25,146.55,18675946,0.0065247252747253,-0.0081218274111674,0.0071803650292455,12763027.0,140.64749999999998,139.954,1,0.309090796694264,63.57367828741267,3.254213496674772,0.887751620607301,0.0958717161378369,0.983623336745138,0,ONGC,0
2023-02-24,143.8,147.25,141.9,146.9,14648507,0.0023882633913339,-0.0101078167115903,0.0068062444831441,13588256.9,140.9975,140.09799999999998,1,0.579439144030066,64.27669448899316,3.4039125326265736,0.8832539142273653,0.0980258679373723,0.9812797821647378,0,ONGC,0
2023-02-27,145.9,147.85,145.0,147.15,11904749,0.0017018379850237,0.002725724020443,0.0045626043567675,14122430.0,141.4875,140.25099999999998,1,0.4385963373346193,64.79928100166282,3.364347351724675,0.8800543662928981,0.0995582738702005,0.9796126401630988,0,ONGC,0
2023-02-28,146.05,147.35,143.3,144.1,17607584,-0.0207271491675161,-0.013013698630137,0.0106683864223621,15184038.4,141.825,140.37,1,-0.4814813625972006,54.35273995100631,3.413322540887197,0.9198473282442748,0.0804996530187369,1.0003469812630117,1,ONGC,0
2023-03-01,144.05,147.0,143.9,146.7,7707977,0.0180430256766135,0.007554945054945,0.014086858877343,14691710.2,142.325,140.54,1,0.85483843392308,60.23756424640611,3.390942359395254,0.8858214042263122,0.0967961826857531,0.9826175869120654,0,ONGC,0
2023-03-02,146.4,146.95,144.65,145.95,8219892,-0.0051124744376278,-0.0040941658137155,0.0140281441597793,12418723.3,142.825,140.739,1,-0.1956520888469267,57.91800752021846,3.3130179051527344,0.8955121616992121,0.0921548475505309,0.9876670092497428,1,ONGC,0
2023-03-03,145.9,147.6,145.45,146.15,8260104,0.0013703323055842,-0.0051055139550715,0.0139786703848095,11257277.6,143.29500000000002,140.966,1,0.1162790156841784,58.37827583399307,3.2299451976418254,0.8929182346903863,0.0933971946630174,0.986315429353404,1,ONGC,0
2023-03-06,146.6,151.35,145.55,149.9,14491522,0.0256585699623674,0.018688413183826,0.0184903123294024,11871590.5,143.98999999999998,141.314,1,0.5689654191438969,65.90763292517723,3.4135205406674083,0.845563709139426,0.1160773849232822,0.9616410940627084,0,ONGC,0
2023-03-08,148.35,150.55,148.2,149.95,7339476,0.0003335557038024,0.0405968077723801,0.0131085290435269,11845545.4,144.6325,141.635,1,0.6808507741060446,65.99595957774277,3.337554787762595,0.8449483161053685,0.116372124041347,0.9613204401467156,0,ONGC,0
2023-03-09,150.75,150.8,147.85,148.1,5314022,-0.0123374458152717,0.0095432856169053,0.0143095210075634,11416977.9,145.22,141.852,1,-0.8983047802356644,59.820477075318784,3.309872302922411,0.8679945982444294,0.1053342336259283,0.9733288318703578,0,ONGC,0
2023-03-10,147.5,148.5,146.1,147.65,4689681,-0.0030384875084401,0.0116478245974649,0.0140806685166672,10018351.4,145.675,142.078,1,0.0624999739583464,58.3892391603132,3.2448814241422395,0.8736877751439213,0.1026075177785303,0.9762952929224517,0,ONGC,0
2023-03-13,148.0,149.75,147.1,147.65,8785721,0.0,0.0102634279849469,0.0141189388724378,9432072.8,146.10500000000002,142.289,1,-0.1320754218583289,58.3892391603132,3.202389893846365,0.8736877751439213,0.1026075177785303,0.9762952929224517,0,ONGC,0
2023-03-14,147.65,148.65,145.05,145.3,7177342,-0.0159160176092109,-0.0306871247498331,0.0074697959225048,8959332.1,146.35,142.413,0,-0.6527775964506671,50.99915096183977,3.230790615714482,0.9039917412250512,0.088093599449415,0.9920853406744664,0,ONGC,0
2023-03-15,145.9,146.35,143.85,144.55,9832270,-0.0051617343427391,-0.0360120040013336,0.0066263462690617,8181800.7,146.5425,142.452,0,-0.5399997840000841,48.87314172220875,3.1785912860205903,0.913870632998962,0.0833621584226911,0.9972327914216532,0,ONGC,0
2023-03-16,143.3,145.4,140.25,144.25,18551936,-0.00207540643376,-0.025995948683322,0.0062510473769811,9266196.6,146.76749999999998,142.503,0,0.1844659835988357,48.01098251602068,3.319406194161977,0.917850953206239,0.0814558058925476,0.9993067590987866,0,ONGC,0
2023-03-17,145.5,146.8,144.0,145.15,16593429,0.0062391681109186,-0.0169319336268202,0.0081544625074276,10103550.3,146.6375,142.634,0,-0.1249999553571562,50.81423722975527,3.2823057517218364,0.9059593523940748,0.0871512228728901,0.993110575266965,0,ONGC,0
2023-03-20,145.0,146.05,143.7,144.3,8749355,-0.0058560110230795,-0.022688791059939,0.0079654868310847,10152475.4,146.4325,142.74300000000002,0,-0.2978722136713907,48.17237532664112,3.215712483741707,0.9171864171864168,0.0817740817740818,0.9989604989604988,0,ONGC,0
2023-03-21,145.15,145.75,143.05,143.65,6148489,-0.0045045045045045,-0.0113558155540262,0.0049663469253891,9318172.1,146.2775,142.82299999999998,0,-0.5555553497943172,46.19452107775308,3.178875877760156,0.925861468847894,0.0776192133658197,1.0034806822137137,0,ONGC,0
2023-03-22,144.4,144.8,142.95,143.65,4329409,0.0,-0.0062262193012798,0.0047470518445287,9017165.4,146.16000000000005,142.888,0,-0.4054051862674619,46.19452107775308,3.0839561722058604,0.925861468847894,0.0776192133658197,1.0034806822137137,0,ONGC,0
2023-03-23,143.2,145.15,142.45,144.8,4484564,0.0080055690915419,0.0038128249566724,0.0062165574381117,8934219.6,146.12,142.953,0,0.5925923731139405,50.37521800773076,3.056530731334014,0.9105662983425412,0.0849447513812155,0.9955110497237568,0,ONGC,0
2023-03-24,144.7,145.2,141.05,141.6,8301726,-0.0220994475138123,-0.0244574578022735,0.0110391877660654,9295424.1,145.8725,143.002,0,-0.7469877718101782,40.861090662933776,3.1346356790958687,0.9537429378531072,0.0642655367231638,1.018008474576271,1,ONGC,0
2023-03-27,141.7,144.45,141.45,142.4,7437261,0.0056497175141243,-0.0131670131670131,0.0119493828137894,9160578.1,145.6475,143.08,0,0.2333332555555871,43.72269763313172,3.125018844874735,0.942766853932584,0.0695224719101123,1.0122893258426964,0,ONGC,0
2023-03-28,142.4,142.4,139.0,139.5,8964539,-0.0203651685393259,-0.0288896623738252,0.0144320703805548,9339297.8,145.265,143.084,0,-0.8529409256056103,36.775791954283214,3.144660355955111,0.9831541218637992,0.050179211469534,1.0333333333333332,0,ONGC,0
2023-03-29,139.55,142.95,138.85,141.55,24012834,0.0146953405017922,-0.0146188652975982,0.0171409320793212,10757354.2,145.1375,143.118,0,0.4878047590720106,43.59792354624071,3.2128989019583174,0.9544330625220768,0.0639350052984811,1.0183680678205578,1,ONGC,0
2023-03-31,142.25,145.0,142.2,143.15,7998472,0.0113034263511127,-0.0113950276243094,0.0177155843598841,9702007.8,144.96,143.179,0,0.3214284566326947,48.287989224162345,3.22983469467558,0.932588194201886,0.0743974851554314,1.0069856793573173,1,ONGC,0
2023-04-03,146.4,149.6,145.1,145.65,20016785,0.0174641983932937,0.0286016949152543,0.0152487227998464,10044343.4,144.945,143.263,1,-0.1666666296296378,54.635515676001546,3.459846502198752,0.8994164092001371,0.0902849296258153,0.9897013388259523,0,ONGC,0
2023-04-05,148.55,149.15,144.55,144.9,15880397,-0.0051493305870237,0.0175561797752807,0.0160120650852529,10757447.6,144.8825,143.285,1,-0.7934780883743308,52.55148537967592,3.541286037755984,0.9092477570738438,0.085576259489303,0.9948240165631468,0,ONGC,0
2023-04-06,145.2,145.45,142.55,142.7,10670936,-0.0151828847481022,0.0229390681003582,0.0141310649080126,11209692.3,144.5225,143.265,0,-0.8620686682521901,46.90017052276132,3.4954798922019834,0.9386825508058864,0.0714786264891379,1.0101611772950243,0,ONGC,0
2023-04-10,142.8,149.25,142.15,148.95,17431401,0.0437981779957954,0.0522783468738958,0.0227068939568724,12519891.5,144.4725,143.357,1,0.866197061099003,60.045517138079006,3.752945614187556,0.8573346760657938,0.1104397448808324,0.9677744209466264,0,ONGC,0
2023-04-11,148.9,150.95,148.2,150.75,13305621,0.0120845921450152,0.053091163115613,0.0227169472641129,13401997.2,144.605,143.488,1,0.6727270280992604,62.89452764759292,3.681306641745588,0.8351575456053066,0.12106135986733,0.9562189054726368,0,ONGC,0
2023-04-12,150.7,150.75,148.4,149.4,7333339,-0.0089552238805969,0.0257466529351184,0.0237701865115736,13305158.5,144.6925,143.58700000000002,1,-0.5531912539611625,59.469465028969445,3.5862133101923312,0.8517402945113787,0.1131191432396252,0.9648594377510038,1,ONGC,0
2023-04-13,149.85,152.1,149.75,150.45,11610851,0.007028112449799,0.0383022774327121,0.0230421491595036,13722517.5,144.8325,143.798,1,0.2553190402897682,61.23756540476812,3.522912359464307,0.8388168826852775,0.1193087404453306,0.958125623130608,0,ONGC,0
2023-04-17,150.8,152.05,149.75,151.8,9358885,0.008973080757727,0.0637701471618781,0.0192510979589888,13761952.1,145.1575,144.08700000000002,1,0.4347824196598153,63.44554016148017,3.4355614766454288,0.8224637681159418,0.1271409749670619,0.9496047430830036,0,ONGC,0
2023-04-18,151.8,152.15,151.05,151.75,8008560,-0.0003293807641634,0.0187982544478013,0.0084491945983206,12161524.7,145.51749999999998,144.375,1,-0.0454545041322795,63.301720094098,3.268735656885041,0.8230642504118615,0.1268533772652388,0.9499176276771004,0,ONGC,0
2023-04-19,150.0,152.05,149.8,151.75,11374283,0.0,0.0066334991708125,0.0070921181065115,12499105.8,145.89249999999998,144.67600000000002,1,0.777777432098919,63.301720094098,3.195968824250395,0.8230642504118615,0.1268533772652388,0.9499176276771004,0,ONGC,0
2023-04-20,151.25,151.75,150.2,150.8,5733670,-0.0062602965403623,0.0093708165997323,0.0061541656833867,11070794.3,146.175,144.973,1,-0.2903223933403819,60.29018470680627,3.078399622518225,0.8345490716180368,0.1213527851458886,0.9559018567639256,1,ONGC,0
2023-04-21,150.6,151.5,150.4,151.25,3512214,0.0029840848806366,0.0053173811897642,0.0055443385339874,9833976.0,146.5225,145.263,1,0.5909085537195049,61.231055587694335,2.937085363766923,0.829090909090909,0.1239669421487603,0.9530578512396692,0,ONGC,0
2023-04-24,151.25,152.35,150.95,151.9,7028440,0.004297520661157,0.0006587615283266,0.0040797517673224,9469726.4,146.935,145.58100000000002,1,0.4642853826533003,62.60916240431626,2.827293552069286,0.8212639894667543,0.1277156023699802,0.9489795918367344,0,ONGC,0
2023-04-25,151.85,153.35,151.65,152.25,10169778,0.0023041474654377,0.0032948929159801,0.0041731919013227,8743564.1,147.365,145.884,1,0.2352939792388406,63.36432841209007,2.746772584064336,0.8170771756978652,0.1297208538587849,0.94679802955665,0,ONGC,0
2023-04-26,151.65,153.15,151.4,152.7,9177783,0.0029556650246305,0.0062602965403624,0.0042637809812213,8330780.3,147.76,146.21099999999998,1,0.5999996571430434,64.36095495678447,2.675574542345455,0.8117223313686968,0.1322855271774721,0.9440078585461688,0,ONGC,0
2023-04-27,151.85,152.45,151.25,151.7,6456825,-0.0065487884741323,0.005968169761273,0.0043909795707768,8243128.9,148.265,146.47400000000002,1,-0.124999895833426,60.42698202897063,2.588033503606493,0.8236651285431773,0.126565589980224,0.9502307185234014,0,ONGC,0
2023-04-28,151.45,151.45,146.75,150.65,12656744,-0.0069215557020434,-0.0039669421487602,0.0054828361245007,8347718.2,148.67749999999998,146.70600000000002,1,-0.1702127297419691,56.52047446998136,2.7567453962060284,0.8363757052771322,0.1204779289744441,0.9568536342515764,0,ONGC,0
2023-05-02,151.15,156.15,151.0,155.7,16612560,0.0335214072353136,0.0250164581961815,0.0165861107098528,9073085.7,149.4875,147.012,1,0.8834949740786415,67.42729850254162,2.952692153619884,0.7768143866409762,0.149004495825305,0.9258188824662812,0,ONGC,0
2023-05-03,154.35,154.8,152.45,152.7,8029435,-0.0192678227360307,0.0029556650246305,0.0199478593647051,9075173.2,150.04500000000002,147.25199999999998,1,-0.7021273607968633,58.10280650545237,2.97392842836132,0.8117223313686968,0.1322855271774721,0.9440078585461688,0,ONGC,0
2023-05-04,152.4,152.75,150.85,152.55,9929482,-0.0009823182711197,-0.0009823182711197,0.0199166094166286,8930693.1,150.515,147.50799999999998,1,0.0789473268698307,57.67334990087758,2.89721925490694,0.8135037692559813,0.1314323172730253,0.9449360865290066,1,ONGC,0
2023-05-05,152.6,153.5,151.35,151.9,5488707,-0.0042608980662078,0.001318391562294,0.0197553109528626,8906196.8,150.8275,147.591,1,-0.3255812439156943,55.75036158626126,2.843846450985016,0.8212639894667543,0.1277156023699802,0.9489795918367344,1,ONGC,0
2023-05-08,151.9,156.7,151.65,156.35,9699470,0.0292955892034232,0.0378360438101559,0.0227970185023136,9524922.4,151.4,147.75,1,0.8811879443192197,64.48176705402463,3.001428847343228,0.7694275663575311,0.1525423728813559,0.921969939238887,0,ONGC,0
2023-05-09,156.35,157.8,155.8,156.6,7600834,0.0015989766549409,0.0057803468208093,0.0176281563470155,9582161.8,152.095,147.947,1,0.1249999375000312,64.90078870999162,2.92989821539014,0.7666028097062579,0.1538952745849297,0.9204980842911876,1,ONGC,0
2023-05-10,156.6,158.9,156.35,158.2,10901429,0.0102171136653894,0.0360183366077275,0.0134813626538218,9655326.9,152.5575,148.191,1,0.6274507343330403,67.540135615841,2.90276262857656,0.7487357774968394,0.1624525916561314,0.9111883691529707,0,ONGC,0
2023-05-11,157.4,159.85,157.4,158.3,7877677,0.0006321112515803,0.0376925598164537,0.0132546129004818,9525316.3,152.935,148.445,1,0.3673467888380494,67.70359804956036,2.8704224408210903,0.747631080227416,0.1629816803537587,0.9106127605811748,0,ONGC,0
2023-05-12,159.35,160.15,156.35,156.85,16373574,-0.0091598231206571,0.032587228439763,0.0144666566574844,10516991.2,153.3075,148.65099999999998,1,-0.6578945637119549,62.76776343630735,2.936820837905299,0.7637870576984379,0.1552438635639145,0.9190309212623524,0,ONGC,0
2023-05-15,156.85,157.9,155.8,156.95,8559162,0.0006375518010837,0.0038375439718578,0.0068660750953593,10107233.0,153.6325,148.852,1,0.0476190249433188,62.96827502281117,2.8770479209120627,0.7626632685568653,0.1557820962089837,0.9184453647658488,0,ONGC,0
2023-05-16,159.5,159.7,158.0,159.2,12249266,0.014335775724753,0.016602809706258,0.0092071027490251,9670903.6,154.0025,149.09300000000002,1,-0.1764704844291346,67.24285626596412,2.867973069418344,0.737751256281407,0.1677135678391959,0.9054648241206028,0,ONGC,0
2023-05-17,159.2,159.2,157.4,158.5,7360259,-0.004396984924623,0.0018963337547408,0.0087851716121202,9603986.0,154.34,149.381,1,-0.3888886728396236,64.73913082155394,2.791689278745604,0.7454258675078863,0.1640378548895899,0.9094637223974762,0,ONGC,0
2023-05-18,158.75,159.65,157.35,157.65,7433090,-0.0053627760252366,-0.0041061276058117,0.0091487916211942,9354346.8,154.635,149.6,1,-0.4782606616257944,61.73329287787285,2.7565686159780616,0.7548366634950838,0.1595306057722804,0.9143672692673642,0,ONGC,0
2023-05-19,157.5,158.0,155.45,156.25,5969632,-0.0088804313352363,-0.0038253108065029,0.0090855195547779,9402439.3,154.90749999999997,149.806,1,-0.4901958861976895,57.03606083363578,2.7418137148367725,0.7705599999999998,0.152,0.9225599999999998,0,ONGC,0
2023-05-22,155.55,157.7,155.55,156.95,7331865,0.0044799999999998,0.0,0.0093879391181667,9165678.8,155.1925,150.022,1,0.6511624878313973,58.72705727797155,2.6995413066341443,0.7626632685568653,0.1557820962089837,0.9184453647658488,0,ONGC,0
2023-05-23,156.95,158.3,155.85,156.35,10119254,-0.0038228735266008,-0.0179020100502512,0.0049234524123546,9417520.8,155.415,150.151,1,-0.2448978592253595,56.66824724841302,2.681716927588849,0.7694275663575311,0.1525423728813559,0.921969939238887,1,ONGC,0
2023-05-24,156.35,157.75,156.0,157.55,6107980,0.0076750879437161,-0.0059936908517349,0.0069682350137171,8938175.9,155.68,150.303,1,0.6857138938777847,59.71043030853828,2.6151657184753603,0.7559504919073308,0.1589971437638845,0.9149476356712152,0,ONGC,0
2023-05-25,157.55,158.65,156.6,157.35,8077606,-0.001269438273564,-0.0019029495718364,0.0065841570663074,8958168.8,155.9125,150.488,1,-0.0975609280190672,58.96736963675082,2.574796738584264,0.7581823959326341,0.157928185573562,0.9161105815061964,0,ONGC,0
2023-05-26,157.35,158.65,153.85,155.2,14873707,-0.0136638068001271,-0.00672,0.0082642014980265,8808182.1,156.0875,150.639,0,-0.447916573350714,51.5418444061669,2.733739828685389,0.7825386597938144,0.146262886597938,0.9288015463917524,0,ONGC,0
2023-05-29,151.65,151.9,148.3,150.7,43253971,-0.0289948453608247,-0.0398215992354252,0.0139760358876496,12277663.0,156.09,150.7,0,-0.2638888155864453,40.146614587111685,3.031329840922145,0.8357664233576643,0.1207697412076973,0.9565361645653616,0,ONGC,0
2023-05-30,151.35,153.25,149.05,150.55,16117505,-0.0009953550099534,-0.0370962583946273,0.0142427334677947,12664486.9,155.83249999999998,150.805,0,-0.1904761451247238,39.83050160103966,3.114806280856277,0.8375954832281631,0.1198937230156095,0.9574892062437728,0,ONGC,0
2023-05-31,150.7,151.05,142.2,146.8,83741017,-0.0249086682165393,-0.0682323072040621,0.0129917263243227,20302562.7,155.5375,150.85,0,-0.4406779163075764,32.86368524221922,3.5244629750808305,0.8845367847411442,0.0974114441416894,0.9819482288828336,0,ONGC,0
2023-06-01,146.6,147.8,145.2,145.65,13982606,-0.0078337874659401,-0.0743565300285985,0.0116502948079289,20957514.3,155.1925,150.878,0,-0.3653844748521174,31.0689655158598,3.4584299054322014,0.8994164092001371,0.0902849296258153,0.9897013388259523,1,ONGC,0
2023-06-02,146.9,146.9,145.4,146.6,9851058,0.0065224854102299,-0.0554123711340205,0.0152817532261529,21345656.9,154.9275,150.90699999999998,0,-0.1999998666667631,34.26272719104004,3.318542055044187,0.8871077762619372,0.0961800818553887,0.983287858117326,0,ONGC,0
2023-06-05,147.4,147.8,146.35,147.3,11850547,0.004774897680764,-0.0225613802256136,0.0127223092988295,21797525.1,154.475,150.96699999999998,0,-0.0689654696789817,36.593917600387975,3.185074765398175,0.878139850644942,0.1004752206381534,0.9786150712830954,0,ONGC,0
2023-06-06,147.4,147.75,145.2,145.65,8118800,-0.0112016293279022,-0.0325473264696114,0.012840049771405,21597479.7,153.92749999999998,151.007,0,-0.6862742406767652,33.57180051417062,3.139712282155449,0.8994164092001371,0.0902849296258153,0.9897013388259523,0,ONGC,0
2023-06-07,145.6,146.4,144.55,145.8,12180164,0.0010298661174048,-0.0068119891008174,0.0078142163906332,22204698.1,153.3075,151.05,0,0.108108049671334,34.104582573395675,3.0475899762872025,0.8974622770919064,0.0912208504801098,0.9886831275720164,1,ONGC,0
2023-06-08,146.4,148.45,146.1,147.9,13850599,0.0144032921810699,0.015447991761071,0.0093688978980724,22781997.4,152.7875,151.112,0,0.6382976007244268,41.213265835402666,3.0191906922666862,0.87052062204192,0.1041244083840433,0.9746450304259632,0,ONGC,0
2023-06-09,148.5,148.7,145.75,146.15,11764248,-0.0118323191345504,-0.003069577080491,0.0111265250614359,22471051.5,152.2525,151.203,0,-0.7966098994542725,37.57544336228144,3.0142484999619223,0.8929182346903863,0.0933971946630174,0.986315429353404,0,ONGC,0
2023-06-12,146.75,147.15,144.6,146.95,11017643,0.0054738282586381,-0.0023761031907673,0.0112144296331816,19247418.7,151.7525,151.29399999999998,0,0.0784313417916258,40.17514063846657,2.981087892821786,0.882613133718952,0.0983327662470227,0.9809458999659748,1,ONGC,0
2023-06-13,147.1,148.0,146.15,147.55,10073644,0.0040830214358626,0.01304497082046,0.0094937891619554,18643032.6,151.17000000000002,151.455,0,0.2432431117604901,42.12196615080266,2.900295900477372,0.874957641477465,0.1019993222636395,0.9769569637411044,1,ONGC,0
2023-06-14,147.9,150.1,147.7,149.6,9695952,0.0138935953913925,0.026063100137174,0.0106266365113949,11238526.1,150.725,151.616,0,0.708333038194561,48.31110065526613,2.875274764728988,0.8492647058823528,0.1143048128342245,0.9635695187165776,0,ONGC,0
2023-06-15,149.25,149.65,148.0,149.4,7426254,-0.0013368983957218,0.0101419878296145,0.0094909983426763,10582890.9,150.31250000000003,151.741,0,0.0909090358127087,47.77435101052431,2.7877551386769173,0.8517402945113787,0.1131191432396252,0.9648594377510038,0,ONGC,0
2023-06-16,149.95,150.35,148.15,148.8,11466647,-0.004016064257028,0.0181320561067397,0.0069296130502355,10744449.8,149.94,151.804,0,-0.5227270351240673,46.11892436438851,2.7457726287714226,0.8592069892473115,0.1095430107526882,0.9687499999999998,1,ONGC,0
2023-06-19,149.65,150.15,148.3,149.55,4718221,0.0050403225806452,0.0176930928887377,0.0069032739178262,10031217.2,149.57,151.89700000000002,0,-0.0540540248356593,48.52022471454505,2.6817888695734635,0.8498829822801736,0.1140086927449014,0.963891675025075,0,ONGC,0
2023-06-20,149.3,149.55,148.35,149.05,6059738,-0.0033433634236041,0.0101660454083361,0.0075261101418915,9825311.0,149.20499999999998,152.024,0,-0.2083331597223639,47.015877126031775,2.5759468074610745,0.8560885608856086,0.1110365649111037,0.9671251257967124,1,ONGC,0
2023-06-21,148.8,152.15,148.4,151.85,8284206,0.0187856424018784,0.0150401069518717,0.0095081302828336,9435715.2,148.92000000000002,152.082,1,0.8133331164444977,55.36229231696295,2.6598077497852834,0.8218636812644056,0.1274283832729667,0.9492920645373722,0,ONGC,0
2023-06-22,151.85,152.5,149.25,150.65,10629027,-0.0079025353967731,0.0083668005354753,0.0106465217704911,9113558.0,148.58499999999998,152.08,1,-0.3692306556213332,51.61000540733568,2.701964339086335,0.8363757052771322,0.1204779289744441,0.9568536342515764,0,ONGC,0
2023-06-23,150.7,150.7,147.3,148.7,8722650,-0.0129439097245271,-0.0006720430107528,0.0124443931087145,8809398.2,148.26000000000002,152.066,1,-0.5882351211073212,46.13763650846154,2.751824029151595,0.8604572965702757,0.108944182918628,0.9694014794889038,1,ONGC,0
2023-06-26,148.8,149.95,147.7,148.7,4273205,0.0,-0.0056837178201272,0.012126750407129,8134954.4,148.16,152.031,1,-0.0444444246913769,46.13763650846154,2.715979455640767,0.8604572965702757,0.108944182918628,0.9694014794889038,1,ONGC,0
2023-06-27,150.55,150.55,149.15,149.6,9730174,0.0060524546065905,0.0036900369003689,0.0124131057245193,8100607.4,148.1125,151.987,1,-0.6785709438779067,49.03050730481336,2.6541237802378563,0.8492647058823528,0.1143048128342245,0.9635695187165776,0,ONGC,0
2023-06-28,149.6,151.8,148.35,150.25,40243993,0.0043449197860963,-0.0105367138623641,0.0081189405643239,11155411.5,148.285,151.957,1,0.1884057424910898,51.0742971398704,2.71097208164944,0.8412645590682195,0.1181364392678868,0.9594009983361064,1,ONGC,0
2023-06-30,152.55,152.55,150.65,151.9,7840112,0.0109816971713809,0.0082973780285429,0.0090750015892729,11196797.3,148.5975,151.96,1,-0.3421050831025898,55.90760926729092,2.681616932960195,0.8212639894667543,0.1277156023699802,0.9489795918367344,1,ONGC,0
2023-07-03,151.9,154.7,151.65,154.35,9548822,0.0161290322580645,0.0379959650302623,0.0062225862507417,11005014.8,148.985,152.031,1,0.8032784251546154,61.92268271888141,2.707930009177322,0.7923550372529964,0.1415613864593456,0.933916423712342,0,ONGC,0
2023-07-04,154.0,154.35,151.65,152.75,5394282,-0.0103660511823776,0.0272360457296572,0.0099545303991936,11072620.9,149.2575,152.061,1,-0.4629627914952643,56.50170727364161,2.7073635799503704,0.8111292962356791,0.132569558101473,0.943698854337152,1,ONGC,0
2023-07-05,153.55,155.8,152.9,154.25,8795342,0.0098199672667758,0.0310828877005346,0.0101541643073566,11346181.3,149.6875,152.108,1,0.2413792271106069,60.03413177669958,2.7318376099539163,0.7935170178282008,0.1410048622366288,0.9345218800648296,1,ONGC,0
2023-07-06,154.25,157.15,154.05,156.75,9845699,0.0162074554294975,0.0432612312811979,0.0109706565010884,11502330.6,150.235,152.198,1,0.8064513527576296,65.1184209839809,2.7581349235286363,0.7649122807017542,0.1547049441786284,0.9196172248803828,0,ONGC,0
2023-07-07,156.85,157.35,154.25,154.95,7597171,-0.0114832535885168,0.0200789993416721,0.0139293136099796,11199145.0,150.5875,152.24300000000002,1,-0.6129030280958003,59.27178346401433,2.7825538575623048,0.7854146498870603,0.1448854469183607,0.930300096805421,0,ONGC,0
2023-07-10,155.35,156.75,154.0,154.2,5437687,-0.004840271055179,-0.0009718172983479,0.0124676985972522,10870648.7,150.98999999999998,152.293,1,-0.4181816661157598,56.97632121590441,2.78022858202214,0.7940985732814526,0.1407263294422827,0.9348249027237352,1,ONGC,0
2023-07-11,154.7,156.45,154.35,155.95,6343183,0.0113488975356679,0.0209492635024548,0.0117745503135415,11077646.5,151.44,152.399,1,0.5952378117915198,60.79189199328192,2.742355111877701,0.7739660147483167,0.1503687079192048,0.9243347226675216,1,ONGC,0
2023-07-12,157.3,160.15,156.6,158.9,15614026,0.0189163193331196,0.0301458670988654,0.0134425196660906,11666031.7,152.0075,152.46300000000002,1,0.4507040983932087,66.22896315101627,2.8464726038864376,0.7410320956576462,0.1661422278162366,0.9071743234738828,1,ONGC,0
2023-07-13,159.85,160.45,158.45,159.0,11350009,0.0006293266205159,0.0143540669856458,0.0122459287439633,8776633.3,152.4775,152.58900000000003,1,-0.4249997875001033,66.39906271112417,2.7860102750374063,0.7399371069182389,0.1666666666666666,0.9066037735849056,1,ONGC,0
2023-07-14,160.15,160.85,159.4,160.4,9448062,0.0088050314465408,0.0351726363343014,0.0092863239987117,8937428.3,153.02749999999995,152.746,1,0.1724136741974674,68.77062637897035,2.71915239824902,0.7247506234413963,0.1739401496259351,0.8986907730673315,0,ONGC,0
2023-07-17,159.0,159.6,157.45,157.7,4968847,-0.0168329177057358,0.0226977950713358,0.0136319437266822,8479430.8,153.4725,152.862,1,-0.6046508815577332,59.97840312967908,2.735641512659805,0.75428027901078,0.1597970830691185,0.9140773620798984,0,ONGC,0
2023-07-18,157.7,159.35,157.35,158.15,4322257,0.0028535193405201,0.0141070856043605,0.0130951778030796,8372228.3,153.90249999999995,152.89800000000002,1,0.2249998875000647,60.87618404123611,2.6830956903269616,0.7492886500158076,0.1621877963958267,0.9114764464116344,0,ONGC,0
2023-07-19,158.45,159.15,157.4,158.0,5968174,-0.0009484666455896,-0.0056639395846445,0.0095430365601606,8089511.5,154.35,152.92600000000002,1,-0.2571427102041591,60.38988480883987,2.61644599816075,0.7509493670886075,0.1613924050632911,0.9123417721518986,0,ONGC,0
2023-07-20,158.25,159.3,157.35,158.45,5217131,0.0028481012658228,-0.0034591194968554,0.0096938739078123,7626654.7,154.68,152.931,1,0.1025640499671471,61.38644131653586,2.568842712577841,0.7459766487851057,0.1637740612180498,0.9097507100031554,1,ONGC,0
2023-07-21,158.6,162.1,157.8,161.65,7842863,0.0201956453139793,0.0077930174563591,0.0131832426192556,7651223.9,155.23000000000002,152.998,1,0.7093021606274099,67.62431935822842,2.692496804536565,0.7114135477884316,0.180327868852459,0.8917414166408907,0,ONGC,0
2023-07-24,162.65,163.25,161.35,162.1,8451631,0.0027837921435198,0.0279010779961954,0.0083508697962687,7952618.3,155.9,153.103,1,-0.289473531856041,68.39747347753261,2.635889889926811,0.7066625539790252,0.1826033312769895,0.8892658852560147,1,ONGC,0
2023-07-25,163.0,164.25,162.3,163.95,10480578,0.0114127082048118,0.0366740436294656,0.0085360427526085,8366357.8,156.6625,153.243,1,0.4871792373439779,71.4192647443354,2.601183469217754,0.6874046965538274,0.1918267764562366,0.879231473010064,0,ONGC,0
2023-07-26,164.75,165.2,163.0,163.9,9103949,-0.0003049710277522,0.0373417721518987,0.0083848861634378,7715350.1,157.3775,153.337,1,-0.3863634607438809,71.22105089570128,2.5725275071307707,0.6879194630872482,0.1915802318486882,0.8794996949359364,0,ONGC,0
2023-07-27,164.35,164.55,161.8,162.1,7731146,-0.0109823062843197,0.0230356579362576,0.011830052485815,7353463.8,157.97,153.409,1,-0.8181815206612651,64.30223360239805,2.5852041137642874,0.7066625539790252,0.1826033312769895,0.8892658852560147,0,ONGC,0
2023-07-28,161.8,165.8,160.05,162.8,9004252,0.0043183220234424,0.0071141354778843,0.0081685967200159,7309082.8,158.515,153.512,1,0.1739130132325194,65.69781597551423,2.811260962781124,0.6993243243243241,0.1861179361179361,0.8854422604422603,0,ONGC,0
2023-07-31,163.8,168.2,162.4,167.8,9277749,0.0307125307125306,0.0351634793337447,0.0155376040573212,7739973.0,159.1875,153.74300000000002,1,0.6896550535077514,73.62843353772908,3.024742322582471,0.6486889153754467,0.2103694874851013,0.8590584028605481,0,ONGC,0
2023-08-01,166.15,167.75,165.2,167.45,5584773,-0.0020858164481526,0.0213479719426654,0.0157571446652123,7866224.6,159.9225,153.953,1,0.5098037216455904,72.36715941884552,2.9944035852551534,0.6521349656613914,0.208719020603165,0.8608539862645566,0,ONGC,0
2023-08-02,167.75,169.3,164.9,166.75,8975495,-0.0041803523439831,0.0173886516168395,0.0161330552292411,8166956.7,160.5475,154.161,1,-0.2272726756198461,69.79211364501758,3.0948033291655,0.6590704647676161,0.2053973013493253,0.8644677661169414,0,ONGC,0
2023-08-03,166.1,166.6,162.5,163.1,6152393,-0.0218890554722639,0.0061690314620603,0.0190618029048509,8260482.9,160.865,154.272,1,-0.731707138608016,58.16917735446315,3.17731737708225,0.6961986511342734,0.1876149601471489,0.8838136112814223,1,ONGC,0
2023-08-04,164.25,165.35,163.1,164.25,4605271,0.0070508890251379,0.0089066339066339,0.0192059093784017,7936723.7,161.32999999999998,154.41,1,0.0,60.40647289583397,3.111080421576375,0.6843226788432266,0.1933028919330289,0.8776255707762556,0,ONGC,0
2023-08-07,165.2,165.4,163.1,163.9,2240015,-0.0021308980213089,-0.0232419547079857,0.0105739925634842,7315562.1,161.815,154.584,1,-0.5652171455577526,59.365790768384365,3.053146105749492,0.6879194630872482,0.1915802318486882,0.8794996949359364,1,ONGC,0
2023-08-08,163.9,164.7,163.6,164.25,3631238,0.0021354484441733,-0.0191101821439234,0.0109899476687303,6630628.1,162.23000000000002,154.855,1,0.3181815289258793,60.10595379600752,2.913635669624528,0.6843226788432266,0.1933028919330289,0.8776255707762556,1,ONGC,0
2023-08-09,164.25,168.0,164.2,167.65,4852294,0.0207001522070016,0.0053973013493253,0.0154883803541877,6205462.6,162.66750000000002,155.197,1,0.8947366066482602,66.4913526263021,2.976947407508491,0.650164032209961,0.2096629883686251,0.8598270205785862,0,ONGC,0
2023-08-10,168.75,170.35,167.65,169.3,10430692,0.0098419325976737,0.0380134886572656,0.0086813172264322,6475417.2,163.1825,155.64700000000002,1,0.2037036282579205,69.07800000619892,2.9571654498293123,0.6340815121086826,0.2173656231541642,0.8514471352628469,0,ONGC,0
2023-08-11,169.55,170.3,167.45,167.95,4112277,-0.0079740106320143,0.0225266362252662,0.0111371110977948,5986219.7,163.56,156.093,1,-0.5614033117883152,64.67877073855813,2.949510774841506,0.6472164334623399,0.2110747246204227,0.8582911580827627,1,ONGC,0
2023-08-14,170.55,171.0,168.1,168.7,12876956,0.0044656147662995,0.0292861500915191,0.0105270950928205,6346140.4,164.11,156.535,1,-0.6379308145066223,65.97518785195095,2.956688576638542,0.6398933017190278,0.2145820983995257,0.8544754001185536,0,ONGC,0
2023-08-16,167.1,170.1,166.6,169.7,8371665,0.0059276822762299,0.0331811263318111,0.0103287646664723,6624829.6,164.6875,156.983,1,0.7428569306123038,67.67861039333783,2.995496535450075,0.6302298173246906,0.2192103712433706,0.8494401885680612,0,ONGC,0
2023-08-17,169.35,169.75,167.85,168.45,5199363,-0.0073659398939304,0.0047718461079628,0.0081392864279562,6247216.4,165.21,157.439,1,-0.4736839612189694,63.40546156880822,2.9172467829179274,0.6423271000296824,0.213416444048679,0.8557435440783615,0,ONGC,0
2023-08-18,168.35,168.35,165.05,166.15,6734650,-0.0136539032353812,-0.018606024808033,0.0085169533872259,6305442.1,165.59499999999997,157.846,1,-0.6666664646465258,56.35479804108883,2.951729155566645,0.6650616912428526,0.2025278362925067,0.8675895275353595,0,ONGC,0
2023-08-21,166.15,167.1,165.2,166.85,3599820,0.0042130604875112,-0.0065495683239058,0.0087362548562884,6204897.0,165.85500000000002,158.225,1,0.3684208587258568,57.88958373771345,2.876605644454742,0.6580761162721006,0.2058735391069823,0.8639496553790829,0,ONGC,0
2023-08-22,166.85,168.6,166.4,166.95,5348036,0.0005993407252022,-0.0103734439834024,0.0082582982141245,6515699.1,166.0975,158.641,1,0.0454545247933954,58.11617554833173,2.828276669850831,0.6570829589697514,0.2063492063492062,0.8634321653189577,0,ONGC,0
2023-08-23,167.75,167.95,165.85,166.3,6379611,-0.0038933812518716,-0.0200353565114906,0.0069488313985315,6790536.4,166.215,159.02800000000002,1,-0.6904758616781576,56.006614787731344,2.7762569077186283,0.6635598316295849,0.2032471437161756,0.8668069753457605,0,ONGC,0
2023-08-24,166.3,167.45,163.8,164.05,7976333,-0.0135297654840649,-0.0261205105372512,0.0081361043854095,7102940.3,166.2225,159.358,0,-0.6164381872772128,49.33130451716316,2.838667128595868,0.6863761048460832,0.1923194148125572,0.8786955196586405,1,ONGC,0
2023-08-25,164.05,166.1,163.85,165.55,4757915,0.0091435537945747,-0.003611194703581,0.0086244181238529,6535662.6,166.395,159.677,0,0.666666370370502,53.3252959630097,2.796619476553306,0.6710963455149499,0.199637571730595,0.8707339172455449,1,ONGC,0
2023-08-28,165.95,166.6,165.45,166.05,4354221,0.003020235578375,-0.0047947258016181,0.0084698794097287,6559857.0,166.55749999999998,160.01,0,0.0869564461248488,54.60967764506385,2.6790037996566416,0.6660644384221618,0.2020475760313159,0.8681120144534776,0,ONGC,0
2023-08-29,166.4,166.9,165.8,166.5,4596468,0.0027100271002709,-0.0026954177897573,0.0086166089689608,5731808.2,166.4925,160.364,1,0.0909090082645332,55.78883478279197,2.566217813966881,0.6615615615615614,0.2042042042042042,0.8657657657657656,0,ONGC,0
2023-08-30,166.5,167.65,165.85,166.55,5937955,0.0003003003003003,0.0015033072760071,0.008406464802741,5488437.2,166.4475,160.704,1,0.0277777623456937,55.925839223052094,2.511487970112104,0.6610627439207443,0.204443110177124,0.8655058540978683,0,ONGC,0
2023-08-31,166.6,166.8,164.0,165.05,15823452,-0.0090063044130891,0.0060957025297165,0.0065891191258061,6550846.1,166.3625,161.024,0,-0.5535712308674092,50.83625645335504,2.5320959722469545,0.6761587397758253,0.1972129657679491,0.8733717055437744,1,ONGC,0
2023-09-01,165.3,175.1,165.3,172.25,22460960,0.0436231445016661,0.0404711567502265,0.0204340783390833,8123477.1,166.82,161.43200000000002,1,0.7091836011037143,66.56507114463543,3.0690891170864565,0.6060957910014513,0.2307692307692307,0.836865021770682,0,ONGC,0
2023-09-04,174.25,174.8,172.25,173.4,10998180,0.006676342525399,0.0442637759710931,0.0202702986666678,8863313.1,167.2775,161.887,1,-0.3333332026144266,68.30903143224917,3.032011323008853,0.5954440599769317,0.2358708189158016,0.8313148788927334,1,ONGC,0
2023-09-05,173.9,176.3,172.85,173.55,13506519,0.0008650519031141,0.0423423423423423,0.0204264464861638,9679161.4,167.76,162.384,1,-0.1014492459567381,68.53953593548108,3.061867657079651,0.5940651109190432,0.2365312590031691,0.8305963699222124,0,ONGC,0
2023-09-06,175.25,176.95,172.8,173.5,11954407,-0.0002881014116969,0.041729210447313,0.0204870417146837,10236641.0,168.2225,162.88,1,-0.4216866453767142,68.36104505839242,3.1395913958596746,0.5945244956772333,0.2363112391930835,0.8308357348703169,0,ONGC,0
2023-09-07,175.3,175.5,171.55,172.25,11137801,-0.0072046109510086,0.0436231445016661,0.0201174323333998,10552787.8,168.4525,163.333,1,-0.7721517032527384,63.88207103725375,3.19747772472684,0.6060957910014513,0.2307692307692307,0.836865021770682,1,ONGC,0
2023-09-08,172.95,175.25,172.45,174.8,9737214,0.0148040638606676,0.0148040638606676,0.0082515268309839,11050717.7,168.72750000000002,163.82399999999998,1,0.6607140497449876,68.42675712963674,3.183372172960637,0.5826659038901599,0.2419908466819222,0.8246567505720822,0,ONGC,0
2023-09-11,175.75,176.25,172.75,173.8,10845871,-0.005720823798627,0.0023068050749712,0.0087094760701027,11699882.7,169.02,164.262,1,-0.5571426979592259,64.97400658193808,3.205988446320592,0.5917721518987339,0.2376294591484465,0.8294016110471805,0,ONGC,0
2023-09-12,175.2,175.25,170.75,171.45,15524470,-0.0135212888377446,-0.0121002592912706,0.010703202706081,12792682.9,169.1575,164.60399999999998,1,-0.8333331481481893,57.61637976190868,3.298417843011978,0.6135899679206765,0.2271799358413531,0.8407699037620296,1,ONGC,0
2023-09-13,172.35,175.05,171.45,174.3,10578786,0.0166229221347333,0.0046109510086456,0.013765725008891,13256766.0,169.3875,165.035,1,0.5416665162037468,63.0771620664024,3.3199594256539813,0.5872059667240388,0.2398164084911073,0.8270223752151461,0,ONGC,0
2023-09-14,175.1,179.0,174.55,178.1,17746404,0.0218014916810096,0.0339622641509433,0.0154541690301271,13449061.2,169.87,165.512,1,0.6741571518747991,68.84158224476771,3.4185337523929817,0.5533408197641774,0.2560359348680516,0.809376754632229,0,ONGC,0
2023-09-15,181.7,181.7,175.9,176.9,19924829,-0.0067377877596854,0.0120137299771165,0.0156652821362018,13195448.1,170.4075,165.915,1,-0.8275860642092987,65.370805150747,3.5886384843649104,0.5638778971170151,0.2509892594686264,0.8148671565856415,0,ONGC,0
2023-09-18,176.1,177.7,175.4,176.95,5022956,0.0002826455624644,0.0181242807825086,0.0150985420680345,12597925.7,170.9125,166.355,1,0.3695650567108451,65.44896978894809,3.496592878338844,0.5634359988697372,0.2512009042102288,0.8146369030799661,0,ONGC,0
2023-09-20,176.7,179.6,176.45,178.4,12687099,0.0081944051992088,0.0405365995917177,0.0116364550195504,12515983.7,171.485,166.83900000000003,1,0.5396823683548081,67.72421115398993,3.471836244171784,0.5507286995515693,0.2572869955156951,0.8080156950672645,0,ONGC,0
2023-09-21,178.5,178.55,176.35,176.9,7814108,-0.0084080717488789,0.0149168100975329,0.0123776718375456,12101953.8,172.015,167.25799999999998,1,-0.7272723966943568,63.09537369755356,3.380990798159515,0.5638778971170151,0.2509892594686264,0.8148671565856415,0,ONGC,0
2023-09-22,176.85,177.9,175.3,175.4,7814821,-0.0084793668739401,-0.0151600224592924,0.0072340831686992,11769655.8,172.5825,167.58800000000002,1,-0.5576920931953456,58.76958517374555,3.3252057411481206,0.5772519954389964,0.2445838084378563,0.8218358038768527,1,ONGC,0
2023-09-25,176.3,176.9,175.55,175.8,5540062,0.0022805017103764,-0.0062182023742226,0.0072025878232535,11349940.6,173.095,167.924,1,-0.3703700960221526,59.56569173028531,3.1948339024946835,0.5736632536973831,0.2463026166097839,0.819965870307167,0,ONGC,0
2023-09-26,176.3,178.35,175.55,177.95,12446655,0.0122298065984072,0.0056513139304887,0.0094570652127593,11510019.0,173.69,168.275,1,0.5892855038266012,63.63061713329612,3.166631480887919,0.5546501826355718,0.2554088227030064,0.8100590053385782,0,ONGC,0
2023-09-27,179.4,179.4,176.55,177.45,5630907,-0.0028097780275357,-0.0053251121076234,0.0086584963985944,10520662.7,174.2375,168.67,1,-0.6842102862420122,62.06788080716108,3.144014946538781,0.5590307128768667,0.2533107917723302,0.8123415046491969,1,ONGC,0
2023-09-28,179.0,179.6,176.75,177.65,14890642,0.0011270780501551,0.00423968343697,0.00761663043624,10951848.3,174.7925,169.06,1,-0.4736840443213869,62.4649817138474,3.123013878928868,0.5572755417956654,0.2541514213340839,0.8114269631297494,1,ONGC,0
2023-09-29,178.6,182.2,178.35,181.8,10085766,0.0233605403884042,0.0364880273660206,0.010579844524679,10185784.5,175.63,169.53600000000003,1,0.8311686152808848,69.5810588784208,3.224941459005376,0.5217271727172715,0.2711771177117712,0.7929042904290428,0,ONGC,0
2023-10-03,179.4,179.4,174.05,174.95,22118500,-0.0376787678767878,-0.004835039817975,0.0230287507930928,10405151.6,175.765,169.866,0,-0.8317755454625189,52.04263830796905,3.548159926219278,0.5813089454129751,0.242640754501286,0.8239496999142611,0,ONGC,0
2023-10-04,174.8,174.95,172.55,173.2,9360058,-0.010002857959417,-0.0266928912615903,0.0220192378927767,10838861.8,175.755,170.097,0,-0.6666663888890204,48.667652102097705,3.4661485029178998,0.5972863741339491,0.2349884526558891,0.8322748267898382,0,ONGC,0
2023-10-05,171.8,174.35,171.55,172.65,11128340,-0.0031755196304849,-0.0270498732037192,0.0220099148227831,10682985.9,175.71,170.308,0,0.3035713201530997,47.62237114940067,3.418566466995191,0.6023747465971617,0.2325514045757312,0.8349261511728929,0,ONGC,0
2023-10-06,173.9,173.9,171.15,172.0,5759904,-0.0037648421662322,-0.03180410920349,0.0217615711059845,10477565.5,175.63500000000002,170.46899999999997,0,-0.6909088396695149,46.35522506376648,3.370811719352677,0.6084302325581394,0.2296511627906976,0.8380813953488371,1,ONGC,0
2023-10-09,173.35,175.05,171.8,172.2,14622727,0.0011627906976743,-0.0528052805280528,0.0156027210154482,11158356.1,175.6325,170.635,0,-0.3538460449704494,46.82407305799757,3.3621823108274858,0.6065621370499419,0.2305458768873402,0.8371080139372822,1,ONGC,0
2023-10-10,172.75,174.85,172.5,173.9,11819690,0.0098722415795586,-0.00600171477565,0.0073509698164783,11786318.9,175.5875,170.87099999999998,0,0.4893614938887295,50.76318393271657,3.31131214576838,0.5908568142610694,0.2380678550891317,0.8289246693502011,1,ONGC,0
2023-10-11,174.75,175.05,173.2,173.65,8499601,-0.0014376078205865,0.0025981524249423,0.0055616076210492,11391613.5,175.58,171.088,0,-0.5945942731922744,50.17455388666839,3.206932706784926,0.5931471350417504,0.2369709185142528,0.8301180535560033,1,ONGC,0
2023-10-12,173.65,175.2,173.45,174.8,8677885,0.0066225165562914,0.012452939472922,0.005654330572144,11696311.3,175.7475,171.22800000000004,0,0.6571424816328709,52.8811931195923,3.102866084871717,0.5826659038901599,0.2419908466819222,0.8246567505720822,0,ONGC,0
2023-10-13,174.85,176.5,174.4,175.25,7435899,0.0025743707093821,0.0188953488372092,0.0044922108065547,10950837.0,175.79500000000002,171.384,0,0.190476099773289,53.93568478859397,3.031232793095165,0.5786019971469328,0.2439372325249643,0.8225392296718972,1,ONGC,0
2023-10-16,178.15,178.4,176.5,176.8,12376549,0.0088445078459344,0.0267131242741001,0.0046915423429905,11179915.3,175.73,171.585,1,-0.7105259418284465,57.466566573457776,3.0397161650169395,0.5647624434389138,0.2505656108597285,0.8153280542986423,0,ONGC,0
2023-10-17,177.2,177.25,175.85,176.5,4381065,-0.0016968325791856,0.0149511213341,0.0047226297339492,9406171.8,175.71,171.85299999999998,1,-0.4999996428573878,56.56286672317483,2.9225935818014444,0.5674220963172804,0.2492917847025495,0.8167138810198299,0,ONGC,0
2023-10-18,178.2,178.25,176.35,177.15,10181113,0.0036827195467421,0.0201554851713217,0.0040290720920123,9488277.3,175.72,172.111,1,-0.5526312880887851,58.10030130397397,2.8495511831013416,0.5616709003669205,0.2520462884561106,0.8137171888230311,0,ONGC,0
2023-10-19,176.3,176.9,175.35,176.55,9148124,-0.0033869602032176,0.0100114416475971,0.0048139012864188,9290255.7,175.6275,172.364,1,0.1612902185224385,56.125522469551456,2.7745832414512464,0.5669781931464172,0.2495043896913056,0.8164825828377228,0,ONGC,0
2023-10-20,177.2,177.5,175.45,176.45,7912216,-0.0005664117813651,0.0068473609129813,0.0049244445429135,9505486.9,175.60500000000002,172.608,1,-0.365853480071471,55.785198533688586,2.722827295633301,0.5678662510626239,0.249079059223576,0.8169453102862,0,ONGC,0
2023-10-23,176.25,176.25,174.55,175.2,4723090,-0.0070841598186455,-0.0090497737556561,0.0039380468279298,8515523.2,175.595,172.759,0,-0.6176466955019547,51.575327523315686,2.664053917373778,0.579052511415525,0.2437214611872145,0.8227739726027397,0,ONGC,0
2023-10-25,175.2,176.15,173.45,174.7,6812004,-0.0028538812785388,-0.0101983002832861,0.0039636226779897,8014754.6,175.54,172.86699999999996,0,-0.1851851165981037,49.95148871249034,2.6666214947042235,0.5835718374356038,0.2415569547796221,0.8251287922152261,0,ONGC,0
2023-10-26,173.9,174.5,170.45,171.45,8474867,-0.0186033199771036,-0.0321761219305674,0.007159334104325,8012281.2,175.215,172.937,0,-0.6049381222375032,40.93063832223092,2.779719959368208,0.6135899679206765,0.2271799358413531,0.8407699037620296,1,ONGC,0
2023-10-27,171.55,176.1,170.85,175.1,6422123,0.021289005540974,-0.0082129708297933,0.0145407137687948,7786705.0,175.0975,173.065,1,0.6761903473923115,51.51972104360329,2.9561685336990497,0.579954311821816,0.2432895488292404,0.8232438606510565,1,ONGC,0
2023-10-30,175.3,179.3,174.95,178.9,7352638,0.0217018846373502,0.0138849532445453,0.0179363405432198,7778378.9,175.16000000000005,173.24900000000002,1,0.827586016646887,59.63302403242776,3.0557279241491195,0.5463946338736723,0.2593627724986025,0.8057574063722749,0,ONGC,0
2023-10-31,179.3,179.9,174.55,176.4,9404675,-0.013974287311347,0.0068493150684931,0.0191198424521147,7481191.5,174.89,173.408,1,-0.5420559734474832,53.31185408186777,3.2196045009956107,0.5683106575963717,0.2488662131519274,0.8171768707482991,1,ONGC,0
2023-11-01,176.4,178.9,175.35,176.9,9167869,0.0028344671201814,0.0125930165998855,0.018963724591682,7959871.9,174.9875,173.623,1,0.1408450307478782,54.35399884279686,3.243204179495925,0.5638778971170151,0.2509892594686264,0.8148671565856415,1,ONGC,0
2023-11-02,177.2,177.85,176.05,176.45,11471209,-0.002543810062182,0.0291630212890054,0.0155096448720012,8088881.5,175.15,173.815,1,-0.4166664351853177,53.20297444800132,3.140118166674786,0.5678662510626239,0.249079059223576,0.8169453102862,1,ONGC,0
2023-11-03,176.9,180.65,176.1,180.1,7464912,0.0206857466704448,0.0285551113649342,0.0153612650534376,7920560.3,175.52249999999998,174.078,1,0.703296548726029,60.50807736723087,3.240824011912302,0.5360910605219322,0.2642976124375347,0.8003886729594668,1,ONGC,0
2023-11-06,180.25,184.05,179.65,183.2,8962124,0.0172126596335369,0.024035774175517,0.0142888992795567,8025551.1,176.08249999999998,174.416,1,0.6704543930785436,65.44217762499298,3.3236222967757096,0.5100982532751092,0.2767467248908296,0.7868449781659388,1,ONGC,0
2023-11-07,183.3,187.65,182.3,183.1,13921916,-0.0005458515283842,0.0379818594104308,0.0106721203952505,8945433.7,176.6275,174.797,1,-0.0373831705825881,65.15936452517505,3.46836356129173,0.5109229929000545,0.2763517203713817,0.7872747132714363,0,ONGC,0
2023-11-08,183.55,186.3,182.25,185.1,10186886,0.0109229929000547,0.0463538722442056,0.0103920414183462,9282921.9,177.1875,175.188,1,0.3827159548849441,68.12618024274133,3.509909021199465,0.494597514856834,0.284170718530524,0.7787682333873581,0,ONGC,0
2023-11-09,186.25,186.45,182.15,182.6,5303833,-0.0135062128579146,0.0348540663077359,0.0140037669199148,8965818.5,177.635,175.519,1,-0.848837011898374,61.11998206052181,3.566344091113788,0.5150602409638554,0.2743702081051478,0.7894304490690032,1,ONGC,0
2023-11-10,182.6,186.25,182.6,185.65,6025889,0.0167031763417306,0.0308162132148805,0.0131123442943225,8926195.1,178.1775,175.90200000000002,1,0.8356162094202184,65.74803562128267,3.572319513177089,0.4901696741179637,0.2862914085645031,0.7764610826824668,1,ONGC,0
2023-11-12,188.4,188.4,185.65,186.5,2988611,0.0045785079450577,0.0180131004366812,0.0115767318159918,8489792.4,178.74,176.301,1,-0.6909088396695149,66.92948901708937,3.513582405093011,0.4833780160857908,0.289544235924933,0.7729222520107237,0,ONGC,0
2023-11-13,185.65,186.95,183.95,185.55,11181086,-0.0050938337801608,0.013380666302567,0.012151320326101,8667433.5,179.17749999999998,176.71099999999998,1,-0.033333322222224,64.26157493559742,3.4768979475863677,0.4909727836162757,0.2859067636755592,0.776879547291835,1,ONGC,0
2023-11-15,188.15,192.4,187.3,189.05,19769385,0.0188628402047965,0.0213398163155051,0.0138861225567536,9727585.1,179.805,177.047,1,0.176470553633226,69.14193768993098,3.717833808473055,0.4633694789738162,0.2991272150224808,0.7624966939962972,0,ONGC,0
2023-11-16,191.9,192.75,190.5,191.25,18629240,0.0116371330335889,0.0473713033953997,0.0097619798979237,10443388.2,180.51,177.40400000000002,1,-0.2888887604938867,71.7530611332119,3.716559965010693,0.4465359477124181,0.3071895424836601,0.7537254901960783,0,ONGC,0
2023-11-17,190.35,190.7,185.3,186.1,13199928,-0.0269281045751634,0.0024239159709129,0.0177580531633884,11016889.8,180.9875,177.655,1,-0.7870368912894679,59.137874135454055,3.8760913960813568,0.4865663621708758,0.2880171950564212,0.7745835572272971,1,ONGC,0
2023-11-20,187.65,188.15,186.65,187.5,6423265,0.0075228371843094,0.0053619302949061,0.0179700483486538,10763003.9,181.54,177.935,1,-0.0999999333333815,61.13811638218228,3.7456562963612607,0.4754666666666665,0.2933333333333333,0.7687999999999999,0,ONGC,0
2023-11-21,188.4,189.3,186.45,186.6,10720353,-0.0048,0.0056588520614389,0.0179447822277418,10442847.6,182.11,178.22199999999998,1,-0.6315787257618495,59.13411107041976,3.681680846621172,0.4825830653804929,0.2899249732047159,0.7725080385852089,0,ONGC,0
2023-11-22,186.6,187.25,185.2,186.45,7538825,-0.0008038585209003,-0.0137529754033325,0.0150421317502614,10178041.5,182.6975,178.455,1,-0.0731706960142969,58.78824279680645,3.565132214719661,0.4837758112094395,0.2893537141324751,0.7731295253419147,0,ONGC,0
2023-11-23,186.45,187.15,185.05,186.1,6541617,-0.0018771788683292,-0.0269281045751634,0.0128875056488094,10301819.9,183.43,178.70100000000002,1,-0.1666665873016228,57.936735946280905,3.460479913668256,0.4865663621708758,0.2880171950564212,0.7745835572272971,0,ONGC,0
2023-11-24,186.3,187.25,183.65,184.35,5751331,-0.0094035464803868,-0.0094035464803868,0.0062189487563369,10274364.1,183.8925,178.959,1,-0.5416665162037511,53.745031291331664,3.470445634120523,0.5006780580417683,0.2812584757255221,0.7819365337672903,1,ONGC,0
2023-11-28,184.35,189.8,183.9,189.3,9277764,0.0268510984540277,0.0096,0.0142894356171767,10903279.4,184.4125,179.259,1,0.8389829086469667,62.098153775410246,3.643985231683343,0.4614368726888534,0.3000528262017961,0.7614896988906495,1,ONGC,0
2023-11-29,190.8,190.8,187.1,187.4,8791333,-0.0100369783412572,0.0042872454448017,0.0150818218000165,10664304.1,184.9625,179.445,1,-0.9189186705625187,57.7845959494156,3.6479862865631056,0.4762540021344715,0.2929562433297759,0.7692102454642474,1,ONGC,0
2023-11-30,188.05,190.95,187.45,190.3,14965403,0.0154749199573105,0.0206489675516226,0.0163162204532946,10183905.9,185.6325,179.71300000000002,1,0.6428569591837259,62.1107503999357,3.640987266094311,0.4537572254335258,0.3037309511297951,0.7574881765633209,1,ONGC,0
2023-12-01,190.6,193.5,189.6,189.9,9935740,-0.002101944298476,0.0204191295002686,0.0163374511637412,9314555.9,186.305,179.972,1,-0.1794871334648344,61.179463675064966,3.6594881756590034,0.4568193786203263,0.3022643496577146,0.7590837282780409,1,ONGC,0
2023-12-04,191.8,200.95,191.35,197.2,28615290,0.0384412848867823,0.0697043666937888,0.0200085931371878,10856092.1,187.16,180.348,1,0.5624999414062541,70.01555510967465,4.187381877397645,0.4028904665314401,0.3280933062880324,0.7309837728194726,0,ONGC,0
2023-12-05,197.35,199.05,194.4,197.2,14557746,0.0,0.0417326994189115,0.0191917715037731,11669540.2,187.86,180.754,1,-0.0322580575789135,70.01555510967465,4.2204260290121,0.4028904665314401,0.3280933062880324,0.7309837728194726,0,ONGC,0
2023-12-06,198.85,198.85,194.35,197.1,12662213,-0.0005070993914807,0.0517609391675559,0.0172872488696102,11863726.2,188.56,181.188,1,-0.3888888024691549,69.76328135183616,4.240395598368378,0.4036022323693556,0.3277524099441907,0.7313546423135463,0,ONGC,0
2023-12-07,196.1,196.1,191.35,194.15,16425880,-0.0149670218163368,0.0202312138728324,0.02012056143268,12752431.7,189.0125,181.555,1,-0.4105262293628967,62.59783050472788,4.348224484199209,0.4249291784702548,0.3175379860932269,0.7424671645634817,0,ONGC,0
2023-12-08,195.05,195.5,189.45,191.25,10414387,-0.014936904455318,0.0071090047393365,0.0218644424674962,13139708.7,189.445,181.821,1,-0.6280990697356916,56.458683486879565,4.469779878184981,0.4465359477124181,0.3071895424836601,0.7537254901960783,0,ONGC,0
2023-12-11,192.35,196.05,189.6,193.05,10108266,0.0094117647058824,-0.0210446247464501,0.0105802590856695,13575402.2,189.815,182.133,1,0.1085271149570387,59.13744158517003,4.61122417260034,0.4330484330484328,0.3136493136493137,0.7466977466977466,0,ONGC,0
2023-12-12,192.25,193.05,189.9,190.7,10719911,-0.0121730121730122,-0.0329614604462474,0.010771067796048,13719616.9,190.025,182.394,1,-0.4920633358529119,54.429347736812886,4.506851017414602,0.4507079181961195,0.3051914001048767,0.7558993183009962,0,ONGC,0
2023-12-13,190.7,190.7,187.45,188.55,10892122,-0.011274252753015,-0.0433789954337898,0.0103060726279996,13929695.8,190.175,182.529,0,-0.6615382579882213,50.470443630035696,4.417075944742131,0.4672500662954121,0.2972686290108725,0.7645186953062847,1,ONGC,0
2023-12-14,191.2,191.6,188.6,191.25,15257294,0.0143198090692122,-0.014936904455318,0.0136848515727062,13958884.9,190.285,182.855,1,0.0166666611111167,54.90620920104558,4.319427662974835,0.4465359477124181,0.3071895424836601,0.7537254901960783,1,ONGC,0
2023-12-15,192.55,197.1,192.15,196.25,22863981,0.0261437908496731,0.0261437908496731,0.0166788650424339,15251709.0,190.535,183.316,1,0.7474745964697779,61.73971105715783,4.428754258476632,0.4096815286624202,0.3248407643312102,0.7345222929936305,1,ONGC,0
2023-12-18,196.25,196.8,192.65,194.25,8061011,-0.0101910828025477,0.0062160062160061,0.0177368760458926,13196281.1,190.9425,183.748,1,-0.4819275947162416,57.95639511655551,4.408843240014016,0.424195624195624,0.3178893178893179,0.742084942084942,1,ONGC,0
2023-12-19,197.15,198.7,194.55,195.5,16739742,0.0064350064350064,0.0251704247509176,0.0160589595764774,13414480.7,191.3425,184.218,1,-0.3975902656409034,59.621799408445234,4.411783008584442,0.415089514066496,0.3222506393861892,0.7373401534526853,1,ONGC,0
2023-12-20,196.9,206.95,196.15,198.35,57762576,0.0145780051150894,0.0519756032882523,0.0134191966161685,17924517.0,191.93,184.741,1,0.1342592468278466,63.200919201645405,4.914512793685552,0.3947567431308292,0.3319889084950844,0.7267456516259136,1,ONGC,0
2023-12-21,199.05,201.8,196.4,197.8,22823936,-0.0027728762288882,0.0342483660130719,0.0142753480228368,18564322.6,192.4975,185.219,1,-0.2314814386145481,62.05770529501834,4.949190451279441,0.3986349848331646,0.3301314459049545,0.7287664307381192,1,ONGC,0
2023-12-22,199.1,199.6,196.95,199.05,9910694,0.006319514661274,0.014267515923567,0.0095409600305271,18513953.3,193.145,185.727,1,-0.0188679174083265,63.66629681526293,4.784962561902339,0.3898517960311478,0.3343381060035167,0.7241899020346645,1,ONGC,0
2023-12-26,199.6,203.5,198.8,202.4,17052969,0.0168299422255713,0.041956241956242,0.0077810657331631,19208423.6,194.0475,186.279,1,0.5957445540969072,67.62742506846897,4.778893807480742,0.3668478260869564,0.3453557312252964,0.7122035573122528,0,ONGC,0
2023-12-27,204.5,204.9,199.6,200.65,20361303,-0.0086462450592885,0.0263427109974425,0.0109512795141648,20172562.8,194.615,186.787,1,-0.7264149572801941,63.71938726532518,4.816115678374976,0.3787690007475702,0.3396461500124595,0.7184151507600298,1,ONGC,0
2023-12-28,201.55,203.9,200.45,203.3,22010872,0.0132070769997507,0.0249558860599949,0.0106733498787015,21284437.8,195.41,187.317,1,0.5072462297836989,66.84396282057259,4.718535987062479,0.3607968519429412,0.3482538121003443,0.7090506640432856,0,ONGC,0
2023-12-29,203.0,203.0,199.35,200.15,12171663,-0.015494343334973,0.0118806875631951,0.0139874628498204,20975874.7,195.9025,187.79,1,-0.7808217038844619,60.20640280734323,4.663640559415161,0.3822133399950036,0.3379965026230327,0.7202098426180363,0,ONGC,0
2024-01-01,201.05,202.15,199.85,200.45,4820168,0.0014988758431175,0.0070334086912835,0.0138185978289474,19171493.4,196.43,188.25600000000003,1,-0.2608694517958991,60.60759653585778,4.494809090885508,0.3801446744824145,0.3389872786230979,0.7191319531055125,0,ONGC,0
2024-01-02,200.45,205.7,198.8,202.1,21141219,0.0082314791718633,-0.0014822134387352,0.0118213099208571,20479514.2,196.675,188.767,1,0.2391304001260305,62.827384191681446,4.666608441536541,0.3688767936665016,0.3443839683325086,0.7132607619990103,1,ONGC,0
2024-01-03,200.6,205.4,199.6,203.25,11650902,0.0056902523503217,0.01295788686768,0.0109816606086822,19970630.2,196.9775,189.303,1,0.456896472948884,64.33582980281304,4.747564981426789,0.361131611316113,0.3480934809348093,0.7092250922509225,1,ONGC,0
2024-01-04,205.45,210.25,204.3,209.5,31054419,0.030750307503075,0.0304968027545498,0.0165818313875995,17299814.5,197.5975,189.989,1,0.6806721545088847,71.18059307068518,4.908453197039161,0.320525059665871,0.3675417661097852,0.6880668257756563,1,ONGC,0
2024-01-05,210.3,212.3,207.95,211.25,20743811,0.0083532219570405,0.0554584061953533,0.0114363923424972,17091802.0,198.4525,190.72,1,0.2183907543929262,72.75719085253172,4.868563682964937,0.3095857988165679,0.3727810650887574,0.6823668639053253,0,ONGC,0
2024-01-08,212.8,215.5,211.9,212.75,19310595,0.0071005917159763,0.0613619356447991,0.0105224607381357,18031792.1,199.5275,191.546,1,-0.0138888850308684,74.06676605684814,4.824380562753156,0.3003525264394828,0.3772032902467685,0.6775558166862513,0,ONGC,0
2024-01-09,215.7,216.15,210.8,211.45,11951525,-0.0061104582843714,0.0462642256308758,0.0133815117287951,17521647.7,200.4475,192.273,1,-0.7943923748799308,70.88639198527068,4.861924808270787,0.3083471269803736,0.3733743201702529,0.6817214471506265,0,ONGC,0
2024-01-10,209.85,209.85,204.7,207.0,16500666,-0.0210451643414518,0.0184501845018449,0.0191927311404219,17135584.0,201.2625,192.835,1,-0.5533979507965127,61.19912293720319,4.996787321965731,0.3364734299516907,0.359903381642512,0.6963768115942028,1,ONGC,0
2024-01-11,208.9,208.9,205.8,206.8,12586419,-0.0009661835748792,-0.0128878281622911,0.0119296821641274,16193138.7,202.175,193.443,1,-0.677419136316407,60.79698485781921,4.861302513253892,0.3377659574468083,0.359284332688588,0.6970502901353963,1,ONGC,0
2024-01-12,208.7,219.35,207.25,218.05,39228118,0.0544003868471953,0.0321893491124261,0.0285838976332171,18898784.2,203.515,194.266,1,0.7727272088655223,71.95878126200839,5.4104951908786125,0.2687457005274018,0.3923412061453795,0.6610869066727814,1,ONGC,0
2024-01-15,223.05,229.8,219.25,227.9,57884916,0.0451731254299472,0.0712103407755582,0.0333920433759735,24205259.0,205.0975,195.295,1,0.4597155962354875,77.8935308627693,5.863316962958712,0.213909609477841,0.4186046511627907,0.6325142606406318,0,ONGC,0
2024-01-16,229.35,233.25,225.55,229.45,34505065,0.0068012286090388,0.0851265074485694,0.0318852085574513,25541643.6,206.8575,196.282,1,0.0129870113003874,78.65895362864072,5.99450860846166,0.2057093048594464,0.4225321420788843,0.6282414469383307,0,ONGC,0
2024-01-17,226.65,231.55,225.2,226.5,26010955,-0.0128568315537153,0.0942028985507246,0.0295775983684701,26977648.9,208.40750000000003,197.148,1,-0.0236220435240884,73.44665807353886,6.0199008507144,0.2214128035320087,0.4150110375275938,0.6364238410596026,0,ONGC,0
2024-01-18,224.55,228.9,219.25,227.95,19232183,0.0064017660044148,0.102272727272727,0.0285296445934619,25795425.3,209.8875,198.045,1,0.3523315697065705,74.34648386590067,6.279193647091944,0.2136433428383417,0.4187321781092344,0.6323755209475762,1,ONGC,0
2024-01-19,230.35,236.75,229.35,236.25,26391844,0.036411493748629,0.0834670947030498,0.0238558952810833,26360228.6,211.81,199.068,1,0.797297189554434,78.77941829916477,6.459251243728234,0.1710052910052909,0.4391534391534391,0.61015873015873,0,ONGC,0
2024-01-20,237.2,239.55,234.7,236.25,15133785,0.0,0.0366388767003071,0.0180838964714909,25942547.6,213.67,200.141,1,-0.1958762482729352,78.77941829916477,6.344304726319076,0.1710052910052909,0.4391534391534391,0.61015873015873,0,ONGC,0
2024-01-23,239.15,239.75,222.55,224.4,20282617,-0.0501587301587301,-0.0220091523207669,0.0314894792463565,26775656.8,214.77,200.916,1,-0.8575580896768558,61.25336947540744,7.119711531581999,0.2328431372549018,0.4095365418894831,0.6423796791443849,1,ONGC,0
2024-01-24,225.45,229.35,222.65,228.75,14458601,0.0193850267379678,0.009933774834437,0.0325171753632374,26571450.3,216.175,201.761,1,0.4925372399198174,64.38559172706664,7.089732136468998,0.209398907103825,0.4207650273224044,0.6301639344262294,1,ONGC,0
2024-01-25,229.35,231.8,227.25,228.45,18291957,-0.0013114754098361,0.0021934634788329,0.0324632519834778,27142004.1,217.4325,202.61900000000003,1,-0.1978021543291976,64.00133248119889,6.908322698149784,0.2109870868899102,0.4200043773254541,0.6309914642153643,1,ONGC,0
2024-01-29,235.25,248.85,233.4,246.45,54127939,0.0787918581746554,0.0431746031746032,0.0465436665295718,28631986.2,219.74750000000003,203.767,1,0.7249190469308059,74.02001250202488,7.872013933996229,0.1225400689795089,0.4623655913978494,0.5849056603773585,0,ONGC,0
2024-01-30,250.35,257.0,242.7,243.25,51491099,-0.0129843781700141,0.0296296296296296,0.0475465816655125,27992604.5,221.8875,204.807,1,-0.4965034617829739,70.27554177775873,8.331155795853642,0.1373072970195271,0.4552929085303186,0.5926002055498457,0,ONGC,0
2024-01-31,244.45,248.25,240.4,246.2,33293192,0.0121274409044191,0.0971479500891265,0.0355591046536802,27871417.2,224.09250000000003,206.009,1,0.2229299079070182,71.69698871135041,8.296787524721237,0.1236799350121851,0.4618196588139723,0.5854995938261576,0,ONGC,0
2024-02-01,248.55,248.55,239.55,241.7,29758133,-0.0182778229082046,0.0566120218579233,0.0393026152338323,28246135.0,226.015,207.093,1,-0.7611110265432218,66.47484055623033,8.34701698724115,0.1446007447248655,0.4517997517583781,0.5964004964832437,1,ONGC,0
2024-02-02,244.0,253.8,243.05,251.1,30482663,0.0388911874224244,0.0991464215364412,0.0400876420215236,29371183.0,228.09500000000003,208.38300000000004,1,0.6604650548404596,71.19462187496907,8.615087202438213,0.1017522899243328,0.4723217841497411,0.574074074074074,0,ONGC,0
2024-02-05,253.8,261.65,249.0,256.65,34001868,0.0221027479091995,0.0413877054169202,0.0239810629711283,30132185.4,230.365,209.787,1,0.2252964248777507,73.56130869366675,8.90329525940691,0.0779271381258523,0.4837327099162283,0.5616598480420806,0,ONGC,0
2024-02-06,259.0,266.85,253.95,265.8,36708949,0.0356516656925776,0.0927029804727646,0.0229965969817402,32289701.8,233.0175,211.381,1,0.5271317420828102,76.92706621852386,9.188774169449276,0.0408201655379983,0.5015048908954101,0.5423250564334084,0,ONGC,0
2024-02-07,268.4,269.05,261.15,265.4,23756939,-0.0015048908954101,0.0779853777416734,0.0246315854717725,32637134.0,235.715,213.002,1,-0.3797467873738227,76.46876550748777,9.096718871631474,0.0423888470233609,0.5007535795026374,0.5431424265259984,0,ONGC,0
2024-02-08,266.5,269.05,262.65,266.6,25252940,0.0045214770158252,0.1030202730657841,0.0180851826963476,33716567.9,238.695,214.548,1,0.0156249975585976,76.91313301943214,8.904096095086372,0.0376969242310575,0.503000750187547,0.5406976744186045,0,ONGC,0
2024-02-09,268.4,269.05,252.95,261.15,26743792,-0.0204426106526632,0.0400238948626043,0.0216500907625833,34561751.4,241.4125,216.023,1,-0.4503105310366123,70.40987341130483,9.418089231151631,0.0593528623396515,0.4926287574191077,0.5519816197587593,0,ONGC,0
2024-02-12,255.7,260.2,250.65,251.75,30906374,-0.0359946390963047,-0.0190921488408337,0.027129857325956,32239594.9,243.0975,217.252,1,-0.413612522134814,60.85275687354739,9.495368571783656,0.0989076464746771,0.4736842105263157,0.5725918570009929,0,ONGC,0
2024-02-13,251.8,256.1,248.6,253.3,20711842,0.0061569016881828,-0.047027840481565,0.0182164597605303,29161669.2,244.3675,218.52,1,0.1999999733333361,61.77413763097185,9.352842245227682,0.0921831819976311,0.4769048559020924,0.5690880378997235,1,ONGC,0
2024-02-14,251.8,263.2,249.85,262.4,36168962,0.0359257797078562,-0.0113036925395628,0.0275825546194548,29449246.2,246.015,219.824,1,0.7940074311604899,66.72569014098713,9.638353513425704,0.0543064024390244,0.495045731707317,0.5493521341463414,0,ONGC,0
2024-02-15,265.15,273.15,262.55,270.65,32831246,0.0314405487804878,0.0151912978244559,0.0315127173620787,29756557.5,248.2225,221.293,1,0.518867875578504,70.46138553762586,9.717756833895296,0.0221688527618695,0.5104378348420469,0.5326066876039165,0,ONGC,0
2024-02-16,268.55,271.35,263.9,268.1,27044984,-0.0094217624237944,0.0266130576297149,0.0297634930789923,29412789.6,250.23,222.713,1,-0.0604026764560146,67.92304174608546,9.55577420290278,0.0318910854158894,0.5057814248414771,0.5376725102573665,0,ONGC,0
2024-02-19,268.1,272.35,265.9,268.1,15322964,0.0,0.064945382323734,0.0199000450200062,27544899.2,251.8225,224.192,1,0.0,67.92304174608546,9.333933188409729,0.0318910854158894,0.5057814248414771,0.5376725102573665,0,ONGC,0
2024-02-20,268.2,274.4,267.5,270.0,18968785,0.0070869078701976,0.0659297275957362,0.019826403513633,25770882.8,253.51,225.767,1,0.2608695274102159,68.8914572165441,9.16008081780903,0.0246296296296295,0.5092592592592593,0.5338888888888889,0,ONGC,0
2024-02-21,269.4,274.35,265.1,266.4,16340579,-0.0133333333333334,0.0152439024390242,0.0177167031505285,25029246.8,255.61,227.234,1,-0.324324289262239,64.89380193712563,9.166503616536955,0.0384759759759759,0.5026276276276276,0.5411036036036035,0,ONGC,0
2024-02-22,267.3,269.4,262.05,268.1,16791453,0.0063813813813815,-0.0094217624237944,0.0092228618311945,24183098.1,257.5775,228.782,1,0.1088435226063255,65.9000944710029,9.036753358212884,0.0318910854158894,0.5057814248414771,0.5376725102573665,0,ONGC,0
2024-02-23,268.3,269.4,264.6,265.7,9464646,-0.008951883625513,-0.008951883625513,0.0091284260264131,22455183.5,259.44,230.325,1,-0.5416665538194778,63.148098867674456,8.734128118340532,0.0412118931125328,0.5013172751223184,0.5425291682348513,0,ONGC,0
2024-02-26,265.4,265.4,261.4,263.4,8661999,-0.0086563793752352,-0.0175307720999629,0.0095227346587775,20230746.0,260.2875,231.76800000000003,1,-0.4999998750000312,60.53895575097138,8.41740468131621,0.0503037205770691,0.496962794229309,0.5472665148063781,0,ONGC,0
2024-02-27,261.65,263.75,258.6,262.9,19582774,-0.0018982536066818,-0.0262962962962963,0.007700035478796,20117839.2,261.27,233.10100000000003,1,0.2427183994721565,59.958968263500175,8.184018632650766,0.0523012552301255,0.4960060859642449,0.5483073411943704,0,ONGC,0
2024-02-28,263.55,263.85,258.25,259.4,9118196,-0.0133130467858501,-0.0262762762762762,0.0076947423694044,17412762.6,261.92999999999995,234.404,0,-0.7410712962372716,55.92031965987035,7.999445873175712,0.0664996144949884,0.4892058596761757,0.5557054741711642,0,ONGC,0
2024-02-29,258.65,259.95,255.25,258.25,17179832,-0.004433307632999,-0.0367400223797091,0.0044161250672657,15847621.2,262.7575,235.659,0,-0.0851063648709815,54.61854292422828,7.763771167948875,0.0712487899322361,0.4869312681510164,0.5581800580832526,1,ONGC,0
2024-03-01,260.1,266.4,260.1,264.05,12930057,0.0224588576960309,-0.0062100112909295,0.0139014558144776,14436128.5,263.405,236.973,1,0.6269840274628555,59.712465998663234,7.79135894166681,0.0477182351827304,0.4982010982768415,0.5459193334595719,1,ONGC,0
2024-03-02,265.5,266.35,264.85,265.4,864693,0.0051126680552924,0.0075930144267273,0.0134021197649308,12990301.4,263.8425,238.325,1,-0.066666622222267,60.81498089877824,7.399119017262039,0.0423888470233609,0.5007535795026374,0.5431424265259984,1,ONGC,0
2024-03-04,266.2,273.85,266.0,272.5,22280353,0.0267520723436323,0.0365157854697604,0.0171429688111183,13321458.2,264.17749999999995,239.794,1,0.8025476684652643,66.07348583266402,7.474181944600468,0.015229357798165,0.5137614678899083,0.5289908256880733,0,ONGC,0
2024-03-05,273.3,278.15,270.05,276.95,18544484,0.0163302752293577,0.067656129529684,0.012801488974656,13541848.7,264.755,241.285,1,0.4506172283188598,68.89128859514918,7.51888323427186,0.0,0.5215742913883372,0.5215742913883372,0,ONGC,0
2024-03-06,277.5,277.5,267.0,273.55,16807149,-0.0122765842209784,0.0592449177153922,0.0156686300527805,13543418.3,265.1025,242.743,1,-0.3761904403628141,64.48442344346532,7.731820146109585,0.0113324803509412,0.5156278559678305,0.5269603363187716,0,ONGC,0
2024-03-07,273.55,277.55,270.6,271.45,11386963,-0.0076768415280571,0.028024995266048,0.016268232652852,13735650.0,265.6175,244.106,1,-0.3021582299052944,61.85264810946954,7.6759758499589,0.0191563823908638,0.5118806410020261,0.5310370233928899,0,ONGC,0
2024-03-11,271.45,273.8,266.65,267.45,10684598,-0.0147356787622029,0.0077241899020346,0.0186751881014041,13937909.9,266.40250000000003,245.452,1,-0.5594404811971329,57.07448092366116,7.63840614639041,0.0343989530753411,0.5045802953823144,0.5389792484576555,0,ONGC,0
2024-03-12,267.45,269.0,262.6,263.95,13780189,-0.0130865582351841,-0.0313761467889909,0.0129128043125252,13357651.4,266.935,246.722,0,-0.5468749145507965,53.2017136369548,7.549948564505379,0.0481151733282818,0.4980109869293426,0.5461261602576245,0,ONGC,0
2024-03-13,264.3,264.5,246.7,249.25,20079496,-0.0556923659784049,-0.1000180538003249,0.0197392989087735,14453781.4,266.27750000000003,247.665,0,-0.8455055704772152,40.70796427580015,8.282095095612139,0.1099297893681042,0.4684052156469408,0.5783350050150451,0,ONGC,0
2024-03-14,246.45,258.0,245.2,256.95,21404057,0.0308926780341023,-0.0606836044598794,0.030725156906472,14876203.9,265.5925,248.739,0,0.8203124359130902,47.64372330666098,8.6048025887827,0.0766686125705389,0.4843354738275929,0.5610040863981318,0,ONGC,0
2024-03-15,257.65,260.0,242.95,252.55,34961065,-0.0171239540766685,-0.0696260821514089,0.0306786884279143,17079304.7,264.815,249.6,0,-0.2991202170603956,44.44437809940885,9.208030975298223,0.0954266481884773,0.475351415561275,0.5707780637497524,1,ONGC,0
2024-03-18,252.75,256.75,251.4,255.35,9246173,0.0110869134824787,-0.0452421013273508,0.0326249659786085,17917452.7,264.1775,250.482,0,0.4859812175736036,46.88855999933218,8.932457334205493,0.0834149206970823,0.4811043665557078,0.5645192872527902,0,ONGC,0
2024-03-19,255.75,257.65,250.5,253.05,8758348,-0.0090072449579008,-0.0412956999431709,0.0325413915464386,16565252.2,263.33,251.288,0,-0.377622324808066,45.13207167482718,8.805138953190813,0.0932622011460184,0.4763880655996839,0.5696502667457023,1,ONGC,0
2024-03-20,253.25,258.25,251.05,257.55,10484778,0.0177830468286899,0.0332998996990974,0.0196319859166594,15759281.6,262.8875,252.21,0,0.5972221392747054,49.14602774359321,8.690486170820039,0.0741603572121916,0.485536788973015,0.5596971461852066,1,ONGC,0
2024-03-21,258.35,260.55,256.05,256.65,12163200,-0.0034944670937683,-0.0011675423234093,0.0143667476490317,15294886.7,262.315,253.203,0,-0.3777776938271892,48.38365492540909,8.39116573004718,0.0779271381258523,0.4837327099162283,0.5616598480420806,0,ONGC,0
2024-03-22,256.65,258.9,252.25,256.95,13025089,0.0011689070718878,0.0174222926153235,0.0108668549659006,15458699.3,261.8775,254.206,0,0.0451127751710131,48.66949161682324,8.266796749329522,0.0766686125705389,0.4843354738275929,0.5610040863981318,1,ONGC,0
2024-03-26,255.4,261.5,253.1,259.15,10830926,0.0085619770383342,0.0148815351478361,0.0104782986199622,15473332.1,261.665,255.028,0,0.4464285182823156,50.820304703098856,8.276311267234558,0.0675284584217634,0.4887131005209337,0.5562415589426972,1,ONGC,0
2024-03-27,258.65,261.8,253.45,255.5,28563001,-0.0140845070422533,0.0096818810511756,0.0120597938893737,16951613.3,261.295,255.58,0,-0.3772454638029348,47.28061578780149,8.281574748146378,0.0827788649706457,0.4814090019569471,0.5641878669275928,1,ONGC,0
2024-03-28,256.15,264.5,255.7,261.65,18888942,0.0240704500978472,0.0159192389827216,0.014247912198739,16832557.9,261.4075,256.224,1,0.6249999289772801,53.19593686228891,8.332890837564493,0.0573284922606535,0.4935983183642269,0.5509268106248806,1,ONGC,0
2024-04-01,261.65,265.0,261.4,263.45,6440401,0.0068794190712784,0.0264952269627898,0.0137685152164399,15336192.3,261.6675,256.963,1,0.4999998611111497,54.79468327391146,7.994827206309888,0.0501043841336116,0.4970582653254887,0.5471626494591003,1,ONGC,0
2024-04-02,263.65,267.5,263.0,266.0,14439120,0.0096792560258114,0.0352208600895116,0.0136527209388044,13283997.8,261.765,257.724,1,0.5222221061728703,57.03379312205955,7.745196691573468,0.0400375939849623,0.5018796992481203,0.5419172932330826,0,ONGC,0
2024-04-03,268.45,272.3,267.3,268.75,22600929,0.0103383458646617,0.0370441829056531,0.0137257522451788,14619473.4,261.9325,258.374,1,0.0599999880000046,59.37101047257847,7.641968356461078,0.0293953488372092,0.5069767441860465,0.5363720930232557,0,ONGC,0
2024-04-04,272.0,272.0,259.0,262.55,24624383,-0.0230697674418604,0.0275929549902154,0.017348199931799,16206076.9,261.43500000000006,258.9,1,-0.7269230210059207,52.44448281841297,8.024684902428143,0.053704056370215,0.4953342220529423,0.5490382784231573,0,ONGC,0
2024-04-05,261.45,265.4,260.1,261.55,13029904,-0.0038087983241287,-0.0003821899484042,0.0140944744985881,16460589.5,260.665,259.643,1,0.0188679209683212,51.402834319817096,7.830064552254702,0.0577327470846873,0.4934047027337029,0.5511374498183903,1,ONGC,0
2024-04-08,261.15,265.5,260.2,263.95,13011300,0.0091760657618045,0.0018978933383944,0.0144084935926883,16545399.5,260.18500000000006,260.347,1,0.5283017871128713,53.77577534885252,7.649345655665081,0.0481151733282818,0.4980109869293426,0.5461261602576245,0,ONGC,0
2024-04-09,263.55,266.1,261.6,262.5,13173933,-0.0054934646713392,-0.0131578947368421,0.0135546779229156,16560283.9,259.7375,261.028,1,-0.2333332814814955,52.1199244573283,7.424392394546146,0.0539047619047618,0.4952380952380952,0.549142857142857,1,ONGC,0
2024-04-10,263.5,266.65,262.7,265.5,11137195,0.0114285714285713,-0.0120930232558139,0.0138204322254035,16590910.8,259.64,261.409,1,0.5063289857394987,55.19396105248772,7.190507223507134,0.0419962335216571,0.5009416195856874,0.5429378531073445,0,ONGC,0
2024-04-12,265.4,266.0,258.65,259.35,21894584,-0.0231638418079095,-0.0121881546372119,0.0138557047010162,15924069.1,259.41,261.731,0,-0.8231291397103124,48.34196574230055,7.201899564685197,0.0667052245999612,0.489107383844226,0.5558126084441872,1,ONGC,0
2024-04-15,262.65,276.2,260.7,273.15,75063828,0.0532099479467897,0.0443509845153888,0.0283064336613708,21541557.7,260.605,262.27,1,0.677419311134238,60.26290051974168,7.891049595779109,0.0128134724510342,0.5149185429251326,0.5277320153761669,0,ONGC,0
2024-04-16,270.35,285.55,268.65,276.35,79082544,0.0117151748123742,0.0469785944307634,0.0283324406272738,28805772.0,261.575,262.963,1,0.3550295647911493,62.428068203898576,8.534546053223462,0.001085579880586,0.5205355527410892,0.5216211326216753,0,ONGC,0
2024-04-18,279.15,280.8,266.8,267.6,34136482,-0.0316627465170978,0.0194285714285715,0.0337104062317015,30775508.2,262.3275,263.293,1,-0.8249999410714296,53.79645811063834,8.924935620850357,0.0338191330343795,0.5048579970104634,0.538677130044843,1,ONGC,0
2024-04-19,270.15,274.1,267.55,268.65,32658724,0.0039237668161433,0.0118644067796609,0.0334802476291956,31781287.7,262.99249999999995,263.533,1,-0.2290075986247937,54.60753424391935,8.75529736221819,0.0297785222408338,0.5067932253861902,0.536571747627024,0,ONGC,0
2024-04-22,270.65,271.35,267.2,270.15,14184019,0.0055834729201562,0.0416425679583571,0.0302150480062533,30737251.3,263.8475,263.62,1,-0.1204818986790595,55.80120197947616,8.42634755063118,0.0240607070146215,0.5095317416250231,0.5335924486396446,1,ONGC,0
2024-04-23,270.2,272.1,268.95,270.15,8799147,0.0,-0.0109829763866007,0.0170627214084234,30314175.6,264.4775,263.715,1,-0.0158730108339682,55.80120197947616,8.049465582728955,0.0240607070146215,0.5095317416250231,0.5335924486396446,1,ONGC,0
2024-04-24,270.95,273.7,269.7,272.65,9253985,0.0092541180825467,-0.0133888185272301,0.0165940514063069,29938444.1,265.2775,263.836,1,0.4249998937500237,57.93914390924148,7.760218041105458,0.0146708233999633,0.5140289748762149,0.5286997982761782,1,ONGC,0
2024-04-25,272.65,275.85,271.35,275.2,17050557,0.0093526499174767,0.0284005979073243,0.0039243595542004,30326106.5,266.18999999999994,264.117,1,0.5666665407407713,60.06123922366497,7.527345323883639,0.0052688953488371,0.518531976744186,0.5238008720930232,0,ONGC,0
2024-04-26,276.25,279.3,275.45,276.15,11070290,0.0034520348837208,0.0279173646007817,0.0039806844364179,30319416.0,267.04,264.605,1,-0.0259740192275332,60.85364246809331,7.282534943606238,0.0018106101756291,0.5201883034582654,0.5219989136338946,0,ONGC,0
2024-04-29,277.15,278.4,275.4,276.4,8952420,0.0009053050878145,0.0231352952063668,0.0044826563865403,29025199.6,268.085,265.06699999999995,1,-0.2499999166666944,61.07252393606221,6.976639590491507,0.0009044862518089,0.5206222865412445,0.5215267727930535,0,ONGC,0
2024-04-30,277.7,279.5,274.7,276.1,10658906,-0.0010853835021705,0.0220248010364614,0.0047772697372649,22584707.4,268.8075,265.341,1,-0.3333332638888954,60.63439432340001,6.821165334027829,0.0019920318725097,0.5201014125316915,0.5220934444042012,0,ONGC,0
2024-05-02,274.25,277.8,272.35,276.05,15677336,-0.0001810938065918,0.012470199889969,0.0041967497502809,16244186.6,269.4375,265.449,1,0.3302751687568525,60.55642022419677,6.7232249530258406,0.0021735192899835,0.5200144901285999,0.5221880094185835,0,ONGC,0
2024-05-03,277.2,285.95,277.2,279.25,28913016,0.011592102879913,0.0147165697674418,0.0051284970558382,15721840.0,270.1,265.672,1,0.2342856875102084,63.76779332182686,6.950137456381136,0.0,0.5255147717099373,0.5255147717099373,0,ONGC,0
2024-05-06,281.8,281.85,268.65,275.4,15491865,-0.0137869292748433,-0.0027159152634438,0.009016374989966,14005154.1,270.4325,265.818,1,-0.4848484481175427,57.68284938249546,7.396556209496772,0.0045388525780682,0.5188816267247639,0.5234204793028322,0,ONGC,0
2024-05-07,277.1,278.2,265.5,267.05,13179001,-0.0303195352214958,-0.0338277858176554,0.0159429633433626,13904652.3,270.6575,265.759,0,-0.7913385203670473,47.169781141620966,7.775373623104144,0.0359483242838418,0.5038382325407227,0.5397865568245646,1,ONGC,0
2024-05-08,266.95,273.55,265.85,270.2,12797721,0.0117955439056356,-0.0213690691778342,0.0179967835651626,14304509.7,271.09000000000003,265.835,0,0.4220778672626152,50.81188026521868,7.769989792882419,0.0238712065136935,0.5096225018504811,0.5334937083641746,0,ONGC,0
2024-05-09,270.6,271.9,256.9,258.9,14869187,-0.041820873427091,-0.0621264263720341,0.0242363786525843,14866029.9,270.8375,265.651,0,-0.7799999480000065,40.12527153122802,8.286419093390817,0.0685592893008883,0.4882193897257628,0.5567786790266511,0,ONGC,0
2024-05-10,260.6,264.7,258.1,263.8,9530738,0.0189262263422171,-0.0553267681289166,0.0262018369975842,14114048.0,270.9025,265.613,0,0.4848484113866051,45.4799478707415,8.165960586720042,0.0487111448066715,0.4977255496588325,0.546436694465504,0,ONGC,0
2024-05-13,265.4,265.4,255.8,260.5,7163239,-0.0125094768764215,-0.0541031227305736,0.0261745833686584,13723342.9,270.6525,265.555,0,-0.510416613498269,42.70969938468005,8.268391973382894,0.0619961612284068,0.491362763915547,0.5533589251439538,1,ONGC,0
2024-05-14,261.55,268.1,260.05,266.35,9123849,0.0224568138195777,-0.00262123197903,0.026957617380565,13740485.8,271.0025,265.624,0,0.5962732178542592,48.677732367444406,8.252792546712687,0.0386709217195417,0.5025342594330768,0.5412051811526186,0,ONGC,0
2024-05-15,267.95,269.4,266.0,266.9,6368662,0.002064952130655,-0.0122131754256107,0.0262133643421453,13311461.4,270.68999999999994,265.774,0,-0.308823438581347,49.213394329800536,7.906164507661779,0.0365305357811914,0.5035593855376546,0.5400899213188459,1,ONGC,0
2024-05-16,269.4,272.65,267.25,271.0,23757779,0.0153615586361934,0.0467361915797606,0.0144091956905356,14119505.7,270.4225,266.029,1,0.2962962414266274,53.13979825758288,7.752152757114509,0.0208487084870847,0.511070110701107,0.5319188191881918,0,ONGC,0
2024-05-17,272.15,276.6,270.0,270.8,11529157,-0.0007380073800737,0.0265352539802881,0.0137812197080006,12381119.8,270.5825,266.164,1,-0.2045454235537178,52.92484885788059,7.669856131606331,0.0216026587887738,0.5107090103397341,0.532311669128508,1,ONGC,0
2024-05-18,273.6,274.95,271.8,272.3,2010993,0.0055391432791729,0.0452975047984645,0.0097009865393427,11033032.6,270.765,266.302,1,-0.4126982816830917,54.41418259888495,7.418437836491591,0.0159750275431508,0.5134043334557473,0.5293793609988982,0,ONGC,0
2024-05-21,274.35,277.2,271.7,273.4,17559555,0.0040396621373484,0.0264689318565796,0.0061194943015281,11471088.0,270.92749999999995,266.32,1,-0.172727241322328,55.525398582522605,7.281406562456477,0.0118873445501097,0.5153621068032187,0.5272494513533285,0,ONGC,0
2024-05-22,277.2,277.2,270.25,271.35,17935064,-0.0074981711777613,0.0166729112026977,0.0084252555670277,11984822.3,270.9875,266.208,1,-0.8417264975933062,52.93562021909642,7.257734665138157,0.0195319697807258,0.51170075548185,0.5312327252625759,1,ONGC,0
2024-05-23,273.25,277.75,272.4,276.65,17719819,0.0195319697807259,0.0208487084870847,0.009976425849205,12269885.5,271.1875,266.27,1,0.635513899903937,58.34496991297095,7.1964679033425725,0.0,0.521055485270197,0.521055485270197,0,ONGC,0
2024-05-24,277.2,279.1,275.1,276.45,11041667,-0.0007229351165732,0.0208641063515508,0.0099745723565655,12420978.4,271.24999999999994,266.37,1,-0.1874999531250117,58.07371902634562,6.968148767389532,0.0007234581298606,0.5207089889672635,0.5214324470971242,0,ONGC,0
2024-05-27,277.2,277.4,269.1,271.0,13719808,-0.0197142340387049,-0.0047741461623209,0.0144862396207536,13076635.3,270.99249999999995,266.441,1,-0.7469878618086941,51.10176045187322,7.063280998290276,0.0208487084870847,0.511070110701107,0.5319188191881918,0,ONGC,0
2024-05-28,272.6,272.6,266.5,267.75,6927361,-0.0119926199261992,-0.0206656912948061,0.0148956178171313,12856986.5,270.56,266.517,0,-0.7950818368718308,47.44390039222888,6.994475212698115,0.0332399626517272,0.5051353874883286,0.5383753501400559,0,ONGC,0
2024-05-29,267.25,267.25,263.8,265.35,8327205,-0.0089635854341736,-0.0221116639027086,0.0149937995148324,13052840.8,270.0225,266.839,0,-0.5507244780508711,44.888611758158135,6.777012697505391,0.0425852647446766,0.5006595063124176,0.5432447710570942,0,ONGC,0
2024-05-30,266.45,268.5,258.65,260.3,15390964,-0.0190314678726211,-0.0590999457798661,0.0078311383160865,12216159.3,269.235,266.906,0,-0.6243654188461467,40.00602669727781,6.996511790540723,0.0628121398386475,0.4909719554360354,0.553784095274683,0,ONGC,0
2024-05-31,262.0,262.0,256.7,258.0,24167379,-0.0088359585094122,-0.0667390124796527,0.0053292340740387,13479981.5,268.1725,267.015,0,-0.7547168387326703,37.97980254692943,6.875332376930672,0.0722868217054262,0.4864341085271317,0.5587209302325581,1,ONGC,0
2024-06-03,271.3,279.7,266.65,277.3,30195397,0.0748062015503876,0.0232472324723247,0.0391324313464182,16298421.9,268.26750000000004,267.454,1,0.4597700797111046,57.45324297747451,7.934237207149908,0.0,0.5221781464118284,0.5221781464118284,0,ONGC,0
2024-06-04,278.2,278.2,217.65,230.65,72779900,-0.1682293544897223,-0.1385620915032679,0.0880688236710294,21820456.4,266.4475,267.00600000000003,0,-0.7853013908290439,31.6143854174244,11.692505978067771,0.1994363754606545,0.425536527205723,0.6249729026663775,1,ONGC,0
2024-06-05,241.1,243.75,224.95,241.6,37078551,0.0474745285063948,-0.0895044281138121,0.0942091070702738,23734805.1,265.01750000000004,266.687,0,0.0265957432661838,38.59523078478661,12.200184122491503,0.1450745033112582,0.4515728476821192,0.5966473509933774,0,ONGC,0
2024-06-06,247.9,253.3,243.3,246.25,30881233,0.0192466887417219,-0.0539761813292355,0.0953242298222074,25050946.5,264.38500000000005,266.47900000000004,0,-0.1649999835000022,41.33398687262546,12.164456685170682,0.1234517766497461,0.4619289340101523,0.5853807106598984,1,ONGC,0
2024-06-07,247.45,254.55,245.75,254.15,22010688,0.0320812182741117,-0.0149224806201549,0.0968823598708518,26147848.6,263.90250000000003,266.423,0,0.7613635498450522,45.760160724631625,11.924138350515634,0.0885303954357661,0.4786543379893763,0.5671847334251425,1,ONGC,0
2024-06-10,257.7,257.7,251.85,252.95,14138524,-0.0047216210899075,-0.0878110349801659,0.0878596589305822,26189720.2,263.525,266.299,0,-0.8119656731682617,45.20228036027096,11.490271325478805,0.0936944060090926,0.4761810634512749,0.5698754694603676,1,ONGC,0
2024-06-11,260.45,268.4,258.9,267.0,47270206,0.0555445740264874,0.1575980923477129,0.0238925327539127,30224004.7,263.5575,266.529,1,0.6894736116343579,52.503492578934924,11.773109087944604,0.0361423220973781,0.5037453183520599,0.5398876404494382,0,ONGC,0
2024-06-12,271.35,272.4,268.05,268.9,20560662,0.0071161048689136,0.1129966887417217,0.023291189488865,31447350.4,263.6575,266.67400000000004,1,-0.5632182613291502,53.40757854471878,11.317887010234273,0.028821123094087,0.5072517664559315,0.5360728895500185,0,ONGC,0
2024-06-13,271.35,271.35,266.0,269.95,16013386,0.0039047973224246,0.0962436548223348,0.0246890688532954,31509592.6,263.605,266.804,1,-0.2616821940780998,53.92948361216121,10.891609366646112,0.0248194110020373,0.5091683645119466,0.533987775513984,0,ONGC,0
2024-06-14,270.35,271.55,268.05,268.8,10642648,-0.004260048157066,0.0576431241392878,0.0251413446606603,30157119.5,263.505,266.86,1,-0.44285701632657,53.22625686287394,10.363637269028532,0.0292038690476189,0.5070684523809524,0.5362723214285713,0,ONGC,0
2024-06-18,272.25,272.3,267.45,269.2,17044769,0.0014880952380951,0.0642419450484286,0.024277179661054,28842056.7,263.35,266.869,1,-0.6288658497183809,53.45361052481197,9.969806035526494,0.0276745913818721,0.5078008915304606,0.5354754829123328,0,ONGC,0
2024-06-19,269.3,270.0,264.6,265.05,13361607,-0.0154160475482911,-0.0073033707865167,0.0088547994167652,22900227.4,262.9325,266.91900000000004,1,-0.7870368912894679,50.70013192487172,9.64339131870317,0.0437653272967363,0.5000943218260706,0.5438596491228069,0,ONGC,0
2024-06-20,265.3,267.45,262.65,265.35,12826509,0.0011318619128466,-0.013201933804388,0.0077452236576527,20475023.2,262.6325,266.995,1,0.0104166644965305,50.89704300216191,9.297434795938658,0.0425852647446766,0.5006595063124176,0.5432447710570942,0,ONGC,0
2024-06-21,264.95,268.15,262.45,263.2,17406416,-0.0081025061239873,-0.0250046304871272,0.0070419669875951,19127541.5,261.96,266.98,1,-0.3070174899969322,49.37497801799671,9.040475167657323,0.0511018237082066,0.4965805471124619,0.5476823708206686,0,ONGC,0
2024-06-24,263.2,264.75,260.2,263.45,7282347,0.0009498480243161,-0.0199032738095239,0.0075516945826358,17654707.4,261.31000000000006,266.999,1,0.0549450428692212,49.56385054823915,8.719726941396088,0.0501043841336116,0.4970582653254887,0.5471626494591003,0,ONGC,0
2024-06-25,263.65,264.3,258.65,260.6,14425434,-0.0108179920288478,-0.0319465081723624,0.0073219279507456,17683398.4,260.79,266.901,0,-0.5398229133056678,47.3931080966655,8.50046073129637,0.061588641596316,0.4915579432079816,0.5531465848042977,0,ONGC,0
2024-06-26,260.5,262.7,257.8,261.35,10650910,0.00287797390637,-0.0139596302584417,0.0062081548437217,14021468.8,260.47,266.941,1,0.1734693523531988,48.038063485011776,8.243284964775198,0.058542184809642,0.4930170269753205,0.5515592117849626,0,ONGC,0
2024-06-27,261.0,261.7,257.2,261.1,22830930,-0.0009565716472164,-0.0160165818729979,0.0059427237017698,14248495.6,260.2575,266.7,1,0.0222222172839567,47.82757476863644,7.975907467291255,0.0595557257755647,0.4925315970892379,0.5520873228648027,1,ONGC,0
2024-06-28,262.55,268.85,261.95,267.65,19532912,0.0250861738797394,0.0169072948328266,0.0132069396443154,14600448.2,260.625,266.526,1,0.7391303276622627,53.56803092258727,7.959771219627593,0.0336260041098449,0.504950495049505,0.5385764991593499,1,ONGC,0
2024-07-01,268.4,269.2,265.1,266.4,11750972,-0.0046702783485895,0.0111975706965268,0.0137005059522528,14711280.6,261.045,266.50199999999995,1,-0.487804759072014,52.383481636470805,7.684073275368477,0.0384759759759759,0.5026276276276276,0.5411036036036035,0,ONGC,0
2024-07-02,266.65,273.1,265.0,268.25,24470518,0.0069444444444444,0.029355333844973,0.0115873487679598,15453855.5,260.5925,266.494,1,0.1975308398110097,54.00457665742036,7.713782327127873,0.0313140726933829,0.5060577819198508,0.5373718546132339,1,ONGC,0
2024-07-03,269.4,271.05,267.45,268.1,9125400,-0.0005591798695245,0.0258274344748421,0.0119057978453886,15030234.8,262.46500000000003,266.453,1,-0.3611110108024821,53.84451161624198,7.419940732333027,0.0318910854158894,0.5057814248414771,0.5376725102573665,0,ONGC,0
2024-07-04,268.4,272.2,266.5,270.4,13444669,0.0085788884744497,0.0356185369590194,0.0114336495758282,15092050.8,263.905,266.458,1,0.3508771314250654,55.99808068720483,7.297087822880667,0.0231139053254437,0.5099852071005917,0.5330991124260355,1,ONGC,0
2024-07-05,270.6,282.35,269.9,281.3,39781962,0.0403106508875741,0.0509994395665982,0.017725206564764,17329605.4,265.6575,266.63100000000003,1,0.859437681972873,64.46105985628888,7.665152978389194,-0.0072875933167437,0.5289726270885177,0.5216850337717739,1,ONGC,0
2024-07-08,283.05,295.75,280.45,292.0,53136198,0.0380376821898329,0.0960960960960961,0.019055872757159,21914990.5,267.55,266.967,1,0.5849672820282811,70.46608276085304,8.210499194218539,0.001027397260274,0.5462328767123288,0.5472602739726028,1,ONGC,0
2024-07-09,293.6,294.6,286.35,290.35,18686252,-0.0056506849315067,0.0823858341099721,0.0216483010590051,22341072.3,269.42,267.25100000000003,1,-0.3939393461891702,68.54274077377829,8.213320680345786,0.0067160323747201,0.5436542104356811,0.5503702428104013,0,ONGC,0
2024-07-10,292.55,292.6,281.95,291.0,19278800,0.0022386774582399,0.0854158895934351,0.0211387966145799,23203861.3,270.62,267.543,1,-0.1455398924375694,68.90283099911562,8.387369203178233,0.00446735395189,0.5446735395189003,0.5491408934707904,1,ONGC,0
2024-07-11,292.8,299.85,288.1,297.45,36020507,0.0221649484536081,0.1000369822485207,0.020702108669984,24522819.0,272.0475,267.97,1,0.3957446471706664,72.29223257004587,8.62755711723693,-0.0173138342578583,0.5545469826861658,0.5372331484283074,1,ONGC,0
2024-07-12,299.45,304.3,296.9,299.75,31788101,0.0077323919986551,0.0655883398506931,0.0173366527335043,25748337.9,273.5375,268.444,1,0.0405405350620912,73.40537035279127,8.539874466005724,-0.0248540450375312,0.5579649708090075,0.5331109257714762,1,ONGC,0
2024-07-15,304.35,315.9,301.25,314.8,51435537,0.050208507089241,0.0780821917808218,0.0219802292195569,29716794.4,275.8375,269.155,1,0.7133105315146399,79.27315258739887,9.083454861291028,0.025571791613723,0.5790978398983482,0.6046696315120712,0,ONGC,0
2024-07-16,315.85,319.75,312.1,314.95,37468292,0.0004764930114358,0.0847253314964695,0.0206479026027625,31016571.8,278.125,269.946,1,-0.1176470434448357,79.32212206273448,8.981065228341667,0.0250833465629466,0.5792983013176695,0.6043816478806161,1,ONGC,0
2024-07-18,317.3,325.3,313.95,323.75,48189915,0.0279409430068264,0.1125429553264605,0.0193483315616896,34923023.3,281.06,271.08,1,0.5682818882571002,82.00779265942302,9.150274854888693,-0.0027799227799227,0.5907335907335908,0.587953667953668,0,ONGC,0
2024-07-19,325.05,325.2,310.45,312.0,26579496,-0.0362934362934362,0.0489157841654059,0.0323168768262498,36236506.0,283.39250000000004,271.916,1,-0.8847457027291057,69.10218558163116,9.550255222396643,0.034775641025641,0.5753205128205128,0.6100961538461539,0,ONGC,0
2024-07-22,312.35,315.6,306.95,313.1,22234557,0.003525641025641,0.0445371142618848,0.0324455977129438,34481765.5,285.8875,273.0,1,0.0867051922884167,69.58474881016207,9.485951277939742,0.031140210795273,0.5768125199616736,0.6079527307569467,0,ONGC,0
2024-07-23,312.4,313.7,290.3,306.65,37871058,-0.0206004471414884,-0.0258894536213469,0.0245481001242707,32955251.5,288.0475,273.857,1,-0.2457264852253641,63.33815081117639,10.479811900944044,-0.0467960215229087,0.5679112995271481,0.5211152780042394,0,ONGC,0
2024-07-24,305.55,317.95,304.65,311.9,28259305,0.0171204956791128,-0.0096840768375933,0.0265237118247346,33912556.8,290.6125,274.885,1,0.4774435731245404,66.01258491461064,10.681253908019473,0.0351074062199424,0.5751843539596024,0.6102917601795449,1,ONGC,0
2024-07-25,310.45,329.45,308.55,327.75,42054664,0.050817569733889,0.0123552123552124,0.0338640772151771,36190143.2,293.9325,276.113,1,0.8277511565669317,72.5282470207881,11.411164343160936,-0.0149504195270784,0.5957284515636918,0.5807780320366134,0,ONGC,0
2024-07-26,328.45,330.4,322.2,323.65,25703985,-0.012509534706331,0.0373397435897435,0.0281719370721969,35158491.0,297.06,277.24800000000005,1,-0.5853657822724678,68.85126411694321,11.181795461506582,-0.0024718059632317,0.5906071373397188,0.5881353313764871,1,ONGC,0
2024-07-29,325.8,331.4,322.85,324.95,26721790,0.0040166846902518,0.0378473331204087,0.0281547251748822,34651859.9,299.925,278.327,1,-0.0994151930508578,69.38131209810982,10.993810071398965,-0.0064625326973379,0.5922449607631943,0.5857824280658563,0,ONGC,0
2024-07-30,324.05,330.15,323.1,323.95,19792253,-0.0030773965225419,0.0564161095711723,0.0246077383603865,31487531.5,302.8025,279.39,1,-0.0141843951511529,68.4168631411091,10.71210935201332,-0.0033955857385397,0.5909862633122396,0.5875906775736998,0,ONGC,0
2024-07-31,324.1,329.35,321.85,326.2,21393361,0.0069455162833771,0.0458480282141713,0.0244233622281419,29880038.4,305.7,280.468,1,0.2799999626666671,69.4459974369095,10.482672969726654,-0.0102697731453095,0.5938074800735745,0.583537706928265,0,ONGC,0
2024-08-01,329.7,336.45,329.1,333.55,36044960,0.0225321888412017,0.0176964149504195,0.0129797621284389,28665542.9,308.9725,281.67100000000005,1,0.5238094525429371,72.58826276520033,10.466053471889037,0.0,0.6027582071653426,0.6027582071653426,0,ONGC,0
2024-08-02,329.9,329.9,320.8,322.2,22939377,-0.0340278818767801,-0.0044801483083577,0.020837663601171,28301531.0,311.5625,282.688,1,-0.8461537531699193,61.98677137578997,10.629192509611247,0.0020173805090007,0.5887647423960273,0.5907821229050281,0,ONGC,0
2024-08-05,312.7,315.55,298.65,302.8,37986023,-0.0602110490378645,-0.0681643329743036,0.0332725920826019,29876677.6,312.6375,283.211,0,-0.5857987819053949,48.853169214048506,11.552107330353303,-0.034676354029062,0.5624174372523117,0.5277410832232496,0,ONGC,0
2024-08-06,307.25,314.75,297.85,298.75,28386636,-0.0133751651254954,-0.077789782373823,0.0327759165651811,28928235.4,312.975,283.657,0,-0.5029585501207965,46.63187690554533,11.934099663899492,-0.0215899581589957,0.5564853556485355,0.5348953974895397,1,ONGC,0
2024-08-07,304.9,323.05,304.55,321.2,66110716,0.0751464435146442,-0.015328019619865,0.0526714036089444,32713376.5,314.5175,284.661,1,0.8810810334550798,58.02514218123123,12.817378259335245,0.0051369863013699,0.5874844333748444,0.5926214196762143,0,ONGC,0
2024-08-08,321.1,321.1,314.0,315.0,23478224,-0.0193026151930261,-0.0556138509968521,0.0511021257279349,30855732.5,315.7175,285.606,0,-0.8591548085697457,54.560903092517016,12.416136955097013,0.0249206349206349,0.5793650793650794,0.6042857142857143,1,ONGC,0
2024-08-09,325.95,327.8,320.35,324.6,29814474,0.0304761904761905,0.0074487895716948,0.051769229819487,31266781.4,317.075,286.791,1,-0.1812080293680454,58.67495017185062,12.443555744018656,-0.0053912507701786,0.5918052988293284,0.5864140480591498,0,ONGC,0
2024-08-12,324.8,336.45,322.0,333.15,34754596,0.0263401109057299,0.100231175693527,0.0382412498440443,32070062.0,318.745,288.248,1,0.5778546312903351,61.976873296355485,12.586873190874464,0.0,0.6022812546900795,0.6022812546900795,0,ONGC,0
2024-08-13,335.85,336.75,325.0,327.85,28943385,-0.0159087498123966,0.0974058577405858,0.038804319904755,32985175.2,319.3975,289.645,1,-0.6808510058850208,58.83846567838201,12.527096534383432,-0.0152508769254232,0.5958517614762849,0.5806008845508617,0,ONGC,0
2024-08-14,327.8,328.45,319.0,320.3,17812763,-0.023028824157389,-0.0028019925280198,0.0263543172608403,32627115.4,319.665,290.505,1,-0.7936507096665926,54.597106255886246,12.307303924784614,0.0079612862940993,0.5863253200124883,0.5942866063065876,1,ONGC,0
2024-08-16,324.6,327.7,320.8,321.7,16584396,0.0043709022791131,0.0212698412698413,0.0241148827157971,30681059.0,319.5625,292.326,1,-0.4202897941609057,55.24140304882977,11.956782215871426,0.0035747590923221,0.5881255828411563,0.5917003419334785,1,ONGC,0
2024-08-19,327.0,330.65,325.55,327.25,19636518,0.0172520982281629,0.0081638940234134,0.0210811771491268,30350773.1,320.325,294.039,1,0.0490195982314516,57.798126740936,11.742012057594897,-0.0134453781512604,0.5951107715813598,0.5816653934300994,0,ONGC,0
2024-08-20,327.8,327.95,320.2,322.2,14972714,-0.015431627196333,-0.0328680774425933,0.0167617654878736,28049442.2,320.78,295.558,1,-0.722580551925093,54.73439502626776,11.45686833919526,0.0020173805090007,0.5887647423960273,0.5907821229050281,0,ONGC,0
2024-08-21,322.75,323.55,318.7,319.85,11835143,-0.0072936064556174,-0.0244014030806771,0.0159838719482532,26394292.9,321.44,296.872,0,-0.5979380210436995,53.3180394128144,10.984949172109884,0.0093793965921525,0.5857433171799281,0.5951227137720807,0,ONGC,0
2024-08-22,320.7,322.6,315.85,316.6,13387819,-0.0101610129748319,-0.0115516703090852,0.013095280973587,21122003.2,321.675,298.145,0,-0.6074073174211331,51.33941622637351,10.682452802673463,0.0197409981048641,0.5814908401768794,0.6012318382817435,0,ONGC,0
2024-08-23,316.65,317.0,309.95,311.25,13229612,-0.0168982943777638,-0.0324836804476219,0.0138391950387545,20097142.0,320.85,299.03,0,-0.7659573381620752,48.17040125410325,10.422991888196789,0.0372690763052209,0.5742971887550201,0.611566265060241,1,ONGC,0
2024-08-26,315.75,321.2,315.05,320.0,21346682,0.0281124497991966,-0.0221543162719632,0.0185506352780575,19250362.8,320.6675,300.052,0,0.6910567982021492,53.25279142308677,10.38920675332559,0.00890625,0.5859375,0.5948437500000001,0,ONGC,0
2024-08-27,321.5,324.6,318.2,321.0,20165503,0.003125,-0.0037243947858472,0.017607736000092,17791453.5,320.47,301.073,1,-0.0781249877929702,53.8102497410639,10.104263413802338,0.0057632398753894,0.5872274143302181,0.5929906542056076,0,ONGC,0
2024-08-28,320.8,322.4,316.9,319.95,12446738,-0.0032710280373832,0.0003126465530716,0.0173162427317222,16141788.8,320.27,302.096,0,-0.1545454264462902,53.09430640445673,9.7753874556736,0.0090639162369121,0.5858727926238475,0.5949367088607596,0,ONGC,0
2024-08-29,318.3,322.25,317.15,321.7,13799961,0.0054696046257227,0.0161086544535691,0.0163672286503212,15740508.6,320.045,303.146,1,0.6666665359477306,54.1883214173018,9.441431208839772,0.0035747590923221,0.5881255828411563,0.5917003419334785,0,ONGC,0
2024-08-30,322.55,326.4,321.65,322.85,19666466,0.003574759092322,0.037269076305221,0.012036516440569,16048715.6,319.51,304.302,1,0.0631578814404484,54.93221094926668,9.106328979636933,0.0,0.5895926901037634,0.5895926901037634,0,ONGC,0
2024-09-02,322.1,324.0,318.0,318.4,8975511,-0.0137834907851944,-0.0050000000000001,0.0078799174630463,14982614.9,319.32000000000005,305.36300000000006,0,-0.6166665638889136,51.45068033701475,8.884448338234293,0.0139761306532664,0.5838567839195979,0.5978329145728645,0,ONGC,0
2024-09-03,319.15,320.15,313.95,314.5,10321111,-0.0122487437185928,-0.0202492211838005,0.0088222282666483,14517454.6,319.90500000000003,306.389,0,-0.7499998790322753,48.54670971140487,8.692702028360413,0.026550079491256,0.5786963434022258,0.6052464228934817,0,ONGC,0
2024-09-04,307.45,308.65,301.0,306.85,25397204,-0.0243243243243242,-0.0409438974839817,0.0125801935508923,15873660.7,320.31,307.25699999999995,0,-0.0784313622965497,43.37512813680689,9.036080454906095,-0.0474173048720873,0.5681929281407855,0.5207756232686981,0,ONGC,0
2024-09-05,309.35,309.35,302.75,303.95,15571640,-0.0094508717614471,-0.0551756294684488,0.0100170393033628,16092042.8,319.4475,308.124,0,-0.8181816942148972,41.56738177875879,8.862074708127091,-0.038328672479026,0.5640730383286725,0.5257443658496463,0,ONGC,0
2024-09-06,304.05,305.65,296.45,301.4,27946491,-0.0083895377529199,-0.0664395229982965,0.0063487620305499,17563730.7,318.76750000000004,308.925,0,-0.2880434469518033,39.98916755204402,8.886212228975156,-0.0301924353019242,0.5603848706038487,0.5301924353019244,0,ONGC,0
2024-09-09,301.3,301.3,287.6,291.75,30369085,-0.0320172528201724,-0.0836997487437185,0.0103978128074176,18465971.0,317.125,309.538,0,-0.697080241089035,34.63063840137812,9.237197069762642,0.001885175664096,0.5458440445586975,0.5477292202227936,0,ONGC,0
2024-09-10,292.9,294.3,287.95,288.5,15618589,-0.0111396743787489,-0.0826709062003179,0.0105429565299047,18011279.6,314.89250000000004,309.955,0,-0.6929132767065646,33.02556738453545,9.03096870763674,0.0131715771230503,0.5407279029462738,0.5538994800693241,0,ONGC,0
2024-09-11,285.4,285.4,276.45,278.45,44826300,-0.0348353552859619,-0.0925533648362393,0.0130921842229338,21249235.8,312.4225,310.196,0,-0.7765362260853377,28.6097139117998,9.246613799948404,0.0028730472257138,0.5241515532411564,0.5270246004668702,1,ONGC,0
2024-09-12,281.1,287.7,279.65,287.0,21964895,0.0307056922248158,-0.0557657509458792,0.026248602029078,22065729.2,310.7575,310.571,0,0.7329191636125225,36.40084399084295,9.24685567138066,0.0184668989547038,0.5383275261324042,0.5567944250871081,0,ONGC,0
2024-09-13,288.6,290.15,284.1,284.45,13672371,-0.0088850174216028,-0.0562375580623755,0.0262365773729787,21466319.7,308.895,310.898,0,-0.6859502998429364,35.16811071303572,9.018508837710607,-0.0182808929513095,0.5341887853752856,0.5159078924239762,1,ONGC,0
2024-09-16,287.75,288.35,284.4,285.5,10971110,0.0036913341536297,-0.0214224507283633,0.0239230866386775,21665879.6,306.8075,311.2,0,-0.5696201089569278,36.12730527442205,8.656472492159855,-0.0218914185639229,0.5359019264448336,0.5140105078809106,1,ONGC,0
2024-09-17,286.65,289.5,285.15,287.6,11873436,0.0073555166374781,-0.0031195840554592,0.0239908323614741,21821112.1,305.0775,311.326,0,0.2183907543929393,38.09983922122677,8.348867314148439,0.0163421418636995,0.5392906815020863,0.5556328233657858,0,ONGC,0
2024-09-18,290.5,290.65,281.0,283.45,13421760,-0.0144297635605008,0.0179565451607111,0.0175338280551772,20623567.7,303.2575,311.155,0,-0.7305698724798089,35.75019987241538,8.441805363137835,-0.0148174281178337,0.5325454224730993,0.5177279943552655,0,ONGC,0
2024-09-19,280.5,282.3,275.75,278.4,17067311,-0.0178161933321573,-0.0299651567944251,0.0110826106023091,20773134.8,301.3475,310.916,0,-0.3206106380747146,33.07699595698409,8.388819265770845,0.0030531609195403,0.524066091954023,0.5271192528735633,1,ONGC,0
2024-09-20,280.15,282.15,278.35,279.4,16585530,0.0035919540229885,-0.017753559500791,0.0116647349620392,19637038.7,299.755,310.684,0,-0.1973683691135894,34.12738890694631,8.061046461072925,-0.0005368647100929,0.5257695060844667,0.5252326413743738,1,ONGC,0
2024-09-23,281.5,289.3,280.65,288.4,14621229,0.0322118826055835,0.0101576182136602,0.0200401192416836,18062253.1,298.175,310.503,0,0.7976877690534314,42.82516952255551,8.192400285282003,0.0135228848821083,0.5405686546463245,0.5540915395284328,0,ONGC,0
2024-09-24,289.2,294.75,287.65,292.3,16986759,0.0135228848821082,0.0163421418636995,0.020619531078006,18199070.1,296.74,310.35400000000004,0,0.4366196568141346,46.14370759033558,8.114371693476148,0.0,0.5466985973315087,0.5466985973315087,0,ONGC,0
2024-09-25,292.3,294.0,289.6,291.55,10609614,-0.0025658569962367,0.0285764685129652,0.018640128079212,14777401.5,295.32000000000005,309.88899999999995,0,-0.1704545067148857,45.59562447110402,7.849059429656421,0.0025724575544503,0.5455324987137712,0.5481049562682216,0,ONGC,0
2024-09-26,289.95,291.55,284.5,288.15,27812412,-0.011661807580175,0.0350215517241379,0.0168045272833028,15362153.2,293.6425,309.353,0,-0.2553191127206944,43.09655226500565,7.791983756109535,0.0144022210654174,0.5401700503210133,0.5545722713864307,0,ONGC,0
2024-09-27,285.7,291.3,282.75,290.1,35706130,0.006767308693389,0.0382963493199715,0.0167022867065239,17565529.1,292.005,308.68,0,0.5146198228514861,44.95982247292549,7.8461277735302835,0.0075835918648741,0.5432609445018959,0.5508445363667701,0,ONGC,0
2024-09-30,289.9,294.6,286.7,290.5,16294341,0.0013788348845225,0.0072815533980583,0.0095141035704587,18097852.2,290.61,308.25,0,0.0759493574747674,45.35509533216497,7.849975789706694,0.0061962134251291,0.5438898450946644,0.5500860585197935,0,ONGC,0
2024-10-01,289.9,292.0,283.75,284.95,10919818,-0.019104991394148,-0.0251453985631201,0.0103490053341134,18002490.4,289.1325,307.687,0,-0.5999999272727348,40.959757865961706,7.878548947584788,-0.0200035093876118,0.5350061414283207,0.515002632040709,0,ONGC,0
2024-10-03,287.95,290.85,283.6,285.05,28124665,0.0003509387611861,-0.0222946321385697,0.0106022545598725,19472780.9,288.0425,307.255,0,-0.3999999448275906,41.070570703635845,7.833652594185874,-0.020347307489914,0.5351692685493773,0.5148219610594632,1,ONGC,0
2024-10-04,289.9,292.55,286.2,288.2,23104209,0.0110506928609015,0.0001735207357278,0.0115639537786737,20076470.7,287.255,306.781,1,-0.2677164932729904,44.5980329036818,7.80982026602974,0.0142262317834837,0.5402498265093685,0.5544760582928523,0,ONGC,0
2024-10-07,288.9,289.2,274.75,282.5,20917962,-0.0197779319916724,-0.026197862805929,0.0136385647647612,20509713.9,286.31,305.87600000000003,0,-0.4429065437434906,39.93918706834264,8.284118818456186,-0.011504424778761,0.5309734513274337,0.5194690265486726,0,ONGC,0
2024-10-08,281.25,286.85,273.85,286.45,10572360,0.0139823008849557,-0.0139414802065405,0.0161048785143365,20104827.0,286.045,305.13199999999995,1,0.3999999692307707,44.28287167686283,8.620967474280745,0.0204224122883575,0.5374410891953221,0.5578635014836796,0,ONGC,0
2024-10-09,284.3,284.9,280.0,281.6,13147475,-0.0169314016407748,-0.0117564484997366,0.0155718634242639,19720898.6,285.7,304.265,0,-0.551020295710144,40.41770640327778,8.465898368974976,-0.0083451704545455,0.5294744318181819,0.5211292613636364,1,ONGC,0
2024-10-10,281.8,285.15,280.65,281.85,7237212,0.0008877840909091,-0.0112261006840904,0.0155962421715348,19383658.4,285.87,303.423,0,0.0111111086419783,40.70500485385642,8.182619914048193,-0.0092247649458932,0.5298917864112117,0.5206670214653184,1,ONGC,0
2024-10-11,284.35,286.6,282.55,285.55,7011704,0.0131275501153094,-0.0091950034698125,0.016056818549709,17303587.6,285.7975,302.61,0,0.2962962231367314,44.9367934499227,7.937432777330464,-0.0220626860444756,0.5359831903344423,0.5139205042899667,0,ONGC,0
2024-10-14,285.7,285.9,278.3,279.65,12690951,-0.0206618805813343,-0.0100884955752212,0.0163079417199546,15002069.7,285.5575,301.532,0,-0.7960525268351989,40.030717457815896,7.913330436092571,-0.0014303593777935,0.5261934561058466,0.524763096728053,0,ONGC,0
2024-10-15,279.55,279.55,274.15,276.9,15087155,-0.0098337207223314,-0.0333391516844127,0.0137853232186523,14881351.1,285.1275,300.62600000000003,0,-0.4907406498628458,37.95092534557003,7.740949690657388,0.0001805706031058,0.5214879017695919,0.5216684723726978,0,ONGC,0
2024-10-16,276.25,280.35,273.95,278.55,18188885,0.0059588299024919,-0.0108309659090909,0.0133238848567293,15608257.8,284.675,300.141,0,0.3593749438476649,39.96630810308399,7.645167569896148,0.0025130138215759,0.5243223837731108,0.5268353975946868,0,ONGC,0
2024-10-17,278.2,280.7,274.2,274.85,13343303,-0.0132830730569017,-0.0248359056235586,0.0140174333250773,14130121.6,284.245,299.663,0,-0.5153845360946815,37.05945105546062,7.563369886332137,0.006549026741859,0.5179188648353648,0.5244678915772238,0,ONGC,0
2024-10-18,275.25,277.7,272.5,276.5,14028398,0.0060032745133709,-0.031693223603572,0.011928364685882,13222540.5,284.15,298.769,0,0.2403845691568141,39.183752601277234,7.394557751594127,0.0005424954792042,0.5207956600361664,0.5213381555153707,0,ONGC,0
2024-10-21,274.4,277.2,268.0,270.0,10299773,-0.023508137432188,-0.0345074199892722,0.0128161935164891,12160721.6,283.67999999999995,297.869,0,-0.478260817580344,34.275928759152734,7.523517912194547,0.0246296296296295,0.5092592592592593,0.5338888888888889,0,ONGC,0
2024-10-22,271.35,271.5,263.55,264.3,10028511,-0.021111111111111,-0.045503791982665,0.0143544227976276,12106336.7,282.475,296.663,0,-0.8867923412839849,30.65044542560388,7.553980918466364,0.0467272039349223,0.498675747256905,0.5454029511918274,0,ONGC,0
2024-10-23,263.55,267.85,258.7,264.35,18823321,0.0001891789632992,-0.050978280380542,0.0130004285410498,12673921.3,281.0775,295.28700000000003,0,0.0874316844336966,30.71967098200109,7.667982281433055,0.0465292226215243,0.498770569320976,0.5452997919425003,0,ONGC,0
2024-10-24,265.4,265.95,261.95,262.65,7488521,-0.0064308681672027,-0.0443878479170458,0.0129740192949538,12699052.2,279.6325,293.983,0,-0.687499828125043,29.636460837112708,7.40598354704498,0.0533028745478774,0.4955263658861602,0.5488292404340377,0,ONGC,0
2024-10-25,263.55,263.85,255.35,257.75,12961181,-0.0186560060917569,-0.0678119349005424,0.0102619303629273,13293999.9,278.1125,292.732,0,-0.6823528608996625,26.712676073150675,7.484127579398913,0.0733268671193015,0.4859359844810863,0.5592628516003879,0,ONGC,0
2024-10-28,254.4,258.7,249.2,257.05,13835091,-0.0027158098933074,-0.0479629629629628,0.0095874319601765,13408413.9,276.46,291.439,0,0.2789473390581755,26.31330092632737,7.628118466584705,0.0762497568566425,0.4845360824742268,0.5607858393308693,0,ONGC,0
2024-10-29,257.05,259.2,253.2,258.65,9122757,0.0062244699474809,-0.0213772228528188,0.0092744258737554,12811974.1,274.86749999999995,290.067,0,0.2666666222222239,28.92885426018391,7.511824290400083,0.069592112893872,0.4877247245312197,0.5573168374250917,0,ONGC,0
2024-10-30,258.65,259.85,254.8,255.4,11166643,-0.0125652426058379,-0.0338566294685077,0.0094901589993407,12109749.9,273.39,288.731,0,-0.6435642289971752,26.84447183120301,7.335979698228649,0.0832028191072825,0.4812059514487079,0.5644087705559905,1,ONGC,0
2024-10-31,257.1,261.9,254.9,259.8,16173656,0.0172278778386845,-0.0108509423186748,0.0143776343432757,12392785.2,272.1275,287.53,0,0.3857142306122527,33.798957222093605,7.311981148355172,0.064857582755966,0.4899923017705928,0.5548498845265588,0,ONGC,0
2024-11-01,263.35,267.45,262.2,265.25,2955757,0.020977675134719,0.02909796314258,0.0138828590787363,11285521.1,270.98,286.50300000000004,0,0.3619046929705303,41.2490434611607,7.336125352044086,0.0429783223374174,0.5004712535344015,0.543449575871819,0,ONGC,0
2024-11-04,267.45,267.8,253.9,258.95,14355959,-0.023751178133836,0.0073915580626335,0.0192642436357318,11691139.7,269.8025,285.457,0,-0.6115107473733273,36.180330173640165,7.804973541183794,0.0683529638926433,0.4883182081482911,0.5566711720409345,0,ONGC,0
2024-11-05,258.85,262.15,257.3,261.0,11676017,0.0079165862135548,0.0090856369611445,0.0193798111948645,11855890.3,268.53000000000003,284.277,0,0.4432988776703329,38.81500352249761,7.593904002527807,0.0599616858237547,0.4923371647509578,0.5522988505747125,0,ONGC,0
2024-11-06,261.3,264.1,258.05,262.6,19244545,0.0061302681992339,0.0281910728269381,0.0175980794642467,11898012.7,267.58,283.10900000000004,0,0.2148759975411589,40.86689192449165,7.483625145204392,0.0535034272658033,0.4954303122619954,0.5489337395277988,0,ONGC,0
2024-11-07,264.0,264.0,258.45,258.85,6766663,-0.0142802741812643,-0.0036566589684372,0.0180731275382834,11825826.9,266.43,281.887,0,-0.9279277607337308,37.67764249329803,7.34550906340408,0.0687656944176162,0.4881205331272938,0.55688622754491,0,ONGC,0
2024-11-08,259.6,260.1,253.45,256.25,7836093,-0.0100444272744834,-0.0339302544769085,0.0135793301315297,11313318.1,264.96500000000003,280.578,0,-0.5037593227429598,35.60305883304389,7.295829844589505,0.0796097560975609,0.4829268292682926,0.5625365853658536,0,ONGC,0
2024-11-11,256.05,256.05,249.85,250.75,8450657,-0.0214634146341463,-0.0316663448542189,0.0128864842434045,10774874.7,263.52,279.136,0,-0.8548385718002298,31.63491075232446,7.231841998547398,0.1032901296111664,0.4715852442671984,0.5748753738783648,0,ONGC,0
2024-11-12,254.6,256.9,249.3,250.0,22445400,-0.0029910269192422,-0.0421455938697318,0.0105857928781668,12107139.0,262.175,277.768,0,-0.60526307825486,31.12546301644636,7.258138998651153,0.1065999999999999,0.47,0.5765999999999999,0,ONGC,0
2024-11-13,250.0,250.8,243.05,246.5,17483332,-0.014,-0.0613099771515613,0.0067490184538397,12738807.9,260.5725,276.408,0,-0.4516128449531812,28.79500320275348,7.293271927318927,0.122312373225152,0.4624746450304259,0.584787018255578,0,ONGC,0
2024-11-14,246.5,248.2,243.05,244.8,12454540,-0.0068965517241378,-0.054278539694804,0.0070771963219592,12366896.3,259.07000000000005,275.16700000000003,0,-0.3300970232821306,27.70976709849232,7.140181075367574,0.1301062091503266,0.4587418300653595,0.5888480392156862,0,ONGC,0
2024-11-18,245.1,246.05,241.2,244.65,14636541,-0.0006127450980392,-0.0452682926829267,0.0085297896066713,13534974.7,257.4775,273.981,0,-0.0927834860240207,27.61088573139287,6.97659671284132,0.1307991007561821,0.4584099734314327,0.5892090741876148,1,ONGC,0
2024-11-19,250.0,255.4,247.1,248.0,17397559,0.0136930308604128,-0.0109670987038883,0.0102105791036988,13839134.7,256.3775,272.913,0,-0.2409638263899001,33.33268699678577,7.246125519066941,0.115524193548387,0.4657258064516129,0.5812499999999999,0,ONGC,0
2024-11-21,248.0,248.0,240.8,242.15,16189440,-0.0235887096774193,-0.0313999999999999,0.0140588913294144,14290477.0,255.27000000000004,271.92100000000005,0,-0.812499887152794,29.019094579900184,7.242830839133587,0.1424736733429691,0.4528185009291761,0.5952921742721452,1,ONGC,0
2024-11-22,244.8,246.95,243.5,245.6,9637581,0.0142473673342968,-0.0036511156186612,0.0157548213140109,13329780.6,254.3325,271.063,0,0.2318839907582593,34.40991527712444,7.068342922052615,0.1264250814332247,0.4605048859934853,0.58692996742671,1,ONGC,0
2024-11-25,248.5,260.5,247.95,257.9,31973671,0.0500814332247556,0.0535130718954246,0.0268147003354898,15850481.4,254.09500000000003,270.652,1,0.749003924382155,49.21786701936527,7.627746999048857,0.0727025979061651,0.4862349747964327,0.5589375727025979,0,ONGC,0
2024-11-26,256.95,258.25,252.55,254.25,9242451,-0.0141527723924,0.0392397302268545,0.0288568163777599,15991117.2,253.92,269.997,1,-0.4736841274238362,45.90581650907735,7.490050784831081,0.0881022615535889,0.4788593903638151,0.566961651917404,0,ONGC,0
2024-11-27,255.0,255.5,250.55,254.3,11689970,0.0001966568338249,0.0254032258064516,0.028828926564866,16315048.5,253.7825,269.394,1,-0.1414141128456318,45.95946476746853,7.308618585914575,0.0878883208808492,0.4789618560755014,0.5668501769563506,0,ONGC,0
2024-11-28,255.0,257.4,251.2,252.2,14202863,-0.0082579630357846,0.0415032004955604,0.0256170893271129,15490794.8,253.46000000000004,268.728,0,-0.45161283038503,43.986329953165686,7.229431544063533,0.0969468675654242,0.4746233148295004,0.5715701823949246,1,ONGC,0
2024-11-29,253.8,258.65,252.25,256.7,11476347,0.0178429817605074,0.0451954397394136,0.0258706811620766,14890096.3,253.525,268.11,1,0.4531249291992278,49.03557902019983,7.173757862344708,0.0777171795870665,0.4838332684067004,0.561550447993767,0,ONGC,0
2024-12-02,255.5,258.3,252.7,257.55,13677959,0.0033112582781458,-0.0013571151609149,0.012223393265981,15012438.2,253.4125,267.592,1,0.3660713632015428,49.95327644056317,7.061346586462944,0.0741603572121916,0.485536788973015,0.5596971461852066,0,ONGC,0
2024-12-03,260.4,264.7,258.85,262.35,15345326,0.0186371578334303,0.0318584070796461,0.0116571111937131,15083316.7,253.2675,267.271,1,0.3333332763532958,54.89280225231736,7.067678973144161,0.0545073375262052,0.494949494949495,0.5494568324757003,0,ONGC,0
2024-12-04,263.85,264.3,260.0,260.7,10713838,-0.0062893081761007,0.0251671254423908,0.0128157739355229,14414944.6,253.355,266.897,1,-0.7325579691725713,52.95786250210574,6.869987617919579,0.061181434599156,0.4917529727656309,0.552934407364787,0,ONGC,0
2024-12-05,260.7,263.25,256.9,261.3,12896743,0.0023014959723821,0.0360824742268042,0.0107837031359948,14085674.9,253.37,266.355,1,0.0944881740963537,53.59838898897171,6.832845645211039,0.0587447378492153,0.492920015308075,0.5516647531572904,0,ONGC,0
2024-12-06,260.8,263.0,259.55,260.05,8783386,-0.0047837734404898,0.0130502532138683,0.0098908932942686,14000255.4,253.2425,265.71,1,-0.2173912413358728,52.00956171524085,6.59121381341025,0.0638338781003651,0.4904825995000961,0.5543164776004613,0,ONGC,0
2024-12-09,260.05,261.35,257.7,258.9,6800856,-0.0044222264949049,0.0052417006406522,0.0103526627756542,11482973.9,253.245,265.057,1,-0.3150684068305798,50.52564566316448,6.381127112452377,0.0685592893008883,0.4882193897257628,0.5567786790266511,0,ONGC,0
2024-12-10,257.65,258.75,254.5,256.9,11318782,-0.007724990343762,-0.0207737754907567,0.0038551612448361,11690607.0,253.2775,264.432,1,-0.1764705467128125,47.96265965476852,6.239618032991492,0.0768781627092253,0.4842351109381081,0.5611132736473335,0,ONGC,0
2024-12-11,257.5,258.7,255.65,256.6,5353032,-0.0011677695601399,-0.0157268891446105,0.0038362061869017,11056913.2,253.57,263.762,1,-0.2950818704649547,47.57283496812353,6.011788173492099,0.0781371784879187,0.4836321122369447,0.5617692907248635,0,ONGC,0
2024-12-12,258.0,258.6,253.6,254.05,7123877,-0.0099376461418551,-0.0277458859548411,0.0033551652653677,10349014.6,253.7725,263.033,1,-0.7899998420000248,44.278536475567215,5.9395175896712376,0.0889588663648886,0.4784491241881519,0.5674079905530406,0,ONGC,0
2024-12-13,253.0,256.8,249.5,254.25,11143128,0.0007872466049989,-0.0223034031916939,0.0044450282265471,10315692.7,254.16,262.419,1,0.1712328532557732,44.60255374531151,6.036694904694722,0.0881022615535889,0.4788593903638151,0.566961651917404,0,ONGC,0
2024-12-16,254.0,256.3,251.2,251.8,7283872,-0.0096361848574237,-0.0274237157203551,0.0050010640884117,9676284.0,254.51,261.754,0,-0.4313724644367675,41.424755170284726,5.969788125787957,0.0986894360603652,0.4737887212073074,0.5724781572676726,0,ONGC,0
2024-12-17,251.75,252.45,246.5,247.4,10066884,-0.017474185861795,-0.0369793694044374,0.0073953425442573,9148439.8,254.6475,260.938,0,-0.7310923141021325,36.40787987560526,5.968374688231674,0.1182295877122068,0.4644300727566693,0.5826596604688762,0,ONGC,0
2024-12-18,247.4,247.5,243.4,244.15,8430930,-0.0131366208569119,-0.048519095869057,0.0067477803013507,8920149.0,254.455,260.171,0,-0.7926827334920173,33.20868697136039,5.834919353357983,0.1331148883882857,0.4573008396477575,0.5904157280360434,0,ONGC,0
2024-12-19,240.0,243.95,238.55,241.85,9518542,-0.009420438255171,-0.04802204290494,0.0067506294033676,8582328.9,254.44,259.279,0,0.342592529149532,31.124320514040363,5.8181393995466975,0.1438908414306387,0.4521397560471366,0.5960305974777754,0,ONGC,0
2024-12-20,241.5,244.15,235.3,237.1,15556528,-0.0196402728964234,-0.0674532940019666,0.0045974852518466,9259643.1,254.015,258.389,0,-0.4971750850649631,27.311715551549653,6.034700871007646,0.1668072543230703,0.4411640657950232,0.6079713201180935,1,ONGC,0
2024-12-23,238.25,242.3,236.85,240.85,7722901,0.0158161113454238,-0.0434868943606037,0.0142994142994973,9351847.6,253.1625,257.569,0,0.4770641326487804,34.16789267459207,5.992936523078529,0.1486402325098608,0.4498650612414365,0.5985052937512975,0,ONGC,0
2024-12-24,241.0,243.25,238.6,238.95,3577400,-0.0078887274237077,-0.0341552142279709,0.0134587454280281,8577709.4,252.3975,256.637,0,-0.4408601202451373,32.4954648652631,5.897012485715777,0.1577735928018413,0.4454906884285415,0.6032642812303829,1,ONGC,0
2024-12-26,240.0,242.0,239.0,240.25,6330006,0.0054404687173048,-0.0159737866065943,0.0138492952259918,8675406.8,251.695,255.849,0,0.0833333055555648,34.84536255031948,5.693654451021794,0.1515088449531736,0.4484911550468262,0.5999999999999999,0,ONGC,0
2024-12-27,240.0,241.0,236.3,236.9,6487888,-0.0139438085327783,-0.0204672317552201,0.014494921807876,8611807.9,250.93,255.049,0,-0.6595743277501434,31.775657257259724,5.622679133091665,0.1677923174335161,0.4406922752216125,0.6084845926551287,0,ONGC,0
2024-12-30,236.05,237.0,231.15,232.65,19401112,-0.0179400590966652,-0.0187684521299029,0.0140506855071727,9437606.3,249.7275,254.13100000000003,0,-0.5811964818467568,28.362017958509654,5.638916337870831,0.1891252955082741,0.430474962389856,0.6196002578981301,1,ONGC,0
2024-12-31,232.65,239.9,232.35,239.25,12004845,0.0283687943262411,-0.0066431388831222,0.0187468828263086,9909703.6,248.8125,253.419,0,0.8741720696460814,39.27259029474407,5.775422313737201,0.1563218390804596,0.4461859979101358,0.6025078369905955,1,ONGC,0
2025-01-01,237.81,239.24,236.35,236.95,9418453,-0.0096133751306165,-0.0083699518727767,0.0189159898178553,9844860.5,247.5425,252.628,0,-0.2975777517032033,37.14923509930992,5.570035005613116,0.1675458957585988,0.4408102975311246,0.6083561932897235,1,ONGC,0
2025-01-02,237.05,246.78,237.0,246.07,19745810,0.0384891327284238,0.0242247658688865,0.0262976304366251,10976348.5,246.811,252.1494,0,0.9222902942443444,48.93831541688997,5.874318219497894,0.1242735806884219,0.4615353354736456,0.5858089161620676,1,ONGC,0
2025-01-03,248.45,262.75,247.99,258.89,49760410,0.0520989962205875,0.0928239763613338,0.0305935057515026,15000535.3,246.6905,252.04120000000003,1,0.7073170252495243,60.23089270592542,6.646152632390902,0.0686005639460774,0.488199621460852,0.5568001854069295,0,ONGC,0
2025-01-06,259.11,259.5,251.45,254.36,19265884,-0.0174977789794892,0.0933161401246507,0.0304629587565502,15371470.9,246.406,251.8414,1,-0.5900620385016093,55.55548253417916,6.746427444362981,0.0876317030979712,0.4790847617549929,0.5667164648529642,1,ONGC,0
2025-01-07,259.15,267.4,258.05,263.49,52956766,0.0358940084919012,0.1013166144200627,0.0312560769130837,19894857.4,246.6355,251.8582,1,0.4641710733506924,61.96393613338263,7.195968341194194,0.0499449694485558,0.4971346161144636,0.5470795855630194,0,ONGC,0
2025-01-08,266.45,273.5,265.75,271.33,42237794,0.0297544498842459,0.1450939016670183,0.0265796292294004,23760896.8,247.357,252.1298,1,0.6296773381061493,66.43900611177682,7.396970602537466,0.0196071204805955,0.5116647624663694,0.5312718829469649,0,ONGC,0
2025-01-09,272.03,272.59,261.71,263.18,14706472,-0.0300372240445213,0.0695330596984598,0.0357437475898547,24598543.4,247.686,252.2524,1,-0.8134190428842764,58.706556486237176,7.645758416641932,0.0511817007371379,0.4965422904476024,0.5477239911847404,0,ONGC,0
2025-01-10,264.0,266.5,258.47,263.02,13053552,-0.0006079489322897,0.0159527212329559,0.0288149062203394,25255109.8,248.13450000000003,252.3398,1,-0.1220423260221289,58.56245769951363,7.67320424402465,0.0518211542848452,0.4962360276785035,0.5480571819633487,0,ONGC,0
2025-01-13,266.03,268.6,254.61,255.73,20416370,-0.0277165234582921,0.0053860669916652,0.0309592387520785,25356635.6,248.2085,252.3464,1,-0.7362401189249362,52.26743715322964,8.124403940880033,0.0818050287412505,0.4818754154772611,0.5636804442185116,1,ONGC,0
2025-01-14,257.52,262.0,256.82,260.37,8470150,0.018144136393853,-0.0118410565865877,0.0267556150246094,25003166.1,248.637,252.3578,1,0.5501929439781998,55.54305064345096,7.991946516531459,0.0625264047317278,0.4911088066981603,0.5536352114298881,0,ONGC,0
2025-01-15,260.9,264.47,257.69,258.18,9344731,-0.0084111072704228,-0.0484649688571111,0.0199863519489584,24995793.9,249.176,252.2164,1,-0.4011798818318697,53.67095497482695,7.905378908207785,0.071539236191804,0.4867921605081726,0.5583313966999767,1,ONGC,0
2025-01-16,260.0,265.63,260.0,263.18,14195450,0.0193663335657292,0.0,0.0196434879177283,24440757.9,250.1275,252.301,1,0.5648311607759944,57.21651649065255,7.8728518433358,0.0511817007371379,0.4965422904476024,0.5477239911847404,0,ONGC,0
2025-01-17,262.0,267.0,261.3,266.57,12148143,0.0128809180028877,0.0134970724659722,0.0204232958524014,20679531.2,251.3635,252.4124,1,0.8017542453062732,59.48068205123414,7.717648140240385,0.0378137074689574,0.5029448174963425,0.5407585249652999,0,ONGC,0
2025-01-20,268.1,270.47,265.01,269.36,9676264,0.0104662940315864,0.053298400656943,0.0111841853310466,19720569.2,252.9765,252.5476,1,0.2307691885038084,61.29609732444488,7.556387558794646,0.0270641520641519,0.5080932580932581,0.53515741015741,0,ONGC,0
2025-01-21,268.05,269.35,264.81,265.8,8989218,-0.0132165132165131,0.020854937204747,0.0142040129424064,15323814.4,254.224,252.6866,1,-0.4955946044945782,57.741176248626246,7.341645590309315,0.0408201655379983,0.5015048908954101,0.5423250564334084,0,ONGC,0
2025-01-22,266.0,266.39,261.71,264.05,7919682,-0.006583897667419,0.0227360756061663,0.0138160940276544,11892003.2,255.479,252.8426,1,-0.4166665776353436,56.02120065024894,7.151528048144364,0.0477182351827304,0.4982010982768415,0.5459193334595719,0,ONGC,0
2025-01-23,263.0,263.83,261.17,263.05,5026675,-0.0037871615224389,-0.0004939585074853,0.0112673901949988,10924023.5,256.619,253.0886,1,0.0187969854146716,55.0127682454674,6.846418901848338,0.0517011974909711,0.496293480326934,0.5479946778179052,0,ONGC,0
2025-01-24,262.99,265.64,255.75,256.51,6306281,-0.0248621934993348,-0.0377386802715984,0.0129565588769351,10249296.4,257.5995,253.2188,0,-0.6552072138314271,48.82291291040307,7.063817551716313,0.0785154574870374,0.4834509375852793,0.5619663950723168,0,ONGC,0
2025-01-27,255.0,256.44,249.51,250.78,6944911,-0.0223383103972554,-0.068978318978319,0.009318059751929,8902150.5,258.506,253.3044,0,-0.6089465210755373,44.137125291769145,7.059259155165148,0.103158146582662,0.471648456814738,0.5748066033974,0,ONGC,0
2025-01-28,250.0,252.4,246.71,248.68,8029472,-0.0083738735146343,-0.0644093303235515,0.0096847910900571,8858082.7,258.9775,253.382,0,-0.2319858994752362,42.526237715618855,6.96145492979621,0.112473861991314,0.4671867460189802,0.5796606080102943,1,ONGC,0
2025-01-29,248.9,252.0,247.0,251.4,5651586,0.0109377513270065,-0.0479075932588525,0.0145967024520535,8488768.2,259.7,253.517,0,0.49999990000002,45.31043466223083,6.821351006239338,0.1004375497215591,0.4729514717581543,0.5733890214797135,0,ONGC,0
2025-01-30,252.0,259.4,250.94,256.72,12588155,0.0211614956245029,-0.0240638661851358,0.0202760787985421,8328038.7,260.2325,253.69140000000004,0,0.5579195558014756,50.374112041508575,6.938397362936526,0.0776332190713615,0.4838734808351512,0.5615066999065128,0,ONGC,0
2025-01-31,257.01,263.49,255.21,262.61,8850307,0.0229432845123089,0.0237807492885269,0.0196504854393838,7998255.1,260.4185,254.1006,1,0.6763284207332853,55.30790187344727,7.034226122726774,0.0534633106126954,0.4954495259129508,0.5489128365256463,0,ONGC,0
2025-02-01,259.55,262.5,253.75,257.55,10921673,-0.0192681162179657,0.0269957731876544,0.018608208727369,8122796.0,260.57800000000003,254.3396,0,-0.2285714024489826,50.6492006766572,7.164638542532005,0.0741603572121916,0.485536788973015,0.5596971461852066,0,ONGC,0
2025-02-03,255.6,256.35,244.85,249.0,25719512,-0.0331974373907979,0.0012867942737655,0.0253270586246308,9795825.4,259.85350000000005,254.1616,0,-0.5739129935727812,43.91762409398731,7.560021503779721,0.1110441767068272,0.4678714859437751,0.5789156626506023,1,ONGC,0
2025-02-04,252.4,257.5,252.0,254.1,8402532,0.0204819277108434,0.0107398568019092,0.0266348373372131,9844110.4,258.992,254.1586,0,0.3090908528925701,48.32905371470413,7.627162824938312,0.0887445887445886,0.478551751279024,0.5672963400236126,1,ONGC,0
2025-02-05,259.0,263.0,257.75,261.65,11590755,0.0297127115308932,0.0192038018074165,0.0283575812962924,10500518.4,258.9155,254.30560000000003,1,0.504761808616794,54.08679350575135,7.718079766014148,0.0573284922606535,0.4935983183642269,0.5509268106248806,0,ONGC,0
2025-02-06,262.65,262.95,254.3,256.15,12327998,-0.0210204471622396,-0.0245992155668102,0.0278794119185573,11102690.1,258.572,254.3846,0,-0.75144499983295,49.73868531359496,7.784645497013136,0.0800312317001756,0.4827249658403278,0.5627561975405035,0,ONGC,0
2025-02-07,252.95,253.85,247.5,248.9,10098454,-0.0283037282842083,-0.0335857115123277,0.0293188421834155,11418044.4,258.2305,254.2286,0,-0.637795175150364,44.6438437149624,7.846456532940768,0.1114905584572116,0.467657693852953,0.5791482523101646,0,ONGC,0
2025-02-10,248.95,249.6,241.8,242.45,7582536,-0.02591402169546,-0.0263052208835341,0.0278002490318433,11373350.8,257.33450000000005,253.9266,0,-0.833333226495742,40.654082201796605,7.843138209159283,0.1410600123736852,0.4534955660961022,0.5945555784697876,0,ONGC,0
2025-02-11,242.45,242.45,236.8,238.95,6711630,-0.0144359661785935,-0.0596221959858324,0.0239095376367029,11479355.2,256.373,253.4586,0,-0.6194689169081588,38.63630170776852,7.686485479933618,0.1577735928018413,0.4454906884285415,0.6032642812303829,0,ONGC,0
2025-02-12,239.0,241.25,234.15,237.4,5985956,-0.0064867127014018,-0.0926810624880564,0.0088824053589052,10819135.3,255.084,252.9926,0,-0.225352080936326,37.742886769528944,7.644593659938359,0.1653327716933444,0.4418702611625948,0.6072030328559392,0,ONGC,0
2025-02-13,238.5,239.45,234.2,234.95,10079210,-0.0103201347935973,-0.0827640054655475,0.0096035893103893,10942025.6,253.503,252.4656,0,-0.676190347392317,36.31351557310999,7.473551255657048,0.1774845711853585,0.4360502234517982,0.6135347946371568,0,ONGC,0
2025-02-14,235.0,237.95,226.75,230.5,8065352,-0.0189402000425622,-0.0739252711932503,0.007567953516899,10656393.5,251.56000000000003,251.8746,0,-0.4017856784119934,33.80901551108066,7.739726165967258,0.2002169197396962,0.4251626898047722,0.6253796095444685,0,ONGC,0
2025-02-17,230.2,234.3,225.05,233.65,6692422,0.0136659436008677,-0.0362961435347494,0.0126072365482236,8753684.5,249.9525,251.3696,0,0.3729729326515767,37.115247570035656,7.847602868398168,0.1840359512090732,0.4329124759255296,0.616948427134603,0,ONGC,0
2025-02-18,232.2,237.15,229.55,236.6,6170974,0.0126257222341108,-0.0098346934505126,0.0144533718322709,8530528.7,248.58,250.9636,0,0.5789472922437785,40.13124432186627,7.829916949226869,0.1692730346576499,0.4399830938292476,0.6092561284868976,0,ONGC,0
2025-02-19,236.0,238.8,234.5,238.3,6168581,0.0071851225697381,0.0037910699241785,0.0146583894617409,7988311.3,247.3425,250.5976,0,0.5348835965386997,41.861695941331945,7.577780024282093,0.1609315988250103,0.443978178766261,0.6049097775912714,0,ONGC,0
2025-02-20,236.8,242.65,236.5,241.9,8929816,0.015107007973143,0.0295807618642265,0.0142214377753451,7648493.1,246.612,250.35460000000003,0,0.8292681578425742,45.45700690553625,7.475795736833374,0.1436544026457212,0.4522529971062423,0.5959073997519635,0,ONGC,0
2025-02-21,241.9,243.05,238.1,239.9,5697387,-0.0082678792889623,0.0407809110629067,0.009608560590313,7208386.4,246.068,250.06760000000003,0,-0.404040322416095,43.83516353600967,7.295381755630991,0.1531888286786159,0.4476865360566903,0.6008753647353062,0,ONGC,0
2025-02-24,236.3,237.95,234.0,234.35,6883143,-0.0231346394330971,0.00299593408945,0.0161272625785376,7138447.1,245.35150000000004,249.7186,0,-0.4936707610960155,39.6116079340596,7.195711630228778,0.1804992532536803,0.4346063580115212,0.6151056112652016,0,ONGC,0
2025-02-25,235.0,236.7,232.55,233.0,5519036,-0.0057606144655429,-0.0152155536770921,0.0147679753264267,7019187.7,244.4315,249.43060000000003,0,-0.4819275947162448,38.63644274938284,6.978160799498149,0.1873390557939913,0.4313304721030043,0.6186695278969956,0,ONGC,0
2025-02-27,233.5,233.85,228.5,231.0,9664032,-0.0085836909871244,-0.0306336550566512,0.013701239197118,7386995.3,243.1455,249.1676,0,-0.4672896322823122,37.17627582023072,6.861863599533995,0.1976190476190475,0.4264069264069264,0.6240259740259739,0,ONGC,0
2025-02-28,230.0,230.5,223.15,225.25,17237276,-0.0248917748917748,-0.0688300950806118,0.0091114203237823,8102801.9,241.2775,248.8356,0,-0.646258415475046,33.28191479076945,6.932444770995852,0.2281908990011097,0.4117647058823529,0.6399556048834627,0,ONGC,0
2025-03-03,224.75,226.0,218.36,225.13,11928529,-0.0005327413984461,-0.0615673197165486,0.0108465565591014,8489119.6,239.6565,248.5962,0,0.0497382133850501,33.20374203091933,6.982984430210434,0.2288455559010349,0.4114511615511038,0.6402967174521387,0,ONGC,0
2025-03-04,220.1,227.75,215.48,226.76,12428265,0.0072402611824278,-0.0323874546618305,0.0119116396038301,9062703.9,238.5445,248.3144,0,0.54278724182663,35.422546823742024,7.360628399481118,0.2200123478567648,0.4156817780913741,0.6356941259481389,0,ONGC,0
2025-03-05,227.12,231.25,226.76,228.94,7466729,0.0096136884812136,-0.0174248927038627,0.0139602533910651,9192279.4,237.2865,248.1142,0,0.4053451213039795,38.37107399362319,7.155583513803896,0.2083952127194897,0.4212457412422469,0.6296409539617366,0,ONGC,0
2025-03-06,231.49,233.57,226.71,232.6,10439208,0.0159867214117235,0.006926406926407,0.0158847729760345,9619342.1,235.834,247.9612,0,0.1618075565878179,43.07076039065402,7.134470405675045,0.1893809114359414,0.4303525365434221,0.6197334479793636,0,ONGC,0
2025-03-07,232.6,236.47,231.17,232.89,9079049,0.0012467755803955,0.0339178690344061,0.0066534626974248,9634265.4,234.671,247.88100000000003,0,0.0547169708081171,43.43880836023241,7.003436805269685,0.187899866889948,0.4310618747047962,0.6189617415947443,0,ONGC,0
2025-03-10,232.89,235.0,222.48,223.19,16489167,-0.0416505646442526,-0.008617243370497,0.0230505069547885,10713443.4,233.38549999999995,247.6918,0,-0.7747603215047651,35.233678636021665,7.397477033464709,0.2395268605224247,0.406335409292531,0.6458622698149558,0,ONGC,0
2025-03-11,220.9,227.26,220.1,226.72,10941588,0.0158161207939424,-0.0001763979537836,0.0241571252433542,11119287.9,232.599,247.4412,0,0.8128490484847691,39.69772694860258,7.380514388217229,0.2202275935074099,0.4155786873676781,0.6358062808750882,1,ONGC,0
2025-03-12,227.1,228.84,222.36,224.4,6994310,-0.0102328863796753,-0.019830523281209,0.0238527683496621,11266815.3,231.87150000000003,247.1902,0,-0.4166666023662639,37.85119342884798,7.316191931915997,0.2328431372549018,0.4095365418894831,0.6423796791443849,1,ONGC,0
2025-03-13,228.15,230.4,224.87,225.43,16105085,0.0045900178253119,-0.0308254514187445,0.0219629051895505,11910920.6,231.273,246.77740000000003,0,-0.4918624788675442,39.20328343802588,7.222178222493426,0.2272102204675507,0.4122343964867143,0.639444616954265,1,ONGC,0
2025-03-17,226.52,230.45,226.24,229.74,8789001,0.0191190169897528,-0.0135256988277726,0.0247269627986922,11066093.1,231.0125,246.1944,0,0.7648454240272187,44.63153564566865,7.064879778029608,0.2041873422129362,0.423261077740054,0.6274484199529902,1,ONGC,0
2025-03-18,230.84,232.5,228.52,232.12,9647391,0.0103595368677635,0.0400107531699449,0.0115578282311307,10837979.3,231.09350000000003,245.7496,1,0.3216079593949861,47.42317077194256,6.844531222456064,0.1918404273651558,0.4291745648802343,0.6210149922453903,1,ONGC,0
2025-03-19,232.5,235.14,231.6,232.57,8626593,0.0019386524211613,0.0258027522935779,0.0108343449069349,10457812.1,231.0395,245.13120000000004,1,0.0197740057135558,47.95745815170136,6.608493277994916,0.1895343337489787,0.4302790557681558,0.6198133895171345,1,ONGC,0
2025-03-20,233.48,237.04,232.01,235.59,18955995,0.0129853377477748,0.0498663101604277,0.00682363951055,11606738.7,230.98900000000003,244.41640000000004,1,0.4194830179954265,51.518183838636354,6.495743758138137,0.1742858355617809,0.4375822403327815,0.6118680758945625,1,ONGC,0
2025-03-21,235.8,248.0,235.8,242.42,29285333,0.0289910437624685,0.0753670762542695,0.0101043438324097,13491351.2,231.195,244.00120000000004,1,0.5426229063423833,58.44319683511621,6.918190632556842,0.1412012210213678,0.4534279349888623,0.5946291560102301,0,ONGC,0
2025-03-24,244.19,246.4,242.75,243.83,10566066,0.0058163517861564,0.0613301993557935,0.0103901894214567,13640052.9,231.2915,243.6174,1,-0.0986301099643492,59.72225402486618,6.708319873088497,0.1346019767871056,0.4565886068162244,0.5911905836033301,0,ONGC,0
2025-03-25,244.01,245.37,240.55,242.25,8915800,-0.0064799245375877,0.0436412200585902,0.0133654365748358,12882716.2,231.409,243.34780000000003,1,-0.3651451524595105,57.58346339891902,6.573439882153603,0.142002063983488,0.4530443756449948,0.5950464396284829,0,ONGC,0
2025-03-26,243.35,244.5,239.37,239.72,7543985,-0.0104437564499484,0.0307434320849637,0.0158383344742327,12542955.9,231.67749999999995,242.9348,1,-0.707602201247134,54.23416997281685,6.470337033428345,0.1540547305189386,0.4472718171199733,0.601326547638912,0,ONGC,0
2025-03-27,238.87,243.4,238.65,242.17,9935664,0.0102202569664608,0.0279298781781909,0.0155873269571196,12837091.3,232.136,242.6146,1,0.6947366958449025,56.85145952390444,6.347455816754892,0.1423793203121773,0.452863690795722,0.5952430111078993,1,ONGC,0
2025-03-28,243.44,254.9,243.26,246.38,32905564,0.0173844819754718,0.0163352858675027,0.0115880582852074,14517139.2,232.905,242.2786,1,0.2525772978885477,60.98087558438912,6.803351829843829,0.1228589982953161,0.462212841951457,0.5850718402467732,0,ONGC,0
2025-04-01,247.0,252.2,246.7,248.07,11258957,0.0068593229969964,0.0173891645818806,0.0116538905092655,14764134.8,234.046,241.9086,1,0.1945454191735589,62.53105953788669,6.733112413426412,0.1152094166969,0.4658765670979965,0.5810859837948965,0,ONGC,0
2025-04-02,250.05,251.5,248.0,250.64,15337906,0.0103599790381747,0.0346336429308564,0.010413027893182,15333186.3,235.3215,241.53420000000003,1,0.1685713804081698,64.81999088614049,6.502175812467383,0.1037743376954994,0.4713533354612192,0.5751276731567188,0,ONGC,0
2025-04-03,248.0,249.62,242.51,243.31,11141370,-0.0292451324608999,0.0149758051059569,0.0184918268311224,15584664.0,236.14900000000003,241.0844,1,-0.6596342250866053,54.57899039027818,6.618448968719712,0.1370268381899633,0.4554272327483457,0.592454070938309,0,ONGC,0
2025-04-04,240.56,241.21,224.2,226.01,38336194,-0.0711027084788953,-0.0667299830697444,0.0370911593664639,17522683.9,236.0025,240.3236,0,-0.8553791384256823,38.94134961310448,7.510702613811162,0.2240608822618467,0.4137427547453652,0.637803637007212,0,ONGC,0
2025-04-07,208.0,220.8,205.0,219.84,27024128,-0.0272996770054422,-0.1077197824498741,0.0330592142757671,17296563.4,235.3645,239.4594,0,0.7493670411793009,35.080881444141,8.474938141396079,0.2584152110625908,0.3972889374090247,0.6557041484716156,0,ONGC,0
2025-04-08,223.0,227.24,219.18,226.66,11309092,0.0310225618631732,-0.0863062845164671,0.0394890635101704,17370866.0,235.05300000000005,238.8624,0,0.4540942364647344,41.93324543491596,8.44529970272493,0.2205506044295419,0.4154239830583252,0.6359745874878672,1,ONGC,0
2025-04-09,222.0,224.06,220.26,221.94,16889575,-0.020824141886526,-0.1145068624321735,0.0363776421632481,18168243.5,234.99050000000005,238.2856,0,-0.0157894695290875,38.87494657900709,8.299206866816006,0.2465080652428583,0.4029917995854735,0.6494998648283319,1,ONGC,0
2025-04-11,228.3,231.4,225.25,230.37,13886447,0.0379832387131657,-0.0531831819489539,0.0450977102819203,18802489.7,235.173,237.9194,0,0.3365853111243382,46.394636778459386,8.382120662043434,0.2008942136562919,0.4248383035985588,0.6257325172548508,1,ONGC,0
2025-04-15,234.0,234.0,230.1,232.69,12102239,0.0100707557407648,0.0295562143267997,0.0295543937003267,19019147.2,235.5875,237.5452,0,-0.3358973497699103,48.280373970022346,8.06196918618319,0.1889208818599853,0.4305728651854398,0.6194937470454251,1,ONGC,0
2025-04-16,232.69,242.0,231.72,241.22,18748952,0.0366582147922127,0.0972525473071324,0.0249118946391822,17603486.0,236.377,237.2352,1,0.8297664562483993,54.6036173905954,8.220399958598675,0.1468783682945028,0.450708896443081,0.5975872647375838,0,ONGC,0
2025-04-17,241.0,244.61,239.26,243.49,12891813,0.0094104966420696,0.0742521838877614,0.0241642178204788,17766771.6,237.06449999999995,236.8528,1,0.4654204737531822,56.14039406339308,8.015371390127342,0.1361862910181115,0.4558298082056758,0.5920160992237873,0,ONGC,0
2025-04-21,244.01,250.55,241.75,249.78,11698653,0.0258326830670663,0.1254393079210598,0.0138383267566469,17402846.3,237.9475,236.6974,1,0.6556817436725295,60.1644987459074,8.071416290832532,0.107574665705821,0.4695331892065017,0.5771078549123227,0,ONGC,0
2025-04-22,248.97,250.6,247.26,247.78,9896443,-0.0080070462006566,0.0755740764856534,0.0171104884509676,17278353.6,238.708,236.673,1,-0.3562873184768497,58.33187007006634,7.733457984344495,0.1165146500928241,0.4652514327225764,0.5817660828154007,0,ONGC,0
2025-04-23,248.74,252.75,244.92,252.17,16555874,0.0177173298894179,0.0837165327259443,0.0169236006593942,15100321.6,239.537,236.63440000000003,1,0.4380586924573794,61.13060136817743,7.740353842605603,0.097077368441924,0.4745608121505333,0.5716381805924574,0,ONGC,0
2025-04-24,250.0,251.37,248.0,249.37,6538518,-0.0111036205734226,0.0337865848602936,0.0160314499247106,13051760.6,239.8845,236.3888,1,-0.186943564705172,58.43468689283996,7.485328568133773,0.1093956771063077,0.4686610257849781,0.578056702891286,0,ONGC,0
2025-04-25,249.0,250.68,244.4,246.33,15616265,-0.0121907206159521,0.0116637233561953,0.0179390800700225,13482477.9,240.0095,236.1924,1,-0.4251591679682833,55.56930417744215,7.399233670409933,0.1230869159257904,0.4621036820525311,0.5851905979783216,0,ONGC,0
2025-04-28,246.0,251.95,244.38,250.6,7669983,0.0173344700198918,0.0032828889422691,0.0153914859443641,12560518.7,240.427,236.2264,1,0.6076617427131117,58.63733292509946,7.411431265380651,0.1039505187549879,0.4712689545091779,0.5752194732641659,0,ONGC,0
2025-04-29,251.24,252.1,245.1,245.68,8030552,-0.0196328810853949,-0.0084752603115666,0.0177435710363085,11974929.2,240.725,236.291,1,-0.794285600816343,54.009591217161336,7.382043317853461,0.1260582872028653,0.4606805600781504,0.5867388472810159,0,ONGC,0
2025-04-30,245.5,247.44,242.22,244.45,9822483,-0.005006512536633,-0.0306142681524368,0.0141035465059483,11746953.6,240.83900000000003,236.401,1,-0.2011493867529932,52.88586831001366,7.2276116522925,0.1317242789936591,0.4579668643894456,0.5896911433831049,0,ONGC,0
2025-05-02,241.0,246.27,239.0,243.42,12347590,-0.0042135406013499,-0.0238601275213539,0.0138287882959627,11106817.4,240.69100000000003,236.52140000000003,1,0.3328747822730676,51.911840036819065,7.230639391414464,0.1365130227590173,0.4556733218305808,0.5921863445895982,0,ONGC,0
2025-05-05,240.0,241.15,234.5,239.2,20086323,-0.0173362911839618,-0.0289449112978525,0.0146865633580809,11826268.4,240.2475,236.6064,0,-0.1203007337893649,48.01038154188253,7.35130800631343,0.1565635451505016,0.4460702341137123,0.602633779264214,0,ONGC,0
2025-05-06,241.13,242.99,236.0,237.0,11350559,-0.0091973244147156,-0.0542697525937748,0.0070688206240218,11791459.0,239.5655,236.7364,0,-0.5908439784200302,46.06662496174429,7.325500291576757,0.1672995780590716,0.4409282700421941,0.6082278481012657,0,ONGC,0
2025-05-07,232.3,240.09,232.07,238.67,16689539,0.0070464135021095,-0.0285330511234126,0.0088428997394196,12470768.6,239.3335,236.8368,0,0.7942642401166744,47.79445810753147,7.375107413606989,0.1591318557003393,0.4448401558637448,0.6039720115640842,0,ONGC,0
2025-05-08,237.66,239.34,231.4,233.22,15026122,-0.0228348766078685,-0.0459398650030681,0.011628224852794,12317793.4,239.694,236.7692,0,-0.5591938842325082,42.95774434850341,7.415456884063633,0.1862190206671811,0.4318669067832947,0.6180859274504759,0,ONGC,0
2025-05-09,229.1,235.3,228.45,234.96,11184507,0.007460766658091,-0.0347547448853832,0.013863820946549,12782392.3,240.45,236.7024,0,0.8554743276679805,44.87576316561556,7.375067106630517,0.1774344569288388,0.4360742254000681,0.613508682328907,0,ONGC,0
2025-05-12,239.0,244.6,238.11,244.02,11374237,0.0385597548518896,0.0201505016722409,0.022965735541733,12358189.5,241.318,236.7448,1,0.7734975695689453,53.62048515476079,7.53684802758548,0.1337185476600277,0.4570117203507909,0.5907302680108186,0,ONGC,0
2025-05-13,244.15,245.29,240.29,241.16,9336026,-0.0117203507909188,0.0175527426160337,0.0233582492131458,12524793.8,242.279,236.77,0,-0.5979998804000257,50.87673136365324,7.35564459704366,0.1471637087410846,0.4505722342013601,0.5977359429424448,1,ONGC,0
2025-05-14,241.16,246.9,241.16,246.01,8234859,0.020111129540554,0.0307537604223404,0.0245273284877965,12545224.5,243.061,237.0032,1,0.8449475879882228,55.0749350092531,7.240241411540542,0.1245477826104629,0.4614040079671558,0.5859517905776187,0,ONGC,0
2025-05-15,244.95,248.92,242.3,247.61,16812750,0.0065038006585098,0.0617013978217992,0.018604511592998,13244251.2,243.807,237.2954,1,0.4018126281249858,56.39878200270365,7.195938453573359,0.1172812083518434,0.4648842938491984,0.5821655022010418,0,ONGC,0
2025-05-16,247.06,249.39,246.2,247.27,8030229,-0.0013731270950284,0.0523918964930201,0.019559993106906,12812515.1,244.10950000000005,237.6208,1,0.0658307003665541,56.02099802174988,6.909799992603834,0.1188174869575766,0.4641485016378857,0.5829659885954623,0,ONGC,0
2025-05-19,248.0,249.45,244.91,246.58,8043270,-0.0027904719537348,0.0104909433652979,0.0119453442909127,11608209.8,244.26400000000004,238.0474,1,-0.3127752615032441,55.21270707980164,6.740528564560703,0.1219482520885715,0.4626490388514884,0.5845972909400599,1,ONGC,0
2025-05-20,246.79,252.7,246.79,249.26,13183059,0.0108686835915321,0.0335876596450488,0.0093876617520007,11791459.8,244.238,238.53,1,0.4179356314829727,57.76183870692827,6.696205095663508,0.1098852603706972,0.4684265425659953,0.5783118029366925,0,ONGC,0
2025-05-21,251.5,251.95,247.76,248.68,7158307,-0.0023268875872581,0.0108532173488882,0.0061609810337231,10838336.6,244.283,238.9684,1,-0.6730308656250904,57.005644766026265,6.517190445973258,0.112473861991314,0.4671867460189802,0.5796606080102943,0,ONGC,0
2025-05-22,248.68,250.48,239.61,241.67,18502235,-0.0281888370596751,-0.0239893380719681,0.0142691635962235,11185947.9,243.758,239.223,0,-0.6448941449039457,48.706165707102045,6.828105414118023,0.1447428311333636,0.4517317002524103,0.5964745313857739,0,ONGC,0
2025-05-23,242.5,244.68,240.15,244.24,8725218,0.0106343360781231,-0.0122538116229222,0.0158994187318875,10940019.0,243.5015,239.4558,1,0.3841058754733186,51.494371931676056,6.663955027395308,0.1326973468719291,0.4575008188666885,0.5901981657386176,0,ONGC,0
2025-05-26,245.3,247.13,244.81,245.94,7159571,0.0069603668522764,-0.0025955065293211,0.0164229002905878,10518552.4,243.48200000000003,239.7168,1,0.2758619500594992,53.30259881274425,6.394386811152785,0.1248678539481173,0.461250711555664,0.5861185655037813,0,ONGC,0
2025-05-27,246.85,246.85,242.92,244.54,9712093,-0.0056924453118647,-0.0189360507101018,0.0152042136743939,10556159.1,243.179,240.1438,1,-0.5877861099780886,51.59672568172224,6.218359181784729,0.1313077615114091,0.4581663531528584,0.5894741146642676,0,ONGC,0
2025-05-28,244.64,245.34,241.3,242.67,7385958,-0.0076470107139936,-0.024167604954158,0.0152681343348113,10471269.0,243.02850000000004,240.4628,0,-0.4876236416773171,49.325960882897725,6.062762097371533,0.1400255490996002,0.4539910166069147,0.594016565706515,0,ONGC,0
2025-05-29,243.6,244.6,241.35,243.04,12938112,0.0015247043309845,0.005668887325692,0.007874955127954,10083805.2,242.958,240.8356,1,-0.1723076392899578,49.79675024675153,5.861850518987852,0.1382899934167214,0.4548222514812376,0.5931122448979591,0,ONGC,0
2025-05-30,243.04,245.19,238.89,239.4,10108840,-0.0149769585253455,-0.0198165738617752,0.0084750366845543,10291666.3,242.757,241.115,0,-0.5777776860670307,45.33449652757431,5.8931469104887215,0.1555973266499581,0.4465329991645781,0.6021303258145362,0,ONGC,0
2025-06-02,239.0,240.09,237.66,238.31,6278145,-0.0045530492898914,-0.0310238269496625,0.005952860332273,10115153.8,242.7125,241.2864,0,-0.2839505004318911,44.06122900049012,5.645779274025243,0.1608828836389575,0.444001510637405,0.6048843942763626,0,ONGC,0
2025-06-03,240.5,241.05,236.6,237.27,9515918,-0.0043640636146196,-0.0297292876421034,0.0060143475226842,9748439.7,242.726,241.3894,0,-0.7258425335185267,42.8253296456097,5.560366468737726,0.1659712563745942,0.4415644624267712,0.6075357188013654,0,ONGC,0
2025-06-04,238.0,238.5,235.5,238.05,6733580,0.0032873941079782,-0.0190382000247247,0.0071482854659632,9705967.0,242.695,241.499,0,0.0166666611111167,44.09195093440799,5.377483149542174,0.162150808653644,0.4433942449065323,0.6055450535601763,1,ONGC,0
2025-06-05,238.05,239.62,236.22,237.77,8941808,-0.0011762234824617,-0.0216836734693877,0.0067337972933196,8749924.3,242.92250000000004,241.5426,0,-0.0823529169550246,43.71754135190498,5.236234353146306,0.1635193674559446,0.4427387811750852,0.6062581486310299,1,ONGC,0
2025-06-06,237.79,240.47,237.51,240.06,5985346,0.0096311561593136,0.0027568922305765,0.005981817722099,8475937.1,243.1775,241.4954,0,0.7668916328068822,47.63404724088353,5.073646185064427,0.1524202282762641,0.4480546530034158,0.60047488127968,1,ONGC,0
2025-06-09,241.78,244.12,240.5,242.8,7719525,0.0114138132133634,0.0188410054131173,0.0067757174344812,8531932.5,243.1165,241.4748,0,0.281767877964677,51.94309478872562,5.001242886131253,0.1394151565074133,0.4542833607907743,0.5936985172981877,1,ONGC,0
2025-06-10,244.25,245.0,242.59,244.68,7659657,0.0077429983525534,0.0312302440257934,0.00510459195383,8326688.9,243.2925,241.5234,1,0.1784231624800186,54.69761111213799,4.81615410855045,0.1306604544711458,0.4584763773091385,0.5891368317802843,1,ONGC,0
2025-06-11,244.5,250.4,243.55,247.32,20842417,0.0107896027464442,0.0389413988657845,0.0051442847780781,9672334.8,243.358,241.6754,1,0.4116787720176968,58.31120738175114,4.96142881508256,0.118591298722303,0.4642568332524664,0.5828481319747695,0,ONGC,0
2025-06-12,251.5,255.2,246.75,247.88,35613271,0.0022642730066311,0.0425200824326028,0.00368723511131,11939850.7,243.37150000000003,241.7896,1,-0.4284023161654075,59.05725114863417,5.210612471148091,0.1160642246248183,0.4654671615297724,0.5815313861545909,1,ONGC,0
2025-06-13,255.55,255.95,249.12,251.51,39320377,0.0146441826690333,0.0476964092310254,0.0046676528619021,14861004.4,243.5835,241.8922,1,-0.5915079661042553,63.604008942530506,5.414854437494655,0.0999562641644467,0.473181980835752,0.5731382450001987,0,ONGC,0
2025-06-16,253.99,257.5,252.19,256.79,41444122,0.020993201065564,0.0576194398682043,0.0070657265831277,18377602.1,244.094,242.0666,1,0.527306868680441,68.99711449070776,5.455936263387895,0.0773394602593557,0.4840141750068149,0.5613536352661707,0,ONGC,0
2025-06-17,256.94,257.09,251.55,252.31,18781097,-0.0174461622337319,0.031183586725519,0.0148814178835713,19304120.0,244.2465,242.1,1,-0.8357399213465893,60.76906826815529,5.461940816003043,0.0964686298600926,0.4748523641552059,0.5713209940152986,0,ONGC,0
2025-06-18,254.03,255.89,249.77,250.36,12691905,-0.0077285878482817,0.0122917677502831,0.0157480024563721,19899952.5,244.33050000000003,242.241,1,-0.5996731046285779,57.55194935973304,5.508945043431396,0.1050087873462213,0.4707621025722959,0.5757708899185172,0,ONGC,0
2025-06-19,250.5,253.0,248.2,251.56,10790997,0.0047930979389678,0.0148458931741164,0.0157772981084481,20084871.4,244.825,242.752,1,0.2208332873263984,58.990740583553695,5.458306111757726,0.0997376371442199,0.4732866910478613,0.5730243281920813,0,ONGC,0
2025-06-20,252.26,253.25,249.35,251.89,15907673,0.0013118142788997,0.0015108743191125,0.014394173449242,21077104.1,245.20750000000004,243.393,1,-0.0948717705457008,59.39830993490236,5.34699853234646,0.0982968756203104,0.4739767358767716,0.572273611497082,0,ONGC,0
2025-06-23,253.01,255.49,250.33,251.38,16776881,-0.0020246933185119,-0.0210677985902878,0.0087163327328638,21982839.7,245.4795,243.8874,1,-0.3158914116489505,58.43179243870532,5.3336414943217125,0.1005251014400508,0.4729095393428276,0.5734346407828784,0,ONGC,0
2025-06-24,247.5,248.0,243.49,243.92,22215004,-0.0296761874453019,-0.0332527446395307,0.013666528337802,23438374.4,245.4485,244.327,0,-0.7937913982724216,46.5101365650495,5.51623853044159,0.1341833387996064,0.4567891111839947,0.5909724499836011,0,ONGC,0
2025-06-25,244.0,245.3,241.5,241.91,13056178,-0.0082404066907182,-0.0337513979868989,0.0136783987867253,22659750.5,245.4105,244.5578,0,-0.5499998552631952,43.91058459060012,5.393650063981477,0.1436071266173369,0.4522756397007151,0.595882766318052,1,ONGC,0
2025-06-26,242.0,245.37,241.54,244.73,15769123,0.0116572278946716,-0.0271505803784385,0.0153687280096836,20675335.7,245.495,244.7986,0,0.7127935475734812,48.27836568283524,5.281960773697087,0.1304294528664241,0.4585870142606137,0.5890164671270379,0,ONGC,0
2025-06-27,245.01,246.22,242.0,242.83,21691960,-0.0077636579087155,-0.0359680813053315,0.0149076955473019,18912494.0,245.6665,244.8308,0,-0.5165875553110009,45.69639635376348,5.206106432718722,0.1392743894905899,0.4543507803813367,0.5936251698719267,1,ONGC,0
2025-06-30,244.0,245.7,243.0,244.21,8783448,0.0056829880986697,-0.0285225554936748,0.0159405973467101,15646426.6,245.9615,244.8452,0,0.0777777489712073,47.87681377642055,5.039241687524526,0.1328364931820972,0.4574341755046886,0.5902706686867859,0,ONGC,0
2025-07-01,245.3,245.3,241.3,243.37,8470489,-0.0034396625854796,-0.0022548376516889,0.0087651629948516,14615365.8,246.2665,244.717,0,-0.4824998793750318,46.64898426481379,4.96501013841563,0.1367465176480255,0.4555614907342729,0.5923080083822985,0,ONGC,0
2025-07-02,242.9,243.75,240.2,241.07,10419419,-0.0094506307268767,-0.0034723657558596,0.009047254164211,14388117.2,246.4175,244.5828,0,-0.5154928125372378,43.36932501426217,4.863937985671657,0.1475919857302857,0.4503671132865972,0.5979590990168829,1,ONGC,0
2025-07-03,242.0,246.2,241.8,244.05,13891239,0.0123615547351392,-0.0027785723041718,0.0092892770269605,14698141.4,246.7315,244.4204,0,0.4659089850206902,48.42839079547468,4.882942415266539,0.1335791845933208,0.4570784675271461,0.590657652120467,0,ONGC,0
2025-07-04,245.2,245.45,242.51,245.24,7717259,0.0048760499897562,0.0099246386360829,0.0085132921200158,13879100.0,246.99050000000005,244.3378,0,0.0136054375491778,50.33636488859248,4.744160814176071,0.1280786168651116,0.4597129342684717,0.5877915511335833,0,ONGC,0
2025-07-07,245.5,245.5,240.83,241.52,9222263,-0.0151688142228021,-0.0110151099463576,0.0110045619985709,13123638.2,246.9265,244.2416,0,-0.8522482115100191,44.76135459926328,4.738863613163495,0.1454537926465715,0.4513911891354753,0.5968449817820469,0,ONGC,0
2025-07-08,242.41,243.7,240.65,243.24,7537067,0.0071215634315997,-0.0005341660845625,0.0116907480721146,11655844.5,246.8545,244.09440000000004,0,0.2721310583176914,47.648465273392034,4.61823049793753,0.1373540536096035,0.455270514717974,0.5926245683275776,0,ONGC,0
2025-07-09,243.35,244.17,242.27,243.81,6009374,0.0023433645781942,0.0113659932799601,0.0104436525532578,10951164.1,246.679,244.057,0,0.2421051357341462,48.60710318975134,4.424071176656276,0.1346950494237314,0.456544030187441,0.5912390796111725,0,ONGC,0
2021-09-23,1166.4,1190.1,1165.5,1186.7,15249444,0.0244302486187844,0.0254039574872548,0.0145310632812975,13558833.8,1127.5449999999998,1054.306,1,0.8252032184876752,74.39875332803112,23.01352674472315,0.258616331001938,0.0694362517906801,0.3280525827926181,1,RELIANCE,1
2021-09-24,1193.2,1194.1,1178.15,1183.25,14710832,-0.0029072217072554,0.0385763187922409,0.0106044406114959,14161990.2,1133.5575,1057.957,1,-0.6238244122994199,72.79202138660241,22.508989120100058,0.2622860764842594,0.0667230086625819,0.3290090851468413,1,RELIANCE,1
2021-09-27,1185.3,1205.75,1179.7,1203.15,14886746,0.0168180857806887,0.0543311571660167,0.0106252659780087,14071227.2,1140.635,1062.136,1,0.6852207030625513,76.0102843947992,22.761918468664337,0.2414079707434649,0.0821593317541454,0.3235673024976104,1,RELIANCE,1
2021-09-28,1207.7,1222.4,1197.6,1214.4,17463850,0.0093504550554792,0.0595934037169532,0.0101005084515961,14955000.8,1147.255,1066.575,1,0.2701612794289805,77.62180007183781,22.90749572090261,0.229907773386034,0.0906620553359684,0.3205698287220025,0,RELIANCE,1
2021-09-29,1224.85,1224.85,1201.05,1204.8,9411922,-0.007905138339921,0.0400552486187844,0.0134300709591498,15017825.2,1153.685,1070.535,1,-0.8424369393934056,73.1086321993176,22.97124602655242,0.2397078353253652,0.0834163346613545,0.3231241699867198,0,RELIANCE,1
2021-09-30,1203.4,1208.0,1191.7,1200.7,13160064,-0.0034030544488711,0.0117974214207465,0.0102983919014205,15031553.4,1159.695,1074.542,1,-0.1656441616169258,71.20447681648756,22.494728453227246,0.2439410343966018,0.0802864995419339,0.3242275339385358,0,RELIANCE,1
2021-10-01,1192.4,1210.5,1189.1,1202.8,8675084,0.0017489797618055,0.0165222903021338,0.0099024742738753,12521365.2,1165.16,1078.64,1,0.4859812857018006,71.6123112424132,22.41653356371102,0.2417692051878948,0.0818922514133688,0.3236614566012637,1,RELIANCE,1
2021-10-04,1216.75,1227.2,1209.15,1218.25,10572620,0.0128450282673762,0.0125503885633544,0.0086258567327926,12437967.0,1169.1550000000002,1082.7910000000002,1,0.0831024884707764,74.47644885032796,22.558209737731666,0.2260209316642724,0.0935358095628976,0.3195567412271701,1,RELIANCE,1
2021-10-05,1217.75,1244.9,1214.1,1243.55,13104850,0.0207674943566591,0.0240036231884057,0.0118078591888172,12788294.2,1173.5300000000002,1087.59,1,0.837662310465503,78.33179593785844,23.14690904217942,0.2010775602106871,0.1119778054762574,0.3130553656869446,0,RELIANCE,1
2021-10-06,1248.7,1248.7,1215.85,1220.0,9933850,-0.0189377186281211,0.0126162018592297,0.0152942194253562,12716926.2,1176.365,1092.194,1,-0.8736681621409974,68.03072131339957,23.83998696773804,0.2242622950819671,0.0948360655737705,0.3190983606557376,1,RELIANCE,1
2021-10-07,1236.8,1238.6,1223.8,1226.0,6135902,0.0049180327868851,0.0210710418922295,0.0149254154874899,11805572.0,1179.725,1097.126,1,-0.7297296804236695,69.1440623575807,23.465702184328173,0.2182707993474713,0.0992659053833605,0.3175367047308319,1,RELIANCE,1
2021-10-08,1232.1,1279.4,1230.35,1273.1,15272774,0.0384176182707993,0.0584469571000998,0.0211067443064418,11861766.2,1185.5775,1103.168,1,0.8358817362715212,76.16212525356187,25.603866314019022,0.173199277354489,0.1325897415756813,0.3057890189301704,0,RELIANCE,1
2021-10-11,1287.5,1296.35,1260.8,1264.25,14300752,-0.0069515356217106,0.0377590806484711,0.0226179685244871,11803166.8,1192.275,1108.881,1,-0.6540084204217049,72.81105982476907,26.314304434446235,0.1814119042910816,0.1265176982400633,0.3079296025311449,0,RELIANCE,1
2021-10-12,1260.6,1278.7,1258.8,1271.5,6470306,0.0057346252719003,0.0224759760363475,0.0214037113867446,10703812.4,1199.41,1114.911,1,0.5477386659427826,73.82701946272155,25.8561398319858,0.1746755800235941,0.1314982304364923,0.3061738104600864,1,RELIANCE,1
2021-10-13,1276.8,1296.1,1272.2,1284.4,9644208,0.0101454974439638,0.0527868852459016,0.016866618029927,10727041.0,1206.9550000000002,1120.844,1,0.317991618494082,75.57582103910812,25.76641555827252,0.1628776082217376,0.1402211149174713,0.3030987231392089,0,RELIANCE,1
2021-10-14,1287.0,1295.1,1280.7,1287.0,8350254,0.0020242914979755,0.0497553017944534,0.0171512597967733,10246060.0,1213.44,1126.684,1,0.0,75.92497931779018,24.954528732681613,0.1605283605283604,0.1419580419580419,0.3024864024864024,0,RELIANCE,1
2021-10-18,1271.85,1308.3,1268.85,1290.45,13163766,0.0026806526806526,0.0136281517555574,0.0062898710790522,10694928.2,1220.9975,1132.44,1,0.4714828777824395,76.40694594074358,25.98991953749007,0.1574257042117089,0.144252005114495,0.3016777093262039,0,RELIANCE,1
2021-10-19,1298.2,1311.3,1290.6,1302.0,8553542,0.0089503661513425,0.0298596005536879,0.0036311635001663,10493020.4,1229.0400000000002,1138.136,1,0.1835748703586993,77.99518403338699,25.622782427669343,0.14715821812596,0.1518433179723502,0.2990015360983102,0,RELIANCE,1
2021-10-20,1307.2,1307.2,1282.8,1287.0,12307862,-0.0115207373271889,0.012190326386158,0.0086152653763293,10413321.6,1236.085,1143.963,1,-0.8278688185299652,71.28374130036028,25.53544082569297,0.1605283605283604,0.1419580419580419,0.3024864024864024,0,RELIANCE,1
2021-10-21,1299.9,1300.2,1240.7,1249.9,20171662,-0.0288267288267287,-0.0268607910308315,0.0151046859948496,11437102.8,1240.66,1149.161,1,-0.8403361203304854,57.99195910618611,27.961480766714903,0.1949755980478436,0.1164893191455317,0.3114649171933754,0,RELIANCE,1
2021-10-22,1248.7,1270.1,1244.65,1252.2,10678092,0.0018401472117768,-0.027039627039627,0.0150824540169041,11891321.8,1243.935,1154.3010000000002,1,0.1375245525530637,58.5084832793794,27.78208928337811,0.1927807059575146,0.1181121226641112,0.3108928286216258,0,RELIANCE,1
2021-10-25,1277.3,1277.3,1224.85,1240.0,16653522,-0.0097428525794601,-0.0390948893796737,0.0144328714690892,12029396.6,1246.7725,1158.919,0,-0.711153465945595,54.6686427105688,29.544082905993964,0.204516129032258,0.1094354838709677,0.3139516129032257,0,RELIANCE,1
2021-10-26,1247.3,1272.0,1240.65,1268.25,9441266,0.022782258064516,-0.0259216589861751,0.0190481321978339,11543448.0,1250.0275,1164.1660000000002,1,0.6682615416822508,61.04409443960788,29.719505555565824,0.1776857875024639,0.1292726197516263,0.3069584072540902,0,RELIANCE,1
2021-10-27,1263.95,1275.8,1248.7,1252.2,9582754,-0.0126552335895919,-0.027039627039627,0.0191503145675501,11854692.8,1251.9175,1168.7579999999998,1,-0.4335793197941224,56.20741689792158,29.532398015882546,0.1927807059575146,0.1181121226641112,0.3108928286216258,0,RELIANCE,1
2021-10-28,1248.7,1257.25,1234.6,1238.5,9572958,-0.0109407442900495,-0.0091207296583727,0.0148492441718273,11847567.8,1253.6025,1172.81,0,-0.4503311059456467,52.391535896535686,29.040798157605224,0.2059749697214371,0.1083568833266048,0.3143318530480419,0,RELIANCE,1
2021-10-29,1237.3,1237.3,1192.3,1208.8,13782082,-0.0239806217198224,-0.034659000159719,0.0175379299258824,12390750.6,1254.0075000000002,1176.356,0,-0.6333333192592596,45.2237028656964,30.266455432062,0.2356055592322964,0.0864493712772998,0.3220549305095962,0,RELIANCE,1
2021-11-01,1208.8,1218.2,1188.7,1209.5,14990628,0.0005790866975512,-0.0245967741935483,0.0177272103801619,12573436.8,1254.3425,1179.836,0,0.023728812754957,45.41326002082892,30.21170861548614,0.2348904505994211,0.0869780901198842,0.3218685407193055,0,RELIANCE,1
2021-11-02,1212.95,1214.4,1189.2,1191.9,10234270,-0.0145514675485737,-0.0602010644588999,0.0087941769259296,12741509.6,1253.025,1183.197,0,-0.8353174271699401,41.522533815286174,29.8537294286657,0.2531252621864248,0.0734960986659955,0.3266213608524204,0,RELIANCE,1
2021-11-03,1194.4,1201.0,1172.9,1183.7,11609570,-0.0068797717929356,-0.0547037214502476,0.0091110487352855,12671680.4,1250.0324999999998,1186.259,0,-0.3807829045984759,39.81118339369005,29.728463040903858,0.261806200895497,0.0670778068767424,0.3288840077722395,0,RELIANCE,1
2021-11-04,1188.15,1193.8,1186.7,1190.95,1651616,0.0061248627185941,-0.0383932176019378,0.0119617670700013,10819675.8,1248.58,1189.263,0,0.3943661416385702,42.08399044133765,28.326429966553576,0.2541248583063939,0.0727570426970066,0.3268819010034006,0,RELIANCE,1
2021-11-08,1200.75,1201.0,1170.7,1192.4,19692844,0.0012175154288593,-0.0135671740569158,0.0080917441706841,11721151.0,1246.9,1192.116,0,-0.2755775486608043,42.55123274428042,28.46739925465689,0.2525997987252598,0.0738846024823885,0.3264844012076484,0,RELIANCE,1
2021-11-09,1193.9,1205.3,1185.3,1201.85,15185630,0.0079251928882924,-0.0063249276560563,0.0093979156705243,11574361.8,1243.3375,1194.893,0,0.3974999801249919,45.62982884174435,27.8625850221814,0.2427507592461621,0.0811665349253234,0.3239172941714856,0,RELIANCE,1
2021-11-10,1199.45,1219.15,1193.25,1215.3,9928612,0.0111910804176893,0.01963251950667,0.0070304694819011,11623096.4,1240.89,1197.967,0,0.6119690883409562,49.75673868767026,27.72240037773988,0.2289969554842425,0.0913354727227845,0.320332428207027,0,RELIANCE,1
2021-11-11,1210.6,1225.1,1208.45,1217.5,10382760,0.0018102526125236,0.0285545323984117,0.0041980971128606,11703097.0,1238.19,1200.677,0,0.4144143895246701,50.41965530119565,26.93151463647273,0.2267761806981518,0.0929774127310062,0.3197535934291581,0,RELIANCE,1
2021-11-12,1221.5,1238.6,1218.7,1235.9,8436308,0.0151129363449693,0.0377429782946387,0.0059915083490338,11589432.0,1235.765,1203.871,1,0.7236180540895545,55.68591956510018,26.514977876724675,0.2085120155352373,0.1064811068856704,0.3149931224209077,0,RELIANCE,1
2021-11-15,1239.15,1240.2,1224.85,1228.6,4651088,-0.0059066267497371,0.0303589399530357,0.0082616207105687,10676332.6,1232.8449999999998,1206.833,0,-0.6872963721631086,53.26849328033444,25.71747945695864,0.2156926583102718,0.1011720657659124,0.3168647240761842,0,RELIANCE,1
2021-11-16,1225.85,1227.25,1189.1,1200.0,10978374,-0.023278528406316,-0.0015392935890501,0.0152763453209257,10275107.2,1228.3224999999998,1208.963,0,-0.6775884488181232,45.02214163272749,26.70194521003302,0.2446666666666666,0.07975,0.3244166666666666,0,RELIANCE,1
2021-11-17,1191.0,1191.0,1172.9,1174.35,9878800,-0.021375,-0.0336953838558381,0.0161172074954379,10239560.2,1221.94,1209.683,0,-0.9198894519398187,39.16605741786938,26.73037769503065,0.2718525141567676,0.059650019159535,0.3315025333163026,0,RELIANCE,1
2021-11-18,1172.4,1186.25,1167.7,1178.8,8236144,0.0037893302678078,-0.0317864476386037,0.0164010993287515,9902217.6,1216.53,1210.138,0,0.345013458489834,40.60935709725335,26.146065002528463,0.2670512385476756,0.0631998642687478,0.3302511028164234,0,RELIANCE,1
2021-11-22,1161.05,1167.2,1120.5,1126.6,23359980,-0.0442823210044113,-0.0884375758556519,0.0183767288394231,12073054.0,1210.365,1209.404,0,-0.7376873503707209,31.244862477085466,28.442774645205,0.3257589206461921,0.0197940706550683,0.3455529913012604,0,RELIANCE,1
2021-11-23,1111.9,1144.4,1100.5,1137.1,24524566,0.0093200781111308,-0.0744750122090184,0.0218574787616735,12556226.2,1204.61,1208.97,0,0.57403187758469,34.51598641932418,29.546862170547502,0.3135168410869756,0.0288453082402602,0.3423621493272359,0,RELIANCE,1
2021-11-24,1134.3,1148.55,1116.9,1120.7,16287380,-0.0144226541201299,-0.0660833333333332,0.0213894778351254,12666401.2,1198.645,1208.263,0,-0.429699828445502,31.958477492250168,29.697086301222672,0.3327384670295349,0.0146337110734363,0.3473721781029713,1,RELIANCE,1
2021-11-25,1131.0,1192.45,1123.4,1188.15,41058522,0.0601855982867851,0.0117511815046622,0.0382422940680422,15779392.2,1194.64,1209.42,0,0.8276611031475601,48.77107746895368,32.70086585113534,0.2570803349745401,0.070571897487691,0.3276522324622311,0,RELIANCE,1
2021-11-26,1176.15,1180.8,1144.55,1149.85,15263718,-0.0322349871649204,-0.0245588734306074,0.0413077343778649,16267488.0,1189.5225,1209.841,0,-0.7255172213650473,42.36913255502144,33.47937543319711,0.2989520372222464,0.0396138626777405,0.3385658998999869,0,RELIANCE,1
2021-11-29,1162.5,1191.5,1143.4,1163.6,23554656,0.0119580814888897,0.0328421800106515,0.0348460184556402,17779322.8,1185.7775,1210.443,0,0.0228690223935735,45.15264933987116,34.52370575939732,0.2836026125816432,0.0509625300790649,0.3345651426607081,0,RELIANCE,1
2021-11-30,1176.25,1180.0,1138.5,1146.4,31152988,-0.0147817119284976,0.008178700202269,0.0360832086625207,20429512.8,1182.6575,1210.225,0,-0.7192770911017546,42.39425634271528,35.02201249086894,0.3028611304954638,0.0367236566643406,0.3395847871598045,1,RELIANCE,1
2021-12-01,1159.6,1179.1,1155.8,1175.8,9784468,0.0256454989532448,0.0491657000089229,0.0359340299645972,20310122.2,1180.9725,1210.955,0,0.6952789401167869,48.21743397698073,34.85615445580686,0.2702840619152917,0.060809661507059,0.3310937234223507,0,RELIANCE,1
2021-12-02,1177.05,1189.7,1173.2,1183.3,12317392,0.0063786358224187,-0.0040819761814586,0.0228971947641124,20553981.4,1180.5425,1211.798,1,0.378787855831039,49.61663475844684,33.54500056610637,0.2622327389503929,0.0667624440125074,0.3289951829629003,0,RELIANCE,1
2021-12-03,1190.7,1190.8,1143.85,1147.8,18613458,-0.0300008450942279,-0.0017828412401617,0.0221347912190852,21591712.8,1178.7475,1211.832,0,-0.913737999707392,43.60996223871698,34.5025005256702,0.3012719986060289,0.0378985886042864,0.3391705872103153,0,RELIANCE,1
2021-12-06,1151.5,1155.75,1123.4,1126.0,10004900,-0.01899285589824,-0.032313509797181,0.022226269186596,20256204.8,1175.5,1211.1840000000002,0,-0.7882534532224612,40.37732468255063,34.34875048812232,0.3264653641207814,0.0192717584369449,0.3457371225577264,1,RELIANCE,1
2021-12-07,1132.5,1145.75,1124.8,1135.2,10879160,0.0081705150976909,-0.0097697138869504,0.0224189124953539,18891664.2,1172.64,1210.154,0,0.1288782754712059,42.32048624545895,33.39169688182788,0.3157152924594784,0.0272198731501057,0.3429351656095841,1,RELIANCE,1
2021-12-08,1155.3,1159.0,1146.85,1152.5,8467138,0.0152396053558843,-0.0198162952883143,0.01953652466885,18109640.0,1170.1725,1209.539,0,-0.2304526559298171,45.89161094239491,32.706575675983025,0.2959652928416485,0.041822125813449,0.3377874186550976,1,RELIANCE,1
2021-12-09,1160.5,1179.5,1155.75,1170.75,12794904,0.0158351409978307,-0.0106059325614805,0.021163219542569,15283278.2,1167.9450000000002,1208.891,1,0.4315789291966766,49.44734172298989,32.29896312769852,0.2757633995302156,0.0567584881486227,0.3325218876788383,0,RELIANCE,1
2021-12-10,1163.0,1175.3,1158.3,1171.9,8099406,0.0009822763185993,0.0209966893186968,0.0143288666499155,14566847.0,1165.6650000000002,1208.0410000000002,1,0.5235293809688653,49.67177926258772,31.206180047148624,0.2745114770884886,0.0576841027391416,0.3321955798276302,0,RELIANCE,1
2021-12-13,1178.9,1179.15,1145.75,1148.45,12492970,-0.0200102397815513,0.0199378330373001,0.0147426364168383,13460678.4,1161.2925,1206.914,0,-0.9116766194108786,45.25924124283934,31.362881472352303,0.3005355043754624,0.03844311898646,0.3389786233619225,0,RELIANCE,1
2021-12-14,1134.3,1146.7,1131.15,1134.4,12579914,-0.0122338804475596,-0.0007047216349541,0.0160781890647825,11603371.0,1156.5825,1205.588,0,0.0064308677536507,42.8056725095002,30.35838993861285,0.3166431593794074,0.0265338504936531,0.3431770098730606,0,RELIANCE,1
2021-12-15,1136.2,1146.2,1125.3,1131.1,9070198,-0.0029090267983076,-0.0185683297180043,0.0136291665575523,11531944.0,1153.1375,1204.154,0,-0.24401912708043,42.22664416028797,29.68279065728337,0.3204844841304924,0.0236937494474405,0.344178233577933,1,RELIANCE,1
2021-12-16,1146.55,1151.2,1128.9,1145.7,9452014,0.0129077888780833,-0.0213965406790518,0.0126064677302245,11245406.2,1151.705,1202.703,0,-0.0381165902189829,45.72468181536605,29.15544846747741,0.3036571528323294,0.0361351139041634,0.3397922667364929,0,RELIANCE,1
2021-12-17,1142.9,1147.65,1105.7,1115.45,20382902,-0.0264030723575107,-0.0481696390477003,0.0154024287801864,11422350.6,1148.5375,1200.141,0,-0.6543504015649492,40.28252803099437,30.06934500551474,0.3390111614146756,0.0099959657537317,0.3490071271684073,0,RELIANCE,1
2021-12-20,1104.7,1104.7,1071.0,1085.4,13871962,-0.0269398000806848,-0.054900082720188,0.0168064996901268,11809056.8,1146.4775000000002,1197.449,0,-0.5727002797418294,35.73274879062657,31.09653464797798,0.3760825502119032,0.0,0.3760825502119032,1,RELIANCE,1
2021-12-21,1101.6,1118.1,1092.45,1101.55,12429862,0.0148793071678643,-0.0289580394922427,0.0203549335948186,11964127.0,1144.7,1194.96,0,-0.0019493176627928,39.676187727394975,31.211067887408117,0.3559075847669193,0.0023149198856156,0.358222504652535,1,RELIANCE,1
2021-12-22,1108.05,1130.45,1106.7,1127.7,17099070,0.0237392764740593,-0.0030059234373617,0.0243606915282659,12827320.2,1145.05,1192.052,0,0.8273683862160718,45.50676840050254,31.045991609736117,0.3244657267003634,0.0207501995211493,0.3452159262215127,1,RELIANCE,1
2021-12-23,1131.45,1134.3,1123.85,1127.3,8784962,-0.0003547042653189,-0.0160600506240726,0.0232511972615188,12426326.0,1142.0075000000002,1189.313,0,-0.3971291486000884,45.43442797231773,29.57484935189782,0.3249356870398296,0.020402732191963,0.3453384192317927,0,RELIANCE,1
2021-12-24,1129.55,1140.0,1114.1,1130.9,7636628,0.0031934711256986,0.0138509121879062,0.0192280529213985,12380048.2,1141.06,1186.501,0,0.0521235501110649,46.26239037497666,29.31236011247656,0.3207180122026702,0.0235210893978248,0.3442391016004951,1,RELIANCE,1
2021-12-27,1125.5,1133.35,1119.1,1129.65,3889946,-0.0011053143514014,0.0407683803206191,0.0108493716150368,11519745.8,1139.3625,1183.406,0,0.2912280497383889,46.00138167981293,28.23647724729966,0.322179436108529,0.0224405789403798,0.3446200150489089,0,RELIANCE,1
2021-12-28,1132.2,1146.15,1131.0,1143.1,6172648,0.011906342672509,0.0377195769597384,0.0104573064952556,10879019.2,1139.1974999999998,1180.528,1,0.7194718997048118,49.3150059400192,27.398157443921114,0.3066223427521652,0.0339427871577289,0.3405651299098941,0,RELIANCE,1
2021-12-29,1139.55,1152.9,1135.3,1145.0,14936594,0.0016621467938064,0.0153409594750375,0.0052258883196601,11465658.8,1137.6574999999998,1177.619,1,0.3096590733148255,49.78379824483105,26.698289055069612,0.3044541484716156,0.0355458515283843,0.3399999999999999,0,RELIANCE,1
2021-12-30,1143.85,1146.2,1117.9,1124.35,28403812,-0.0180349344978166,-0.0026168721724474,0.0109552649075584,13360838.6,1134.71,1174.0659999999998,0,-0.6890459120478487,44.92084463908223,26.8126969797075,0.3284119713612309,0.0178325254591541,0.3462444968203851,1,RELIANCE,1
2021-12-31,1131.0,1136.2,1124.8,1128.65,9177022,0.0038244318939832,-0.0019895658325227,0.0110115843387354,12240250.6,1133.7525,1170.899,0,-0.206140332794698,46.10149658620978,25.743932909728404,0.3233509059495856,0.0215744473486024,0.344925353298188,1,RELIANCE,1
2022-01-03,1127.15,1147.6,1126.5,1145.7,5249840,0.0151065432153456,0.0142079405125481,0.0129496331154038,11378038.4,1134.7375,1168.815,1,0.8791468777655524,50.62125550512802,25.41222341617637,0.3036571528323294,0.0361351139041634,0.3397922667364929,1,RELIANCE,1
2022-01-04,1151.4,1172.9,1145.75,1171.5,10504042,0.0225189840272321,0.0248447204968944,0.0154287658104978,11185456.4,1136.5525,1167.201,1,0.7403314644445074,56.557759755004696,25.53992174359235,0.2749466495945368,0.0573623559539052,0.3323090055484421,0,RELIANCE,1
2022-01-05,1173.4,1180.55,1159.55,1177.0,11274904,0.0046948356807512,0.027947598253275,0.015323234513485,10603039.8,1137.7775,1165.941,1,0.1714285632653021,57.72458622723492,25.21564161905004,0.2689889549702633,0.061767204757859,0.3307561597281223,0,RELIANCE,1
2022-01-06,1168.25,1169.6,1148.1,1151.7,13989686,-0.0214953271028036,0.0243251656512653,0.0166771541820811,11123512.2,1136.825,1163.61,1,-0.7697674060573279,50.94589610541941,25.478810074832182,0.2968655031692279,0.0411565511852045,0.3380220543544325,1,RELIANCE,1
2022-01-07,1158.6,1171.5,1149.35,1161.0,12696686,0.0080750195363374,0.0286625614672395,0.0167150094185428,11629518.0,1136.28,1161.786,1,0.1083521395777851,53.12497797935406,25.241037926629893,0.2864771748492677,0.0488372093023256,0.3353143841515934,1,RELIANCE,1
2022-01-10,1168.6,1171.0,1151.5,1161.95,8953768,0.0008182601205857,0.0141834686218031,0.0159245873051217,12135900.2,1136.9550000000002,1160.255,1,-0.3410256235371405,53.35293233241082,24.830963789013477,0.2854253625371142,0.0496148715521322,0.3350402340892465,1,RELIANCE,1
2022-01-11,1161.0,1179.55,1160.5,1170.3,15691738,0.0071861956194327,-0.0010243277848912,0.0122627840852642,13087809.2,1138.75,1159.485,1,0.4881889507512349,55.40567067985292,24.418037804083934,0.2762539519781252,0.0563957959497564,0.3326497479278817,1,RELIANCE,1
2022-01-12,1177.8,1203.4,1174.8,1201.55,14331522,0.0267025549004529,0.020858113848768,0.0173347027486339,13027302.0,1142.2725,1159.326,1,0.8304195513839278,62.12347835105367,25.03817796093509,0.2430610461487245,0.0809371228829428,0.3239981690316674,0,RELIANCE,1
2022-01-13,1201.6,1211.05,1195.5,1208.3,11481058,0.0056177437476592,0.0491447425544846,0.0099196113514601,11335026.6,1145.4025,1159.654,1,0.4308681394940145,63.40580469765762,24.36045096372544,0.2361168583960936,0.0860713398990317,0.3221881982951253,0,RELIANCE,1
2022-01-14,1208.2,1223.6,1203.8,1210.1,19298730,0.0014896962674832,0.0422911283376399,0.0105998346493584,12347197.4,1150.135,1160.182,1,0.0959595911131453,63.7581690953237,24.034704466316477,0.2342781588298488,0.0874307908437319,0.3217089496735806,0,RELIANCE,1
2022-01-17,1209.6,1222.5,1209.1,1216.4,7781836,0.00520618130733,0.0468608804165411,0.0099827172717284,12600397.0,1156.685,1160.6909999999998,1,0.5074626486968274,65.02745592529584,23.275082718722444,0.2278855639592237,0.0921571851364683,0.3200427490956921,0,RELIANCE,1
2022-01-18,1217.6,1221.2,1199.0,1201.9,6018120,-0.011920420914173,0.027001623515338,0.0138669521292614,12151804.8,1161.7025,1160.881,1,-0.7072071753510185,59.83341275483204,23.19829109595656,0.2426990598219484,0.0812047591313754,0.3239038189533238,0,RELIANCE,1
2022-01-19,1205.8,1211.5,1195.8,1201.8,9446404,-8.320159747077227e-05,0.0002080645832467,0.0071233191177435,11968954.8,1165.4074999999998,1160.88,1,-0.2547770538358557,59.79793863033658,22.662698874816808,0.2428024629722083,0.0811283075386919,0.3239307705109003,0,RELIANCE,1
2022-01-20,1191.5,1196.25,1170.05,1180.75,15971894,-0.0175153935763021,-0.0228006289828684,0.0096700149672307,12167175.6,1168.08,1160.189,1,-0.410305327850941,52.71319650517476,23.311791812329894,0.2649587126826169,0.0647469828498835,0.3297056955325005,0,RELIANCE,1
2022-01-21,1168.6,1192.6,1168.6,1180.95,12915988,0.0001693838661867,-0.0240889182712171,0.0094795060485379,12189105.8,1170.5825,1159.458,1,0.5145833118923676,52.77045160889515,23.360949540020616,0.2647444853719461,0.0649053727930903,0.3296498581650365,0,RELIANCE,1
2022-01-24,1179.6,1193.8,1122.45,1133.3,21176066,-0.0403488716711123,-0.0683163433081224,0.0166235993128348,13411335.6,1170.765,1157.406,0,-0.648913796090907,40.26235966304446,26.78873885859057,0.3179211153269213,0.0255889879114091,0.3435101032383305,0,RELIANCE,1
2022-01-25,1119.8,1138.4,1098.6,1131.1,23733652,-0.0019412335656932,-0.0589067310092354,0.0175024648600941,14215527.0,1170.1650000000002,1155.456,0,0.2839195908562892,39.793378364635416,27.718114654405536,0.3204844841304924,0.0236937494474405,0.344178233577933,0,RELIANCE,1
2022-01-27,1113.3,1122.9,1101.45,1114.35,19386126,-0.0148085934046503,-0.0727658512231652,0.0161980635743096,14720987.4,1168.6325000000002,1153.743,0,0.0489510466689466,36.324181453691885,27.85610646480513,0.340332929510477,0.0090187104590119,0.3493516399694889,1,RELIANCE,1
2022-01-28,1127.15,1132.35,1109.7,1113.3,14203012,-0.0009422533315385,-0.05712470887148,0.0171914740839715,14993182.8,1168.08,1152.5220000000002,0,-0.611479001700716,36.11164930403496,27.48424171731904,0.341597053804006,0.0080840743734842,0.3496811281774903,1,RELIANCE,1
2022-01-31,1124.9,1146.9,1123.0,1137.45,11758936,0.0216922662355161,-0.0368347516829671,0.0226841967915862,14239203.4,1168.52,1151.695,0,0.5251045805395533,44.198626307855015,27.921081594653405,0.3131126642929358,0.0291441382038771,0.342256802496813,0,RELIANCE,1
2022-02-01,1147.65,1153.65,1118.6,1133.7,12782280,-0.0032968482131082,0.0003529515573987,0.0132785103974861,14739247.8,1167.92,1151.837,0,-0.3980028417117584,43.282458001883526,28.430290052178176,0.3174561171385727,0.0259327864514422,0.3433889035900149,0,RELIANCE,1
2022-02-02,1147.2,1147.2,1132.0,1136.0,9700302,0.0020287554026638,0.0043320661303156,0.0132415421548386,15107466.0,1166.145,1151.815,0,-0.7368420567867077,44.04851200162553,27.48526933416545,0.3147887323943661,0.0279049295774648,0.3426936619718309,0,RELIANCE,1
2022-02-03,1140.0,1144.5,1118.7,1121.3,9269544,-0.0129401408450704,0.0062368196706601,0.0127015312299399,15089780.0,1163.36,1151.827,0,-0.7248061734571281,40.3018765860112,27.36489295315363,0.3320253277445821,0.0151609738696156,0.3471863016141978,0,RELIANCE,1
2022-02-04,1115.7,1119.3,1106.2,1111.1,10710790,-0.0090965843217694,-0.0019761070690739,0.0135574195354976,14563669.6,1161.33,1150.2859999999998,0,-0.3511450113629891,37.89340595542123,26.488829170785504,0.3442534425344253,0.0061200612006119,0.3503735037350373,0,RELIANCE,1
2022-02-07,1116.2,1123.25,1098.6,1104.3,10375002,-0.0061200612006119,-0.0291441382038771,0.0056892572935734,14309571.0,1158.495,1149.375,0,-0.4827586011051296,36.33446977202984,26.357484230015118,0.3525310151227021,0.0,0.3525310151227021,1,RELIANCE,1
2022-02-08,1110.8,1124.8,1100.95,1122.9,11678726,0.0168432491170877,-0.0095263297168562,0.0118133366902073,13359837.0,1156.5425,1148.561,0,0.5073375049334455,43.215920430061146,26.178378213585457,0.3301273488289249,0.0165642532727759,0.3466916021017008,0,RELIANCE,1
2022-02-09,1130.1,1137.75,1123.8,1136.0,11122308,0.011666221391041,0.0,0.013298694725959,12098702.6,1154.8275,1148.353,0,0.4229390377821529,47.51846340436921,25.36920834118649,0.3147887323943661,0.0279049295774648,0.3426936619718309,0,RELIANCE,1
2022-02-10,1141.8,1141.8,1127.2,1134.8,12069580,-0.001056338028169,0.0120395968964595,0.0113045155270418,11367048.0,1151.49,1147.533,0,-0.479452021955344,47.16591276758798,24.599979173958875,0.3161790623898484,0.026876982728234,0.3430560451180824,0,RELIANCE,1
2022-02-11,1131.1,1136.45,1117.2,1132.6,15438238,-0.0019386676066267,0.0193501935019351,0.0098348438576693,11490570.6,1147.7050000000002,1146.519,0,0.0779220738741779,46.484989815650174,24.21783780439038,0.3187356524810171,0.0249867561363234,0.3437224086173406,0,RELIANCE,1
2022-02-14,1115.4,1122.4,1102.4,1114.55,10380004,-0.0159367826240508,0.0092818980349542,0.0128481972026857,11352677.4,1142.9275,1145.854,0,-0.0424999978750069,41.2262383250117,24.64513510407677,0.3400924139787358,0.0091965367188551,0.3492889506975909,1,RELIANCE,1
2022-02-15,1120.6,1155.2,1113.2,1152.4,10857422,0.0339598941276748,0.0262712619111229,0.0187464198692794,11160191.6,1139.7275000000002,1146.382,1,0.7571428391156511,53.18592310389856,25.884768310928425,0.2960777507809786,0.0417389795209997,0.3378167303019784,0,RELIANCE,1
2022-02-16,1158.15,1159.6,1141.9,1150.0,10063564,-0.00208261020479,0.0123239436619717,0.0185940166811493,11196517.8,1137.1325000000002,1146.678,1,-0.4604519513869052,52.45701983024094,25.300142003004957,0.2987826086956521,0.0397391304347826,0.3385217391304347,0,RELIANCE,1
2022-02-17,1153.4,1170.0,1148.6,1164.6,12446024,0.0126956521739129,0.0262601339443073,0.0189339614233911,11514165.8,1135.2725,1146.92,1,0.5233644615250144,56.37394636290718,25.021560431361756,0.2825004293319595,0.0517774343122101,0.3342778636441696,0,RELIANCE,1
2022-02-18,1165.0,1170.7,1153.45,1155.5,6560792,-0.0078138416623733,0.0202189652127848,0.0196666893925628,11099166.0,1134.01,1146.615,1,-0.5507246057550953,53.419783927904106,24.46644897197877,0.2926006057983556,0.0443098225876244,0.33691042838598,0,RELIANCE,1
2022-02-21,1149.55,1161.7,1136.5,1143.8,10755286,-0.0101254868022501,0.0262437755147817,0.0183064404783891,11137194.4,1132.1525,1146.053,1,-0.2281745941200553,49.80596455744097,24.51884547398029,0.3058226962755726,0.0345340094422101,0.3403567057177828,0,RELIANCE,1
2022-02-22,1121.4,1141.9,1118.65,1138.6,13067356,-0.004546249344291,-0.0119750086775426,0.0089662619795026,11276057.4,1132.4175,1145.856,1,0.7397849144178453,48.243865474573326,24.563927940124547,0.3117864043562269,0.0301247145617424,0.3419111189179694,0,RELIANCE,1
2022-02-23,1144.4,1146.95,1128.6,1131.5,7078506,-0.0062357280871244,-0.016086956521739,0.0091234527600696,10871677.2,1132.4375,1145.798,0,-0.7029972368938833,46.11705647031972,24.12007594440137,0.3200176756517895,0.0240388864339372,0.3440565620857269,0,RELIANCE,1
2022-02-24,1098.6,1115.2,1069.2,1075.1,24059436,-0.0498453380468405,-0.0768504207453203,0.0191908084072725,12070662.8,1130.475,1144.678,0,-0.5108695541115315,33.48778594521323,26.84721337694413,0.3892661147800205,0.0,0.3892661147800205,1,RELIANCE,1
2022-02-25,1086.7,1100.0,1084.85,1088.5,14108468,0.0124639568412241,-0.0579835569017741,0.0230351265216536,11937685.8,1129.235,1143.534,0,0.1188118733457472,37.84307126543298,26.70812670716241,0.3721635277905373,0.0028479559026181,0.3750114836931555,0,RELIANCE,1
2022-02-28,1069.0,1128.3,1069.0,1124.55,20622682,0.0331189710610932,-0.0168298653610771,0.0306229495544569,12961953.6,1128.59,1143.716,0,0.936762210172644,47.75474914547144,29.03611765665081,0.3281757147303366,0.0180072028811524,0.346182917611489,0,RELIANCE,1
2022-03-02,1112.6,1144.3,1110.1,1143.15,20791498,0.0165399493130586,0.0039961356051292,0.0317880784301114,13955361.2,1129.0625,1144.871,1,0.8932748276820268,52.00708105555871,29.404966395461468,0.3065651926693782,0.0339850413331584,0.3405502340025367,0,RELIANCE,1
2022-03-03,1143.85,1150.9,1129.6,1133.5,9864004,-0.0084415868433714,0.0017675651789659,0.0319322000297262,13935405.2,1128.9375,1145.51,1,-0.4859154701448052,49.74489705931234,28.82604022435709,0.3176885752095279,0.0257609175121306,0.3434494927216585,0,RELIANCE,1
2022-03-04,1121.45,1126.8,1105.9,1108.35,10463314,-0.0221879135421262,0.0309273555948284,0.0217427213483115,13737134.2,1128.29,1145.123,0,-0.6267942283830619,44.332573534653726,28.73846592261729,0.3475887580637885,0.0036540803897685,0.3512428384535571,0,RELIANCE,1
2022-03-07,1086.0,1101.95,1059.0,1067.4,17413548,-0.0369468128298821,-0.0193844740468533,0.0284379168024492,14822409.8,1126.105,1143.925,0,-0.4330616895678277,37.229819944499,30.21071835671605,0.3992879895072135,0.0018268690275436,0.4011148585347572,0,RELIANCE,1
2022-03-08,1054.0,1070.45,1039.0,1065.45,20614866,-0.0018268690275435,-0.0525543550753634,0.0202893689443284,15808367.8,1124.1625,1142.616,0,0.3640699407290966,36.926426304122025,30.29923847409348,0.4018489839973718,0.0,0.4018489839973718,1,RELIANCE,1
2022-03-09,1065.7,1128.1,1064.8,1122.0,19767446,0.0530761650007038,-0.0185015089883218,0.0342627104783523,16478376.8,1124.1174999999998,1142.463,0,0.8894154677817461,49.72238633761304,32.65643572594394,0.3311942959001782,0.0157754010695187,0.3469696969696969,0,RELIANCE,1
2022-03-10,1143.85,1146.2,1124.8,1140.15,17410820,0.0161764705882354,0.005866784296427,0.0350917267973257,17511608.2,1124.325,1142.404,1,-0.1728971881823651,53.01693186947141,32.05240460266224,0.3100030697715211,0.0314432311537956,0.3414463009253168,0,RELIANCE,1
2022-03-11,1132.4,1149.1,1132.4,1143.4,11869074,0.0028505021269131,0.0316235846077503,0.0325312033185674,16292572.0,1124.755,1142.372,1,0.6586825952884745,53.60320535114597,30.95580427390064,0.3062795172293159,0.0341962567780305,0.3404757740073464,0,RELIANCE,1
2022-03-14,1137.6,1155.5,1131.45,1152.8,8076422,0.0082210949798844,0.0800074948472924,0.0219399150339642,15689367.4,1125.765,1142.941,1,0.6320166057373583,55.339069831374005,30.462532540050585,0.2956280360860513,0.0420714781401804,0.3376995142262317,0,RELIANCE,1
2022-03-15,1157.15,1157.15,1115.65,1126.4,15421196,-0.0229007633587785,0.057205875451687,0.027474639457116,15169218.8,1126.3575,1142.896,1,-0.7409638375671365,49.71354171550799,31.25092307290411,0.325994318181818,0.019620028409091,0.345614346590909,1,RELIANCE,1
2022-03-16,1135.25,1147.6,1132.9,1145.4,10796570,0.0168678977272727,0.0208556149732621,0.0162507226160032,14169726.0,1126.0075,1142.89,1,0.690476143505039,53.38619834107042,30.53299999626809,0.3039986031080843,0.0358826610790991,0.3398812641871834,1,RELIANCE,1
2022-03-17,1159.45,1190.25,1151.0,1182.8,20743384,0.0326523485245326,0.0374073586808751,0.0204128333595145,15257664.0,1127.6474999999998,1143.116,1,0.5949044434419227,59.63550062113477,31.555642853677508,0.2627663172133919,0.0663679404802164,0.3291342576936084,1,RELIANCE,1
2022-03-21,1164.8,1183.9,1162.4,1176.0,11619290,-0.0057490700033817,0.0285114570578974,0.0212515990155302,15373261.6,1128.2175,1143.096,1,0.5209302083288296,58.11007704853568,30.8373826498434,0.2700680272108843,0.060969387755102,0.3310374149659864,1,RELIANCE,1
2022-03-22,1172.5,1208.15,1169.4,1206.35,21842392,0.0258078231292515,0.0464521165857043,0.0231218013859615,15816146.0,1130.76,1144.189,1,0.8735483645535883,62.69645795643802,31.402569603426013,0.2381149749243586,0.0845940232934056,0.3227089982177643,1,RELIANCE,1
2022-03-23,1202.45,1222.4,1202.45,1210.2,14972300,0.0031914452687862,0.0743963068181818,0.0158183056818257,15251889.4,1134.0800000000002,1145.173,1,0.3884711584726227,63.24618824180859,30.58452891746701,0.2341761692282266,0.0875061973227566,0.3216823665509832,0,RELIANCE,1
2022-03-24,1196.3,1231.6,1196.3,1229.0,12751058,0.0155346223764667,0.0729876025842499,0.0157807429215953,14550250.6,1138.6,1146.514,1,0.926345582823074,65.88961915288618,30.92134828050508,0.2152969894222944,0.1014646053702197,0.3167615947925142,1,RELIANCE,1
2022-03-25,1230.8,1246.8,1228.2,1237.2,13771878,0.0066720911310007,0.0459925600270545,0.0120608456169384,14186356.4,1143.8849999999998,1147.852,1,0.3440860030061354,67.0043324534729,30.04125197475471,0.2072421597154864,0.1074199806013579,0.3146621403168444,1,RELIANCE,1
2022-03-28,1243.9,1253.35,1232.7,1249.6,9578036,0.0100226317491107,0.0625850340136053,0.0088421557210222,13957252.6,1152.61,1148.813,1,0.2760290423230418,68.67160747010549,29.370448262272223,0.1952624839948784,0.1162772087067861,0.3115396927016645,0,RELIANCE,1
2022-03-29,1257.3,1257.3,1242.7,1249.9,8408930,0.000240076824584,0.0361006341443197,0.0059623382026961,13990503.4,1160.6799999999998,1149.645,1,-0.5068492803527829,68.71279837163192,28.31541624353849,0.1949755980478436,0.1164893191455317,0.3114649171933754,1,RELIANCE,1
2022-03-30,1258.2,1281.1,1247.3,1273.9,15310594,0.0192015361228898,0.0526359279457941,0.0074342699983497,13979443.2,1168.1475,1150.921,1,0.4644970276776047,71.89627550899051,28.70717222614288,0.172462516681058,0.1331344689536071,0.3055969856346651,0,RELIANCE,1
2022-03-31,1270.1,1272.4,1252.8,1255.7,12804754,-0.0142868357013894,0.0217249796582588,0.0124735732330854,14180261.6,1173.775,1151.707,1,-0.7346938400666287,66.38033839815228,28.163802781418397,0.1894560802739506,0.1205701998885084,0.3100262801624591,0,RELIANCE,1
2022-04-01,1256.3,1270.2,1249.65,1265.8,7671860,0.0080433224496296,0.0231167151632718,0.0125516732964106,12873109.2,1180.39,1152.985,1,0.4622870821271503,67.85424905140538,27.61995972560279,0.1799652393743087,0.1275872965713383,0.307552535945647,0,RELIANCE,1
2022-04-04,1265.6,1274.9,1259.0,1269.5,7677944,0.002923052614947,0.01592509603073,0.0121874039788279,12478974.6,1188.4475,1154.339,1,0.2452830034413248,68.4007855128212,26.7828197452026,0.1765261914139424,0.1301299724300906,0.306656163844033,0,RELIANCE,1
2022-04-05,1263.5,1272.5,1249.0,1251.6,12733244,-0.0141000393855849,0.0013601088087045,0.0145278063486233,11568059.8,1197.6574999999998,1155.756,1,-0.5063829571751972,62.83492101978443,26.54833262054527,0.1933525087887504,0.1176893576222435,0.3110418664109939,0,RELIANCE,1
2022-04-06,1233.0,1255.6,1233.0,1248.25,11868872,-0.0026765739852987,-0.0201350184472879,0.0100318197404137,11257717.0,1206.7975,1157.102,1,0.6747787312044836,61.821046172042855,26.266308861934885,0.1965551772481473,0.1153214500300421,0.3118766272781894,0,RELIANCE,1
2022-04-07,1236.8,1242.0,1223.4,1226.2,15005526,-0.0176647306228719,-0.0234928725013936,0.0109663383397301,11483163.8,1212.0075,1158.96,1,-0.5698924424788988,55.47597248707925,26.16514394322524,0.2180720926439405,0.0994128200946012,0.3174849127385418,0,RELIANCE,1
2022-04-08,1220.1,1251.1,1220.1,1246.6,14672420,0.0166367639862989,-0.0151682730289145,0.013775449611276,11573218.0,1217.3300000000002,1161.27,1,0.854838682101978,59.60660822757367,26.51049080442344,0.1981389379111182,0.1141504893309802,0.3122894272420985,0,RELIANCE,1
2022-04-11,1239.15,1257.5,1231.05,1244.0,8961010,-0.0020856730306433,-0.020086648286727,0.0134166443428964,11511515.4,1222.36,1163.863,1,0.1833648323869591,58.85714639262756,26.50617003267891,0.2006430868167202,0.1122990353697749,0.3129421221864951,0,RELIANCE,1
2022-04-12,1233.0,1240.4,1217.9,1220.6,12798966,-0.0188102893890675,-0.0247682965803771,0.0144319848004758,11950519.0,1225.75,1166.009,0,-0.551111086617289,52.463618737356704,26.477157887487557,0.2236604948386039,0.0952810093396689,0.318941504178273,0,RELIANCE,1
2022-04-13,1227.0,1235.6,1213.2,1216.1,10026184,-0.0036867114533836,-0.0257560584818746,0.0143997613060346,11422078.0,1230.235,1167.582,0,-0.4866071211336176,51.30931811777638,26.18593232409557,0.2281884713428172,0.0919332291752322,0.3201217005180495,0,RELIANCE,1
2022-04-18,1207.2,1220.0,1201.9,1212.4,9658212,-0.0030425129512373,-0.0112542815201435,0.012586287915153,11107423.8,1233.585,1169.156,0,0.2872928018070315,50.32880989497925,25.608365729517317,0.2319366545694488,0.0891619927416695,0.3210986473111183,1,RELIANCE,1
2022-04-19,1219.15,1271.6,1215.8,1258.6,25313572,0.0381062355658197,0.0096261832183539,0.0212787479527323,12871595.0,1237.375,1171.608,1,0.7069892346417673,60.48334615257336,28.007768177408924,0.186715398061338,0.1225965358334657,0.3093119338948037,0,RELIANCE,1
2022-04-20,1266.4,1303.0,1262.55,1295.6,24277880,0.0293977435245511,0.0414790996784564,0.0241908296525004,14531588.6,1243.355,1175.094,1,0.7218788449473656,66.4065255269457,29.17864187902258,0.1528249459709787,0.1476535967891324,0.3004785427601111,0,RELIANCE,1
2022-04-21,1311.1,1329.2,1302.1,1325.95,21020842,0.0234254399506022,0.086310011469769,0.0191701455475131,15360348.4,1249.3349999999998,1179.391,1,0.5479704594844872,70.3344951489619,29.494453173378123,0.1264376484784493,0.1671631660319017,0.293600814510351,0,RELIANCE,1
2022-04-22,1314.9,1335.4,1307.9,1314.85,14577196,-0.0083713563859875,0.0812022037661377,0.0204930214589876,15631180.8,1254.5675,1183.602,1,-0.0018181817520727,67.23795538146828,29.351992232422543,0.1359470662052705,0.1601323344868235,0.2960794006920941,0,RELIANCE,1
2022-04-25,1307.0,1314.65,1269.5,1284.4,16522604,-0.0231585351941284,0.0593863411415374,0.0262954384721788,15782888.6,1257.3375,1186.832,1,-0.5005536987695718,59.49924263257688,30.494707072963784,0.1628776082217376,0.1402211149174713,0.3030987231392089,1,RELIANCE,1
2022-04-26,1291.6,1332.1,1290.5,1322.9,11840258,0.0299750856431018,0.0510885110440173,0.0244550218438162,15499672.4,1261.6225,1190.57,1,0.7524038280672217,64.98641850523168,31.723656567752077,0.1290346965001132,0.1652430266838008,0.2942777231839141,0,RELIANCE,1
2022-04-27,1313.45,1347.8,1313.05,1324.15,18726232,0.0009448937939375,0.0220361222599569,0.0220818789889135,16476194.6,1265.35,1194.357,1,0.3079136602039248,65.1515020426258,31.939823955769786,0.1279688857002604,0.1660310387795945,0.2939999244798549,1,RELIANCE,1
2022-04-28,1339.2,1358.8,1327.85,1343.95,24802548,0.0149529887097383,0.0135751725178174,0.0205441174423857,17676552.8,1270.0525000000002,1198.584,1,0.1534733391446414,67.74565355098636,32.13340795892908,0.1113508687079131,0.1783176457457495,0.2896685144536626,0,RELIANCE,1
2022-04-29,1361.25,1361.25,1323.65,1329.8,17637762,-0.0105286655009487,0.0113701182644407,0.0208594248412908,18437710.6,1272.8475,1202.889,1,-0.8364361479671271,64.0747407869734,32.52387881900557,0.1231764175063919,0.169574372086028,0.2927507895924199,0,RELIANCE,1
2022-05-02,1316.4,1337.1,1314.5,1325.15,9167064,-0.0034967664310421,0.0317268763625038,0.0161494389613105,18388595.8,1276.32,1206.344,1,0.3871681244615889,62.86911869896132,31.81503033193373,0.1271176847904009,0.1666603780704072,0.2937780628608081,0,RELIANCE,1
2022-05-04,1327.3,1329.7,1275.5,1283.8,18637838,-0.0312040146398522,-0.0295562778743669,0.0169498323579219,17721022.4,1277.22,1209.02,1,-0.802583011022453,53.27031992264677,33.41395673679561,0.163421093628291,0.1398192864932232,0.3032403801215142,0,RELIANCE,1
2022-05-05,1298.0,1301.1,1254.4,1258.65,16665386,-0.0195902788596353,-0.0494656949741343,0.0173695373660686,16959773.0,1276.6775,1210.901,0,-0.8426124016571234,48.42729316202951,34.36295982702448,0.1866682556707582,0.1226313907758313,0.3092996464465895,0,RELIANCE,1
2022-05-06,1245.0,1267.3,1236.1,1249.0,19027382,-0.0076669447423828,-0.0706499497749172,0.0110506594741043,16760427.0,1276.5475,1212.771,0,0.1282051240959894,46.6738986227228,34.13703412509417,0.1958366693354683,0.1158526821457166,0.3116893514811849,0,RELIANCE,1
2022-05-09,1227.2,1237.8,1194.8,1200.2,17510808,-0.0390712570056044,-0.0974582644006617,0.0151134026077447,17053788.2,1274.145,1213.899,0,-0.6279069621416986,38.98647791734514,35.57010311615888,0.2444592567905348,0.0799033494417597,0.3243626062322945,0,RELIANCE,1
2022-05-10,1189.1,1204.2,1171.5,1179.4,18893492,-0.0173304449258456,-0.109987548579406,0.0122928845007889,17290877.0,1271.805,1214.715,0,-0.2966360765554657,36.24618452238928,35.36509575071896,0.2664066474478547,0.0636764456503307,0.3300830930981854,0,RELIANCE,1
2022-05-11,1178.5,1184.3,1154.3,1167.3,16116572,-0.0102594539596405,-0.0907462221529833,0.012355085056713,17718508.4,1267.84,1215.4309999999998,0,-0.3733333208888908,34.717431368657174,34.9818746256676,0.2795339672749078,0.053970701619121,0.3335046688940289,0,RELIANCE,1
2022-05-12,1156.95,1160.45,1129.55,1143.55,19841128,-0.0203460978326051,-0.0914471854765026,0.0123720330638657,17829998.0,1262.8175,1216.8,0,-0.4336569438945989,31.87561165230717,35.179597866691346,0.306108171920773,0.0343229417165843,0.3404311136373573,1,RELIANCE,1
2022-05-13,1156.2,1181.0,1151.15,1156.5,18697020,0.0113243845918411,-0.0740592473979183,0.0182262851965762,17219445.2,1259.6125,1218.16,0,0.010050250919588,34.99991847064307,35.341769447641965,0.2914829226113272,0.045136186770428,0.3366191093817552,1,RELIANCE,1
2022-05-16,1160.25,1182.45,1151.8,1156.8,13012160,0.0002594033722438,-0.0361606398933511,0.0130726505931867,16756885.0,1256.6475,1218.805,0,-0.1125611708789189,35.07420404965782,35.00664305852469,0.2911479944674965,0.0453838174273858,0.3365318118948824,1,RELIANCE,1
2022-05-17,1160.6,1210.5,1159.1,1205.4,16027418,0.0420124481327801,0.0220451076818721,0.0240148940982882,17442920.4,1256.2975,1220.05,0,0.8715953137821943,45.86738206464881,36.34188284005864,0.2390907582545211,0.0838725734196118,0.322963331674133,0,RELIANCE,1
2022-05-18,1210.4,1224.85,1195.4,1209.8,16729410,0.0036502405840384,0.0364088066478196,0.0226291578285003,17252077.6,1253.8575,1221.576,0,-0.020373513739444,46.73077702633363,35.849605494340146,0.2345842287981484,0.08720449661101,0.3217887254091585,0,RELIANCE,1
2022-05-19,1183.9,1197.45,1175.3,1181.9,14233408,-0.0230616630848072,0.0335359188491977,0.0234776438289788,17008879.8,1248.1725,1223.047,0,-0.0902934496481508,42.14100058352842,35.753205101887275,0.2637278957610625,0.0656569929774093,0.3293848887384719,1,RELIANCE,1
2022-05-20,1197.45,1260.3,1192.45,1250.8,21102624,0.0582959641255604,0.0815391266753133,0.033133914094693,17216404.0,1244.415,1226.715,1,0.7862932824422506,54.124180228902745,38.79940473746675,0.1941157659098177,0.1171250399744163,0.3112408058842341,0,RELIANCE,1
2022-05-23,1254.2,1264.7,1235.8,1242.45,14769504,-0.0066757275343779,0.0740404564315353,0.0341007183828623,16942273.6,1240.795,1230.255,1,-0.4065743803953489,52.69968465364003,38.09230439907628,0.2021409312245964,0.1111915972473742,0.3133325284719706,1,RELIANCE,1
2022-05-24,1242.5,1257.3,1238.1,1246.7,13099218,0.0034206607911786,0.0342624854819977,0.0306021173948025,16362846.2,1238.91,1232.749,1,0.2187499886067732,53.3723521133215,36.74285408485655,0.1980428330793293,0.1142215448784792,0.3122643779578086,0,RELIANCE,1
2022-05-25,1255.85,1266.2,1239.9,1244.9,12311710,-0.0014438116627897,0.0290130600099192,0.0308306997201986,15982360.0,1235.01,1234.844,1,-0.4163497940551347,53.02838805281165,35.99693593593822,0.1997750823359304,0.1129407984577075,0.312715880793638,0,RELIANCE,1
2022-05-26,1250.8,1255.8,1214.4,1233.0,17315470,-0.0095590007229496,0.0432354683137321,0.0281081580355028,15729794.2,1230.4525,1236.636,1,-0.4299516804359501,50.702006164649184,36.3828690833712,0.2113544201135441,0.1043795620437956,0.3157339821573398,0,RELIANCE,1
2022-05-27,1235.85,1241.6,1210.6,1227.3,15998510,-0.0046228710462287,-0.0187879756955547,0.0049949909052761,15459943.2,1224.62,1238.126,1,-0.2758064427159197,49.58000899545331,35.99837843455897,0.2169803633993318,0.1002199951112197,0.3172003585105516,1,RELIANCE,1
2022-05-30,1246.3,1274.4,1236.4,1270.05,13414482,0.0348325592764604,0.0222141736085959,0.0175886117047774,15500175.4,1221.6325,1240.999,1,0.6249999835526321,57.22538237685514,36.79135140351905,0.1760166922562103,0.1305066729656313,0.3065233652218416,0,RELIANCE,1
2022-05-31,1258.9,1276.7,1246.65,1254.7,68383188,-0.0120861383410101,0.0064169407235099,0.0191315901644145,20735752.4,1218.11,1243.185,1,-0.1397670502573378,54.05584732003489,36.30982630326768,0.1904040806567306,0.119869291464095,0.3102733721208257,1,RELIANCE,1
2022-06-01,1255.5,1265.5,1246.9,1255.1,9467226,0.0003188013070851,0.0081934291910994,0.0190817072639248,20009534.0,1216.675,1244.631,1,-0.021505375187888,54.12714885593135,35.04483871017713,0.1900246992271532,0.1201497888614452,0.3101744880885985,1,RELIANCE,1
2022-06-02,1255.4,1302.3,1255.4,1298.4,21425536,0.0344992430882002,0.0530413625304138,0.0224192427911342,20728746.8,1218.6625,1247.0790000000002,1,0.9168443301312535,61.15491502106103,35.91306451659305,0.1503388786198396,0.1494916820702403,0.29983056069008,0,RELIANCE,1
2022-06-03,1307.8,1342.75,1306.8,1324.7,23181310,0.0202556993222426,0.0793611993807545,0.0209092030179779,20936615.4,1222.4475,1249.446,1,0.4700973443644708,64.69304933328533,36.51570276540783,0.1275005661659242,0.1663772929719937,0.293877859137918,0,RELIANCE,1
2022-06-06,1324.95,1341.15,1311.5,1319.0,10741690,-0.0043028610251377,0.0385417896933191,0.0191434076568057,20533834.0,1228.3875,1251.622,1,-0.2006745294882124,63.34637131232997,36.02529542502156,0.1323730098559514,0.1627748294162244,0.2951478392721758,0,RELIANCE,1
2022-06-07,1320.1,1330.25,1311.6,1321.5,11966710,0.0018953752843062,0.0532398182832549,0.0163397741537456,20420583.2,1235.4924999999998,1253.472,1,0.0750670201036495,63.7032525333022,34.78420289466288,0.130230798335225,0.1643586833144154,0.2945894816496405,0,RELIANCE,1
2022-06-08,1321.5,1325.4,1294.6,1298.3,12083872,-0.0175558077941733,0.0344195681618995,0.0205469755084139,20397799.4,1242.0425,1254.6940000000002,1,-0.7532467287906877,58.05423069061985,34.499616973615545,0.1504274820919663,0.1494261726873604,0.2998536547793268,0,RELIANCE,1
2022-06-09,1291.6,1335.9,1291.6,1333.9,16730878,0.0274204729261342,0.0273413431916205,0.0182954120545665,20339340.2,1251.56,1256.38,1,0.9548532515834482,63.41536911860492,35.19964433264302,0.1197241172501685,0.1721268460904116,0.2918509633405802,0,RELIANCE,1
2022-06-10,1321.1,1329.7,1287.5,1293.6,17519818,-0.0302121598320714,-0.0234770136634711,0.0217451865824021,20491471.0,1258.415,1257.254,1,-0.6516587523303606,54.86637776197334,35.999669737454234,0.1546072974644403,0.1463358070500927,0.3009431045145331,0,RELIANCE,1
2022-06-13,1263.0,1273.85,1246.9,1269.15,17062526,-0.0189007421150276,-0.0377937831690674,0.0226641047229771,20856275.4,1264.0325,1257.159,1,0.2282003625899729,50.42493376445919,36.76397904192178,0.1768506480715438,0.129890083914431,0.3067407319859748,0,RELIANCE,1
2022-06-14,1263.0,1273.4,1245.6,1252.55,14248120,-0.0130796202182563,-0.0521755580779417,0.0220994169477872,15442768.6,1266.39,1257.096,0,-0.3758992670539823,47.60717248218764,36.12369482464167,0.1924474072891301,0.1183585485609357,0.3108059558500658,0,RELIANCE,1
2022-06-15,1247.5,1256.9,1231.7,1237.4,10840830,-0.0120953255359066,-0.0469074944157743,0.0217942549248718,15580129.0,1267.77,1256.528,0,-0.4007936348891371,45.12860905502395,35.343430908595835,0.2070470341037658,0.107564247615969,0.3146112817197348,0,RELIANCE,1
2022-06-16,1250.1,1267.3,1217.2,1220.1,16569334,-0.0139809277517376,-0.0853137416597947,0.007492946948559,15094508.8,1269.6799999999998,1255.54,0,-0.5988023832574386,42.41313194651437,36.39747155798184,0.2241619539382018,0.0949102532579296,0.3190722071961314,1,RELIANCE,1
2022-06-17,1220.1,1251.0,1218.2,1234.4,23682314,0.0117203507909189,-0.0457637600494742,0.0120211739563395,15144609.2,1268.86,1255.196,0,0.4359755964641648,45.34086560444311,36.14050930384028,0.2099805573558002,0.1053953337653922,0.3153758911211924,0,RELIANCE,1
2022-06-20,1241.55,1247.3,1201.55,1212.0,11684486,-0.0181464679196371,-0.045030138281527,0.0118738899718079,15238888.8,1267.3375,1254.471,0,-0.645901625226193,41.75941339986216,36.82690149642311,0.2323432343234322,0.0888613861386139,0.3212046204620462,0,RELIANCE,1
2022-06-21,1220.1,1236.0,1205.0,1231.6,11348724,0.0161716171617161,-0.0167258792064189,0.0159421349142121,15177090.2,1266.5825,1254.579,0,0.3709677299687829,45.79408999387711,36.4106942466786,0.212731406300747,0.1033614810003247,0.3160928873010717,0,RELIANCE,1
2022-06-22,1219.2,1219.3,1192.0,1194.2,10280822,-0.0303670022734653,-0.0349119120737029,0.0200395712145282,14996785.2,1264.0475,1253.531,0,-0.9157508822069288,40.0873216522656,36.63850180048727,0.2507117735722658,0.0752805225255401,0.325992296097806,0,RELIANCE,1
2022-06-23,1198.7,1203.4,1165.3,1174.8,18830208,-0.0162451850611288,-0.0371281042537496,0.0202633441247611,15206718.2,1261.1375,1252.147,0,-0.6272965714620324,37.47831223793703,36.7428945290239,0.2713653387810691,0.0600102145045965,0.3313755532856656,1,RELIANCE,1
2022-06-24,1182.0,1196.75,1176.25,1191.5,13789062,0.0142151855635002,-0.0347537265068049,0.0208726077412477,14833642.6,1259.3475,1251.565,0,0.4634146115407506,41.035900630363685,35.6862592055222,0.2535459504825849,0.073185060847671,0.3267310113302559,1,RELIANCE,1
2022-06-27,1212.9,1212.9,1182.7,1188.0,14984252,-0.0029374737725555,-0.0198019801980198,0.0199050200380963,14625815.2,1255.245,1251.003,0,-0.8245032839568467,40.51556547684388,35.2943835479849,0.2572390572390571,0.0704545454545454,0.3276936026936026,1,RELIANCE,1
2022-06-28,1183.0,1207.7,1183.0,1204.7,13142820,0.0140572390572391,-0.0218415069827865,0.0193895779281603,14515285.2,1252.745,1250.849,0,0.8785424745529364,44.154234524040405,34.53764186598598,0.2398107412633849,0.0833402506848178,0.3231509919482028,0,RELIANCE,1
2022-06-29,1194.9,1237.7,1192.0,1229.7,18596672,0.0207520544533907,0.0297270139005192,0.0152048773205818,15290869.4,1251.475,1250.271,0,0.7614879483263014,49.16716594430645,35.3349531612727,0.2146051882572984,0.1019760917296902,0.3165812799869886,0,RELIANCE,1
2022-06-30,1229.6,1246.75,1222.95,1237.1,22380674,0.0060177279011139,0.0530303030303029,0.0091129906093614,15872003.4,1248.41,1249.101,0,0.3151260371795789,50.58123240067648,34.5110279354675,0.2073397461805836,0.1073478296014873,0.3146875757820709,0,RELIANCE,1
2022-07-01,1227.2,1235.35,1127.15,1148.0,79399242,-0.0720232802522026,-0.0365086026017624,0.0375080861051091,21443696.2,1239.575,1245.542,0,-0.7319778120889313,37.1727221084094,39.89952594007696,0.3010452961672473,0.0380662020905923,0.3391114982578397,1,RELIANCE,1
2022-07-04,1133.8,1163.85,1127.7,1150.4,40531556,0.0020905923344949,-0.0316498316498315,0.0377053122685842,24328403.2,1231.145,1242.253,0,0.459197774296056,37.652158248845936,39.63170265864288,0.2983310152990262,0.0400730180806677,0.3384040333796939,1,RELIANCE,1
2022-07-05,1154.8,1174.8,1152.0,1159.7,17088210,0.0080841446453407,-0.0373536980161035,0.0370061947140779,24902351.8,1223.0549999999998,1239.759,0,0.214912271275782,39.57633936317361,38.54372389731123,0.2879192894714149,0.0477709752522204,0.3356902647236354,0,RELIANCE,1
2022-07-06,1153.4,1163.8,1138.1,1149.5,23185120,-0.0087953781150298,-0.0652191591445068,0.033672465077627,26192781.6,1215.6150000000002,1236.291,0,-0.1517509668579423,38.18442447820416,37.62631504750329,0.2993475424097432,0.0393214441061331,0.3386689865158764,0,RELIANCE,1
2022-07-07,1156.2,1159.7,1131.9,1138.2,22562790,-0.0098303610265332,-0.0799450327378545,0.0321552854027689,26566039.8,1205.83,1232.572,0,-0.6474819910977712,36.64671237580573,36.92443540125305,0.3122474081883675,0.0297838692672641,0.3420312774556316,0,RELIANCE,1
2022-07-08,1152.4,1152.4,1135.5,1139.75,18407814,0.0013617993322789,-0.0071864111498257,0.0076733594846741,27027915.0,1198.1375,1228.488,0,-0.7485206657680092,37.02135744136756,35.49411858687784,0.3104628207940337,0.031103312129853,0.3415661329238867,0,RELIANCE,1
2022-07-11,1132.65,1157.6,1129.55,1155.2,13408740,0.0135556042991884,0.0041724617524339,0.0102606948225385,26870363.8,1192.44,1224.996,0,0.8039215399671462,40.78056730583161,34.96239583067227,0.2929362880886425,0.0440616343490305,0.336997922437673,1,RELIANCE,1
2022-07-12,1145.75,1162.75,1145.75,1153.6,10437480,-0.0013850415512466,-0.0052599810295766,0.0094383979249232,26599829.8,1187.4924999999998,1221.565,0,0.4617646787197194,40.51088577950141,33.67936755705282,0.2947295423023578,0.0427357836338418,0.3374653259361997,0,RELIANCE,1
2022-07-13,1156.85,1160.05,1131.0,1133.15,13773472,-0.0177271151178917,-0.0142235754675945,0.0118223632245041,26117509.8,1182.28,1218.552,0,-0.8158347395581795,37.13106727011731,33.34869844583476,0.3180955742840752,0.0254600008824958,0.343555575166571,1,RELIANCE,1
2022-07-14,1138.1,1160.0,1132.85,1142.5,16432648,0.0082513347747428,0.0037778949218063,0.0119013781799232,25522707.2,1178.4,1216.229,0,0.162062609132135,39.61178206289071,32.90593427113228,0.3073085339168489,0.0334354485776805,0.3407439824945295,1,RELIANCE,1
2022-07-15,1151.0,1151.0,1135.8,1144.7,9298952,0.0019256017505471,0.0043430576880896,0.0119105650174104,18512678.2,1173.915,1214.1429999999998,0,-0.4144736569425183,40.20959866329424,31.641224680337125,0.3047960164235169,0.0352930898925483,0.3400891063160653,1,RELIANCE,1
2022-07-18,1153.85,1155.75,1140.2,1154.45,14680568,0.0085175155062462,-0.0006492382271467,0.0107293358733724,15927579.4,1171.0375,1213.228,0,0.0385852065218605,42.90711666492167,30.491851488884468,0.2937762570921217,0.0434405994196371,0.3372168565117588,1,RELIANCE,1
2022-07-19,1144.0,1166.25,1144.0,1161.5,15919026,0.0061068041058511,0.0068481276005547,0.0110212920139067,15810661.0,1167.5325,1212.87,0,0.7865168185835137,44.84482468604024,29.903147811107004,0.2859233749461902,0.0492466637968145,0.3351700387430047,1,RELIANCE,1
2022-07-20,1210.6,1211.75,1184.95,1192.9,23166258,0.027034007748601,0.05272911794555,0.0096836492731096,15808774.8,1167.4675,1213.382,1,-0.6604477365504519,52.56657966642587,31.356494396027934,0.2520747757565594,0.0742727806186605,0.32634755637522,0,RELIANCE,1
2022-07-21,1188.65,1191.5,1175.9,1185.0,15999726,-0.0066225165562914,0.0371991247264771,0.0123997496523757,15152468.4,1167.9775,1214.211,1,-0.2339743439760108,50.6454686247423,30.33103051059737,0.26042194092827,0.0681012658227848,0.3285232067510548,0,RELIANCE,1
2022-07-22,1191.5,1199.3,1189.1,1193.0,10622434,0.0067510548523206,0.0421944614309426,0.0120507752926162,14373930.4,1168.0525,1214.941,1,0.1470588091118808,52.5371338820999,29.18595690269755,0.2519698239731768,0.0743503772003353,0.3263202011735121,0,RELIANCE,1
2022-07-25,1176.0,1176.0,1145.3,1153.55,22378246,-0.0330678960603521,-0.0007795920135129,0.022085304682097,15270881.0,1166.3300000000002,1214.876,0,-0.7312703344863087,43.65201480154846,30.508388552504872,0.2947856616531576,0.0426942915348272,0.3374799531879849,0,RELIANCE,1
2022-07-26,1153.9,1164.75,1149.25,1154.1,10945168,0.0004767890425207,-0.0063710718897977,0.0218408520032426,15321649.8,1163.8,1213.85,0,0.0129032249739737,43.79473132888351,29.436360798754524,0.294168616237761,0.0431505068884845,0.3373191231262455,0,RELIANCE,1
2022-07-27,1153.35,1156.7,1144.8,1153.0,8380868,-0.000953123646131,-0.0334479000754465,0.0154978570309402,14782389.4,1159.965,1212.714,0,-0.0294117622342978,43.557118601475096,28.18376359884349,0.2954032957502167,0.0422376409366869,0.3376409366869037,1,RELIANCE,1
2022-07-28,1161.0,1176.2,1153.85,1171.05,12100162,0.0156548135299219,-0.0117721518987342,0.0184421990808175,14349140.8,1156.6625,1212.497,1,0.4496644094109835,48.49526742094112,27.82778048464039,0.275436574014773,0.0570001280901754,0.3324367021049485,1,RELIANCE,1
2022-07-29,1179.45,1199.65,1174.35,1196.0,14651300,0.0213056658554289,0.0025146689019279,0.021161828580422,14884375.6,1159.0625,1211.401,1,0.654150171772714,54.43013177794996,27.8829390214518,0.248829431438127,0.0766722408026756,0.3255016722408026,1,RELIANCE,1
2022-08-01,1200.6,1233.3,1195.1,1227.2,15202622,0.0260869565217392,0.0638463872393915,0.0122233497206856,14936581.0,1162.9025,1211.096,1,0.6963350603053677,60.55167543456807,28.61987194849096,0.2170795306388525,0.1001466753585398,0.3172262059973924,0,RELIANCE,1
2022-08-02,1226.05,1242.9,1220.8,1231.85,13476954,0.0037891134289438,0.067368512260636,0.0114746955722336,14692373.8,1166.5099999999998,1210.799,1,0.2624434270387553,61.384264178734405,28.15416680931304,0.2124852863579169,0.1035434509071721,0.316028737265089,0,RELIANCE,1
2022-08-03,1239.15,1243.9,1223.65,1242.2,13799466,0.0084019969963875,0.0773633998265395,0.0091147826088784,13755694.6,1171.145,1210.745,1,0.1506172765127248,63.2438004483066,27.58958346579068,0.2023828691032038,0.1110127193688617,0.3133955884720656,0,RELIANCE,1
2022-08-04,1243.9,1247.6,1208.2,1225.8,14008768,-0.0132023828691032,0.0467529140514921,0.0155198954676615,13556598.8,1175.525,1210.601,1,-0.4593908512845012,58.4414944083331,28.433184646805618,0.2184695708924783,0.0991189427312775,0.3175885136237559,0,RELIANCE,1
2022-08-05,1227.7,1229.05,1204.35,1207.7,13500702,-0.0147658671887745,0.0097826086956522,0.0168564195269414,13844425.6,1178.9225,1210.2089999999998,1,-0.8097165664082346,53.60371386040862,28.166528600605226,0.23673097623582,0.0856172890618531,0.3223482652976732,1,RELIANCE,1
2022-08-08,1206.3,1231.3,1206.3,1223.5,9843116,0.0130827192183489,-0.0030149934810952,0.012718001447123,12590912.6,1182.3375,1209.278,1,0.6879999724800029,56.95356305632743,27.94034798627628,0.2207601144258274,0.0974254188802615,0.318185533306089,1,RELIANCE,1
2022-08-10,1228.15,1234.35,1218.7,1230.8,10384900,0.0059664895790763,-0.0008523765068798,0.012938608637286,12534885.8,1186.1975,1208.8,1,0.1693290626626724,58.44636275532228,27.06246598725653,0.2135196620084497,0.1027786805329866,0.3162983425414364,1,RELIANCE,1
2022-08-11,1240.6,1243.9,1229.7,1234.9,7938482,0.003331166720832,-0.0058766704234421,0.0122876166388174,12490647.2,1191.285,1208.396,1,-0.4014084224360125,59.30005980433372,26.14371841673821,0.2094906470159525,0.1057575512187222,0.3152481982346748,1,RELIANCE,1
2022-08-12,1234.5,1258.9,1230.7,1254.9,12249780,0.016195643371933,0.0237395986294666,0.0120913010572047,12505609.0,1196.9050000000002,1207.5259999999998,1,0.7234042296665187,63.2647442427533,26.290595672685487,0.1902143597099369,0.1200095625149415,0.3102239222248784,0,RELIANCE,1
2022-08-16,1261.2,1266.5,1252.2,1263.6,6398038,0.0069328233325363,0.0462863293864368,0.0053386602079959,11680282.8,1202.85,1206.304,1,0.1678321560956444,64.86796067536841,25.434124553207948,0.1820196264640709,0.126068376068376,0.3080880025324469,0,RELIANCE,1
2022-08-17,1270.15,1275.8,1265.6,1270.2,6386986,0.0052231718898385,0.038169186759297,0.0050211108480761,10798719.2,1208.6375,1205.328,1,0.0049019603037249,66.0774631923598,24.488829942264523,0.1758778145173987,0.1306093528578177,0.3064871673752165,0,RELIANCE,1
2022-08-18,1267.75,1272.05,1258.3,1268.4,7175264,-0.0014170996693433,0.0305492362690933,0.0064719912648471,10168550.2,1213.9824999999998,1204.266,1,0.0472727238347176,65.41600758221168,23.7217706606742,0.1775465152948595,0.1293755912961212,0.3069221065909807,0,RELIANCE,1
2022-08-19,1263.0,1268.6,1241.5,1245.75,9160982,-0.0178571428571429,0.0087861365292736,0.0126693560096857,9704701.8,1216.625,1203.215,1,-0.6365313418254138,57.60213526857931,23.96307275634032,0.1989564519365843,0.1135460565924142,0.3125025085289986,0,RELIANCE,1
2022-08-22,1247.25,1254.1,1232.5,1242.3,9171590,-0.0027694160144491,-0.0100406406885011,0.0098023947880743,9220984.0,1219.4900000000002,1201.383,1,-0.2291666560571023,56.49518206937588,23.79428184517315,0.2022860822667632,0.1110842791596232,0.3133703614263865,1,RELIANCE,1
2022-08-23,1236.3,1264.5,1235.0,1261.5,9371842,0.015455204056991,-0.0016619183285849,0.0121894159547948,8808098.0,1222.9150000000002,1200.741,1,0.8542372591783995,60.988342232716455,24.201833141946494,0.1839873166864842,0.1246135552913199,0.3086008719778041,0,RELIANCE,1
2022-08-24,1258.3,1272.5,1256.0,1258.1,10041082,-0.0026952041220769,-0.0095260588883641,0.0118051427546918,8827894.6,1228.1425,1200.52,1,-0.012121211386596,59.81032118356554,23.651702203236034,0.187187028058183,0.1222478340354502,0.3094348620936332,0,RELIANCE,1
2022-08-25,1262.5,1269.15,1249.9,1254.4,7622540,-0.0029409426913598,-0.0110375275938189,0.0118106244480366,8551658.6,1233.1575,1200.557,1,-0.4207791989205564,58.48638070918875,23.33729490300489,0.1906887755102039,0.1196588010204082,0.3103475765306122,0,RELIANCE,1
2022-08-26,1254.9,1263.0,1242.5,1247.75,10401700,-0.0053013392857144,0.0016054585591009,0.0085137998708428,8797980.4,1237.895,1200.764,1,-0.3487804707912009,56.08350091662004,23.134630981361685,0.197034662392306,0.1149669404928872,0.3120016028851933,0,RELIANCE,1
2022-08-29,1232.0,1265.4,1228.7,1238.05,19210420,-0.0077739931877379,-0.0034210738146985,0.0092357336504395,9494044.4,1241.245,1201.123,0,0.1648501317479513,52.68344369727055,24.103585911264425,0.2064133112556035,0.1080327935059165,0.3144461047615201,0,RELIANCE,1
2022-08-30,1245.8,1260.7,1228.0,1257.25,22405942,0.0155082589556156,-0.003369005152596,0.0092588661456881,11094834.8,1244.3075,1201.58,1,0.3501528944907381,58.09841035788338,24.717615489031257,0.1879896599721613,0.1216544044541658,0.3096440644263272,0,RELIANCE,1
2022-09-01,1230.9,1241.5,1215.7,1220.3,19279136,-0.029389540664148,-0.0300453064144344,0.0159895804127577,12384049.8,1243.9625,1201.746,0,-0.4108526972537774,46.96030204489167,25.919928668386166,0.2239613209866426,0.0950585921494714,0.319019913136114,0,RELIANCE,1
2022-09-02,1220.3,1227.4,1203.75,1206.0,12587490,-0.0117184298942882,-0.0385841836734694,0.0160542841394152,12925272.4,1242.67,1201.234,0,-0.6046511372240492,43.48573808180426,25.75779090635859,0.238474295190713,0.0843283582089552,0.3228026533996683,1,RELIANCE,1
2022-09-05,1206.3,1230.35,1206.3,1224.8,10968918,0.0155887230514095,-0.0183931075936686,0.0192467850356596,13106066.0,1241.8,1201.846,0,0.7692307372461246,48.84454239795174,25.657234413047256,0.2194644023514042,0.0983834095362508,0.3178478118876551,0,RELIANCE,1
2022-09-06,1226.3,1242.0,1225.8,1237.65,10554286,0.0104915088177661,-0.0003230887282419,0.0199662631654807,13244335.6,1242.3925000000002,1203.103,0,0.7006172407026459,52.182110989990896,25.05314624068674,0.2068032157718254,0.1077445158162647,0.3145477315880903,0,RELIANCE,1
2022-09-07,1227.25,1236.7,1224.85,1230.45,7251244,-0.0058174766694946,-0.0213163650825213,0.0180352791592846,13032275.8,1243.5300000000002,1203.882,0,0.2700421713044588,50.20557720337316,24.17792150920913,0.2138648461944815,0.1025234670242594,0.316388313218741,0,RELIANCE,1
2022-09-08,1233.55,1238.2,1225.35,1232.2,6833488,0.0014222438945101,0.0097517004015406,0.0112516771528343,12711516.4,1243.965,1204.766,0,-0.105058357582999,50.6944196499109,23.368784258551347,0.2121408862197694,0.1037980847265055,0.3159389709462749,0,RELIANCE,1
2022-09-09,1243.9,1243.9,1222.0,1224.5,8051412,-0.0062489855542932,0.015339966832504,0.0097511739523939,12754403.6,1243.65,1205.162,0,-0.8858447084089178,48.4410169106118,23.263871097226257,0.2197631686402612,0.0981625153123724,0.3179256839526337,1,RELIANCE,1
2022-09-12,1225.1,1244.9,1225.1,1238.2,7199844,0.0111882400979992,0.0109405617243631,0.0084529213833448,12434218.0,1243.815,1205.332,0,0.6616161282012064,52.487700408862,23.05930887599581,0.2062671620093683,0.1081408496204168,0.3144080116297851,0,RELIANCE,1
2022-09-13,1247.75,1253.3,1239.6,1248.6,8607040,0.0083992892909059,0.0088474124348563,0.0079787819793234,11373880.0,1243.5,1205.562,1,0.0620437910916872,55.35247056109083,22.49078681342468,0.1962197661380746,0.1155694377703027,0.3117892039083774,0,RELIANCE,1
2022-09-14,1227.25,1243.9,1226.2,1233.6,8403268,-0.0120134550696779,0.0025600390101181,0.0097418031005415,9973612.6,1242.0,1207.274,0,0.3587570418781271,50.61241536311988,22.48430204103719,0.2107652399481193,0.1048151750972762,0.3155804150453956,0,RELIANCE,1
2022-09-15,1231.05,1240.85,1218.55,1221.4,10037188,-0.0098897535667962,-0.0087648109073201,0.0107498166173899,9049417.8,1239.56,1208.694,0,-0.4327354066037882,47.08102631465426,22.47113760953453,0.2228590142459471,0.0958735876862617,0.3187326019322088,0,RELIANCE,1
2022-09-16,1212.35,1216.75,1187.2,1191.1,19577152,-0.024807597838546,-0.0272764393630053,0.0150510596300305,9748384.0,1235.6950000000002,1209.322,0,-0.7191201110280853,39.67661412243814,23.30891349456778,0.2539669213332214,0.0728738141214003,0.3268407354546218,0,RELIANCE,1
2022-09-19,1191.1,1202.3,1182.6,1192.7,7340090,0.001343296112837,-0.0367468906477144,0.0128118096891724,9385501.2,1233.0425,1210.186,0,0.081218269988927,40.21133307033357,23.051133959241515,0.252284732120399,0.0741175484195523,0.3264022805399513,0,RELIANCE,1
2022-09-20,1202.2,1209.5,1189.0,1192.85,8144950,0.0001257650708474,-0.04465000800897,0.0106066535337583,9144567.6,1230.57,1211.279,0,-0.4560975387269559,40.26479273108595,22.868910105009977,0.2521272582470554,0.0742339774489667,0.3263612356960221,1,RELIANCE,1
2022-09-21,1189.95,1207.2,1189.1,1196.15,8915596,0.0027664836316385,-0.0303583009079116,0.0115878546005006,9311002.8,1227.3025,1212.407,0,0.3425414175391481,41.503991365427495,22.52827366893785,0.2486728253145506,0.0767880282573257,0.3254608535718764,0,RELIANCE,1
2022-09-22,1184.8,1192.9,1178.2,1184.9,9981578,-0.0094051749362538,-0.0298837399705256,0.0115501199112565,9625811.8,1223.6425,1213.001,0,0.0068027206256745,38.56670459972808,22.201254121156577,0.2605283146257066,0.0680226179424425,0.3285509325681491,0,RELIANCE,1
2022-09-23,1184.35,1189.6,1161.05,1162.7,9226174,-0.018735758291839,-0.0238435060028543,0.0091469411321847,9743288.0,1219.0575,1213.183,0,-0.7583187124932114,33.5246668732693,22.65473596964539,0.2845961985034831,0.0502279177775867,0.3348241162810699,0,RELIANCE,1
2022-09-26,1141.0,1152.3,1132.0,1133.05,12084136,-0.025500989077148,-0.0500125765070847,0.0120659621730357,10231717.2,1213.3224999999998,1213.181,0,-0.3916255964716486,28.21846928556883,23.229397686099297,0.3182119059176558,0.0253739905564626,0.3435858964741185,0,RELIANCE,1
2022-09-27,1141.0,1156.2,1124.8,1142.05,15642992,0.0079431622611534,-0.0425870813597686,0.0140703374609915,10935312.4,1208.5225,1213.172,0,0.0334394893809064,31.74969932957022,23.81301213709221,0.3078236504531325,0.0330545948075828,0.3408782452607153,0,RELIANCE,1
2022-09-28,1124.95,1133.35,1109.1,1111.65,16458544,-0.0266187995271659,-0.0706433139656397,0.0142782599497512,11740840.0,1201.2424999999998,1212.511,0,-0.5484535856307781,26.93051336460239,24.46565412729992,0.3435883596455717,0.0066117932802591,0.3502001529258309,0,RELIANCE,1
2022-09-29,1124.8,1128.35,1102.4,1108.25,14206982,-0.0030585166194396,-0.064689003291417,0.0150988903491638,12157819.4,1195.64,1211.587,0,-0.6377649079859408,26.447008727202743,24.57167883249277,0.347710354161967,0.0035641777577261,0.3512745319196931,0,RELIANCE,1
2022-09-30,1101.4,1144.8,1101.4,1133.2,18023310,0.0225129709000677,-0.0253719790143631,0.0213067241924238,12002435.2,1192.0,1211.021,0,0.7327188771262945,35.58626416395616,25.91655891588613,0.3180374161666077,0.0255030003529827,0.3435404165195905,1,RELIANCE,1
2022-10-03,1139.8,1151.9,1126.2,1129.3,11477196,-0.0034415813625132,-0.0033096509421473,0.0180157508663493,12416145.8,1187.225,1209.749,0,-0.4085602953867582,34.857173750303204,25.90109042189427,0.3225892145576906,0.0221376073673957,0.3447268219250863,1,RELIANCE,1
2022-10-04,1142.8,1152.4,1139.15,1150.1,8665324,0.0184184893296732,0.0070487281642659,0.0197713610756536,12468183.2,1182.8475,1209.051,0,0.5509433546457811,41.71574494371787,25.70101253461612,0.2986696808973133,0.0398226241196417,0.338492305016955,0,RELIANCE,1
2022-10-06,1157.65,1167.7,1152.5,1154.4,12929128,0.0037388053212765,0.0384563486708946,0.0121435161804673,12869536.4,1179.0449999999998,1208.279,0,-0.2138157754068562,43.0506357398198,25.12236878214355,0.2938322938322936,0.0433991683991685,0.3372314622314621,0,RELIANCE,1
2022-10-07,1150.8,1164.75,1150.8,1159.25,7469928,0.0042013167013166,0.0460184976314008,0.0109175526251849,12618371.4,1175.3975,1208.393,0,0.605734723603247,44.59206783520476,24.32434244056187,0.2884192365753719,0.0474013370713824,0.3358205736467543,0,RELIANCE,1
2022-10-10,1146.2,1152.2,1138.1,1146.6,6128990,-0.0109122277334484,0.0118249205788916,0.0108739208358956,12308653.0,1171.5025,1208.243,0,0.0283687923142601,41.44139469533575,24.097603694807457,0.3026338740624455,0.0368916797488225,0.3395255538112681,0,RELIANCE,1
2022-10-11,1150.5,1150.5,1120.5,1123.8,8923214,-0.0198848770277341,-0.004870273620827,0.0148443211381407,11992560.8,1165.7825,1207.659,0,-0.8899999703333358,36.44342185644557,24.51920343089264,0.3290621106958533,0.0173518419647624,0.3464139526606157,0,RELIANCE,1
2022-10-12,1121.0,1135.1,1116.7,1132.05,7182108,0.0073411639081686,-0.0156942874532648,0.0117458432700767,11146472.4,1159.955,1206.879,0,0.6005434456226407,39.29627022733618,24.082117471543157,0.3193763526346009,0.0245130515436597,0.3438894041782606,1,RELIANCE,1
2022-10-13,1130.2,1141.0,1124.8,1135.65,7096304,0.0031800715516099,-0.0162422037422037,0.0116668698124312,10210248.4,1155.0575,1205.672,0,0.3364197323197714,40.5502808782956,23.519109080718643,0.3151939417954473,0.027605336151103,0.3427992779465503,0,RELIANCE,1
2022-10-14,1151.0,1151.6,1129.1,1129.9,8817582,-0.005063179676837,-0.0253180935949967,0.0109054218044317,9671308.4,1150.4824999999998,1203.726,0,-0.9377777360987632,39.15883710177122,23.446315574953022,0.3218868926453667,0.0226568722895832,0.3445437649349499,0,RELIANCE,1
2022-10-17,1122.4,1150.5,1116.95,1148.0,16199322,0.0160191167359942,0.0012210012210012,0.0136120781428034,9488909.6,1148.3275,1202.049,0,0.7630402157066983,45.49862421597601,24.16800731959924,0.3010452961672473,0.0380662020905923,0.3391114982578397,1,RELIANCE,1
2022-10-18,1154.3,1173.9,1153.45,1168.3,12022452,0.0176829268292681,0.0395977932016373,0.00938398445622,9543435.2,1147.1074999999998,1200.571,1,0.6845965435405098,51.59123354272317,24.29172108248501,0.2784387571685354,0.0547804502268253,0.3332192073953607,1,RELIANCE,1
2022-10-19,1169.8,1204.8,1163.7,1188.6,18637338,0.0173756740563211,0.049953623956539,0.010282737645876,10540636.6,1146.895,1199.827,1,0.4574209134447465,56.79282694564289,25.49231243373608,0.2566044085478715,0.0709237758707723,0.3275281844186438,0,RELIANCE,1
2022-10-20,1184.35,1200.55,1184.35,1191.8,8440872,0.0026922429749285,0.0494430502355478,0.0103637096438331,10091811.0,1146.6775,1199.509,1,0.4598765148224388,57.56685417475976,24.828575831326365,0.2532304077865413,0.073418358785031,0.3266487665715724,0,RELIANCE,1
2022-10-21,1195.2,1199.5,1175.8,1178.0,7982276,-0.0115791240140963,0.0425701389503494,0.0128113523683804,10143045.8,1146.3325,1198.599,1,-0.7257383660026011,53.1452615551924,24.747963271945917,0.2679117147707979,0.0625636672325976,0.3304753820033955,0,RELIANCE,1
2022-10-24,1172.4,1192.7,1170.2,1181.9,3263262,0.0033106960950763,0.0295296167247387,0.0121762306771748,9856473.0,1147.2925,1197.621,1,0.4222222034567909,54.215534583231765,24.58739446680692,0.2637278957610625,0.0656569929774093,0.3293848887384719,0,RELIANCE,1
2022-10-25,1191.0,1191.0,1161.95,1163.65,11845658,-0.0154412386834758,-0.0039801420867926,0.0131337202156079,10148717.4,1148.8225,1196.196,1,-0.9414801741314898,48.61887474777583,24.90615200489213,0.2835474584282214,0.0510033085549779,0.3345507669831993,0,RELIANCE,1
2022-10-27,1171.5,1176.5,1159.5,1168.2,12116610,0.0039101104283933,-0.0171630489651689,0.0093203242495527,10642167.6,1150.13,1194.4620000000002,1,-0.1941176356401364,50.004572971732856,24.341426861685555,0.2785481938024309,0.0546995377503852,0.3332477315528162,1,RELIANCE,1
2022-10-28,1174.8,1208.2,1172.2,1204.0,17051670,0.0306454374250984,0.0102366168820271,0.0181271470739576,11637704.2,1154.7475,1193.27,1,0.8111110885802488,59.30429450297012,25.45989637156516,0.2405315614617939,0.0828073089700997,0.3233388704318936,0,RELIANCE,1
2022-10-31,1211.05,1220.55,1206.85,1215.15,12026444,0.0092607973421927,0.0315365025466893,0.0164983992351642,11958590.4,1160.0925000000002,1192.169,1,0.2992700511481804,61.69419997358633,24.823475202167646,0.229148664773896,0.0912233057647205,0.3203719705386165,0,RELIANCE,1
2022-11-01,1239.15,1239.15,1195.3,1205.7,13520772,-0.00777681767683,0.020137067433793,0.0177076749646912,11690735.4,1163.7175,1190.915,1,-0.7628278047245641,58.55555723409529,26.182512687727108,0.2387824500290286,0.0841005225180393,0.322882972547068,1,RELIANCE,1
2022-11-02,1206.9,1215.4,1198.65,1213.25,8697324,0.0062619225346272,0.0426245004941348,0.0139821511009027,11358222.6,1167.915,1190.265,1,0.379104454978833,60.29359014202351,25.508761781460887,0.2310735627446939,0.089800123634865,0.320873686379559,1,RELIANCE,1
2022-11-03,1205.7,1219.9,1203.45,1217.8,6481382,0.0037502575726353,0.0424584831364491,0.0139953327790301,10142627.0,1171.3,1189.775,1,0.7355622653153562,61.345647036400834,24.8617073684994,0.2264739694531121,0.0932008539990146,0.3196748234521268,0,RELIANCE,1
2022-11-04,1217.2,1239.15,1215.85,1235.7,12177378,0.0146986368861883,0.0263289036544851,0.0083416697698257,10516277.6,1175.365,1189.259,1,0.7939913822321233,65.24685446348607,24.750156842178026,0.2087076151169376,0.1063364894391843,0.315044104556122,0,RELIANCE,1
2022-11-07,1234.9,1244.1,1226.8,1242.3,11416216,0.0053411022092739,0.0223429206270828,0.0080482337875086,10859671.6,1179.5175000000002,1188.943,1,0.4277456400146961,66.58593155447852,24.21800278202245,0.2022860822667632,0.1110842791596232,0.3133703614263865,0,RELIANCE,1
2022-11-09,1244.1,1249.6,1234.4,1241.1,10897640,-0.0009659502535619,0.0293605374471259,0.0056918306976475,11623109.4,1184.2424999999998,1188.677,1,-0.1973684080678702,66.08733224125446,23.57385972616369,0.2034485537023608,0.1102248005801305,0.3136733542824913,0,RELIANCE,1
2022-11-10,1234.4,1237.5,1221.5,1226.05,5777214,-0.0121263395375069,0.0105501751493921,0.0097945739438851,11016265.0,1189.355,1188.243,1,-0.521874967382823,60.01736867830811,23.290012602866277,0.2182211165939398,0.0993026385547082,0.317523755148648,1,RELIANCE,1
2022-11-11,1239.15,1256.3,1233.45,1254.3,11920112,0.0230414746543778,0.0299720808014452,0.0136345233855142,10996615.2,1195.4675,1188.568,1,0.6630196646380857,66.27836102851498,23.7871545598044,0.1907837040580403,0.1195886151638364,0.3103723192218767,0,RELIANCE,1
2022-11-14,1253.8,1259.2,1241.6,1248.25,8756600,-0.0048234074782746,0.0101561867767256,0.0133113883906097,10167108.2,1201.0975,1188.388,1,-0.315340891173808,63.96812153290903,23.34521494838981,0.1965551772481473,0.1153214500300421,0.3118766272781894,0,RELIANCE,1
2022-11-15,1249.8,1251.75,1234.4,1242.65,6861916,-0.0044862807931103,0.0002817354906223,0.0134368979734674,9650655.4,1206.735,1188.835,1,-0.4121037226453128,61.820130341903,22.916985309219104,0.2019474510119501,0.1113346477286445,0.3132820987405946,0,RELIANCE,1
2022-11-16,1243.9,1246.75,1230.3,1235.5,9408326,-0.0057538325353077,-0.0045121263395374,0.013702321043909,9239410.8,1211.11,1189.425,1,-0.5106382668305046,59.09178881279624,22.45505778713203,0.2089032780250909,0.1061918251719951,0.3150951031970861,0,RELIANCE,1
2022-11-17,1232.0,1245.35,1229.6,1238.7,6450398,0.0025900445163902,0.0103176868806329,0.0121632636539404,9014718.2,1214.63,1189.703,1,0.4253967983875077,59.9438420446724,21.97612508805117,0.2057802534915636,0.1085008476628724,0.314281101154436,0,RELIANCE,1
2022-11-18,1242.4,1243.45,1225.4,1238.05,5135178,-0.0005247436828934,-0.0129554333094156,0.0035246101180051,8880097.8,1217.1025,1189.711,1,-0.2409972165652593,59.67196369167609,21.6956875817618,0.2064133112556035,0.1080327935059165,0.3144461047615201,0,RELIANCE,1
2022-11-21,1233.45,1233.45,1212.05,1215.75,6187806,-0.018012196599491,-0.026036451031444,0.0078661351374923,8281140.6,1218.3,1189.417,0,-0.8271027650886544,51.107656912298445,22.00313846877881,0.2285420522311329,0.0916718075262184,0.3202138597573514,0,RELIANCE,1
2022-11-22,1212.95,1224.15,1208.9,1222.5,6402018,0.0055521283158543,-0.0162153462358669,0.0092628312930013,7779720.8,1220.525,1189.223,1,0.6262294671324911,53.29284533234042,21.520771435294616,0.2217586912065439,0.0966871165644172,0.3184458077709611,0,RELIANCE,1
2022-11-23,1227.25,1228.6,1216.4,1218.7,6210214,-0.0031083844580777,-0.0135977337110481,0.0091575661798317,7310978.2,1222.365,1189.107,0,-0.7008196146869236,51.88689420972509,20.85500204705928,0.225568228440141,0.0938705177648314,0.3194387462049725,0,RELIANCE,1
2022-11-24,1222.95,1236.3,1214.5,1229.2,9091956,0.0086157380815623,-0.0076693307499797,0.0103471159155833,7642452.4,1225.6425000000002,1188.927,1,0.2866972345551733,55.38903288489975,20.922501900840757,0.2150992515457206,0.1016108037748129,0.3167100553205336,0,RELIANCE,1
2022-11-25,1233.9,1251.0,1230.6,1247.55,7117056,0.0149284087211194,0.0076733572957472,0.0127406181129262,7162146.8,1229.61,1188.906,1,0.6691176142589308,60.7641122692421,20.98518033649498,0.1972265640655685,0.1148250571119394,0.3120516211775079,0,RELIANCE,1
2022-11-28,1243.4,1296.85,1192.45,1290.4,30528602,0.0343473207486675,0.0614024264857084,0.0140467737209018,9339347.0,1233.9299999999998,1190.042,1,0.4501915665690469,69.88803796209707,26.943381741031043,0.1574705517668938,0.1442188468691879,0.3016893986360818,0,RELIANCE,1
2022-11-29,1288.7,1301.9,1283.95,1292.6,10708536,0.0017048977061375,0.0573415132924335,0.0145878126137493,9724009.0,1237.8025,1191.466,1,0.2172701828818758,70.2702862266885,26.3009973309574,0.1555005415441745,0.1456753829490948,0.3011759244932693,0,RELIANCE,1
2022-11-30,1292.8,1308.5,1285.95,1301.75,25336004,0.0070787559956677,0.0681463854927382,0.0126563015535418,11316776.8,1242.605,1193.679,1,0.3968957695389931,71.86971079184895,26.03306895017472,0.1473785289033992,0.1516804301901287,0.2990589590935279,0,RELIANCE,1
2022-12-01,1306.75,1313.0,1294.45,1297.9,9185264,-0.0029575571346264,0.055890009762447,0.0146382733772993,11590263.4,1246.8375,1195.783,1,-0.4770889230679788,70.15936854084676,25.498564025162235,0.150782032514061,0.1491640342091071,0.2999460667231681,0,RELIANCE,1
2022-12-02,1301.1,1309.7,1287.1,1297.4,11222400,-0.0003852376916557,0.0399583183038756,0.0152071497162414,12198985.6,1250.8175,1197.874,1,-0.1637168069151764,69.92662712813882,25.291523737650657,0.1512255279790348,0.1488361338060737,0.3000616617851086,0,RELIANCE,1
2022-12-05,1292.55,1294.8,1276.3,1278.45,14358726,-0.0146061353476183,-0.0092606943583385,0.0080381861472164,13016077.6,1252.9550000000002,1199.52,1,-0.7621621209642048,61.58777280593869,24.99212918496133,0.1682897258398841,0.1362196409714889,0.3045093668113731,0,RELIANCE,1
2022-12-06,1270.2,1285.4,1268.2,1282.15,8321956,0.0028941296100746,-0.0080844808912268,0.0081852925624571,13208071.4,1254.9474999999998,1201.465,1,0.6947674014670123,62.5273984151495,24.435548528892667,0.1649183012908004,0.1387123191514254,0.3036306204422259,0,RELIANCE,1
2022-12-07,1279.7,1284.4,1259.25,1263.2,8194008,-0.0147798619506298,-0.0296139811791817,0.0082315495212914,13406450.8,1256.0525,1203.475,1,-0.6560635922042285,55.09408410016723,24.486580776828912,0.1823939202026598,0.1257916402786574,0.3081855604813172,0,RELIANCE,1
2022-12-08,1267.75,1270.15,1258.3,1262.6,7511244,-0.0004749841671944,-0.0271977810308962,0.0085279855885345,13248379.6,1257.88,1206.0659999999998,1,-0.4345991194431149,54.871657391479125,23.58396786419829,0.182955805480754,0.1253762078251227,0.3083320133058767,0,RELIANCE,1
2022-12-09,1261.1,1267.75,1240.05,1243.5,12254792,-0.0151275146523046,-0.0415446277169724,0.0088718609441714,13762153.2,1257.34,1208.095,0,-0.6353790384339654,48.20051181395552,23.87797015961269,0.201125854443104,0.1119420989143546,0.3130679533574587,0,RELIANCE,1
2022-12-12,1232.25,1250.1,1232.0,1245.4,9179494,0.0015279453156413,-0.0258516171926942,0.0089921485705201,11627242.4,1257.1975,1210.77,0,0.7265192968773956,48.86649432630284,23.46525800535464,0.1992933997109361,0.1132969327123816,0.3125903324233177,0,RELIANCE,1
2022-12-13,1245.4,1254.9,1242.35,1251.1,8069324,0.0045768427814354,-0.0242171352805835,0.0093929977715977,11363321.2,1257.62,1213.627,0,0.454183230742351,50.90576012293984,22.68559671925789,0.1938294301015106,0.1173367436655742,0.3111661737670849,0,RELIANCE,1
2022-12-14,1257.1,1257.7,1244.4,1246.55,7038646,-0.0036367996163375,-0.0131808106396453,0.0076005370752655,9533585.4,1258.1725,1215.894,0,-0.7932330230651856,49.2183654359032,22.01519695359661,0.1981869961092615,0.1141149572820986,0.3123019533913601,0,RELIANCE,1
2022-12-15,1240.35,1246.3,1225.35,1228.85,8413272,-0.014199189763748,-0.0267305559955647,0.008981772978466,9456386.2,1257.6799999999998,1217.885,0,-0.54892598811809,43.216989720879695,21.956968599768285,0.2154453350693738,0.1013549253366968,0.3168002604060707,0,RELIANCE,1
2022-12-16,1225.35,1248.1,1219.2,1222.8,15335576,-0.0049233022744842,-0.0166465621230398,0.0071918324449774,9867703.8,1256.9175,1219.3390000000002,0,-0.0882352910645216,41.360566875962114,22.45289941407054,0.2214589466797513,0.0969087340529931,0.3183676807327445,1,RELIANCE,1
2022-12-19,1230.1,1241.1,1223.3,1238.8,7485026,0.0130847235852142,-0.0052995021679782,0.0103203963975164,9180333.8,1258.0700000000002,1221.027,0,0.4887640174851713,47.75256523881954,22.156263741636927,0.2056829189538262,0.1085728123990959,0.3142557313529222,0,RELIANCE,1
2022-12-20,1231.5,1251.55,1222.95,1249.55,7230994,0.0086777526638681,-0.0012389097594116,0.0110158619849796,9071237.6,1259.4225,1222.833,0,0.6311188590517885,51.57214260902517,22.61653061723428,0.1953103117122163,0.1162418470649433,0.3115521587771597,0,RELIANCE,1
2022-12-21,1249.2,1254.9,1227.8,1231.8,8257372,-0.0142051138409827,-0.0118326581364566,0.0127220683498452,9077574.0,1260.0775,1224.537,0,-0.6420663969717197,45.639287145315095,22.93677843028899,0.2125345023542782,0.1035070628348757,0.316041565189154,0,RELIANCE,1
2022-12-22,1238.2,1241.4,1223.3,1228.6,7215050,-0.0025978243221302,-0.0002034422427472,0.0109463004677357,9047954.6,1260.0475,1226.633,0,-0.530386711028362,44.642205908246254,22.591294256696926,0.2156926583102718,0.1011720657659124,0.3168647240761842,0,RELIANCE,1
2022-12-23,1221.7,1234.6,1187.8,1192.55,9932140,-0.0293423408757935,-0.0247383055282957,0.0172996827047091,8815689.4,1257.2975,1227.843,0,-0.622863234554207,35.288820869644496,24.320487524075716,0.2524422456081506,0.0740010901010439,0.3264433357091945,1,RELIANCE,1
2022-12-26,1198.5,1211.5,1187.9,1202.95,5800454,0.008720808351851,-0.0289392960929931,0.0162449072688893,8477785.4,1252.925,1229.189,0,0.1885593140440995,39.24364889674302,24.269024129498867,0.2416143646868114,0.082006733446943,0.3236210981337544,0,RELIANCE,1
2022-12-27,1205.8,1214.75,1198.8,1212.8,5580674,0.0081882039985035,-0.0294105878116122,0.0161373343800114,8228920.4,1248.935,1230.847,0,0.4388714458387796,42.80870056657879,23.67480812024895,0.2315303430079155,0.0894624010554089,0.3209927440633245,0,RELIANCE,1
2022-12-28,1209.6,1215.2,1201.75,1212.7,7223058,-8.245382585747585e-05,-0.0155057639227146,0.0155333787342639,8247361.6,1244.4824999999998,1232.141,0,0.2304832542391726,42.78125475254057,22.944464683088317,0.2316318957697698,0.0893873175558671,0.3210192133256369,0,RELIANCE,1
2022-12-29,1204.4,1214.8,1203.65,1212.1,6711066,-0.0004947637503093,-0.0134299202344131,0.0155761747464814,8077141.0,1240.1925,1233.017,0,0.6905828977055619,42.60475743795431,22.10200292001057,0.232241564227374,0.0889365563897367,0.3211781206171107,0,RELIANCE,1
2022-12-30,1213.0,1228.2,1211.1,1214.0,7058524,0.0015675274317301,0.0179866672256929,0.0045202535325968,7249435.8,1236.0225,1233.525,0,0.0584795287438867,43.40106325911599,21.744716997152675,0.230313014827018,0.0903624382207578,0.3206754530477759,1,RELIANCE,1
2023-01-02,1215.3,1229.15,1214.5,1227.7,5147744,0.0112850082372322,0.0205744212145142,0.0053234312339537,7015707.6,1233.485,1234.243,0,0.8464163244767025,48.90569351888728,21.27366578307035,0.2165838559908771,0.100513154679482,0.3170970106703591,0,RELIANCE,1
2023-01-03,1222.5,1226.3,1214.3,1218.7,7416276,-0.0073307811354565,0.0048647757255937,0.0066878772020185,7034235.8,1230.3125,1235.057,0,-0.3166666402777762,45.75731433469751,20.711261084279617,0.225568228440141,0.0938705177648314,0.3194387462049725,0,RELIANCE,1
2023-01-04,1218.7,1220.6,1198.2,1200.35,8971354,-0.0150570279806352,-0.010183887193865,0.0098791125456875,7105634.0,1227.17,1235.4260000000002,0,-0.8191963920001721,40.09040463218636,20.831885292545348,0.2443037447411171,0.0800183279876702,0.3243220727287874,0,RELIANCE,1
2023-01-05,1202.7,1208.85,1193.4,1198.2,13205036,-0.0017911442495937,-0.0114677006847618,0.0098464923574838,7704632.6,1223.95,1236.117,0,-0.2912621170704166,39.47355531910858,20.44746491450638,0.2465364713737271,0.0783675513269905,0.3249040227007177,1,RELIANCE,1
2023-01-06,1204.2,1214.35,1200.2,1209.1,6148424,0.0090969788015355,-0.0040362438220759,0.0110779700866279,7326261.0,1222.23,1236.935,0,0.346289728177398,44.1641160482328,20.14050313489877,0.2352989827144157,0.0866760400297741,0.3219750227441899,1,RELIANCE,1
2023-01-09,1213.1,1240.1,1212.15,1237.6,10383026,0.0235712513439747,0.0080638592490021,0.0150632664997999,7784518.2,1221.84,1237.6070000000002,1,0.8765652638080463,54.16578436475443,20.916181482406,0.2068519715578539,0.1077084680025856,0.3145604395604395,0,RELIANCE,1
2023-01-10,1242.0,1242.0,1213.4,1219.3,7792186,-0.0147866839043309,0.000492327890375,0.0164826700740975,8005669.4,1220.25,1237.69,0,-0.7937062659543305,48.19597166500978,21.465025662234133,0.2249651439350446,0.0943164110555236,0.3192815549905683,0,RELIANCE,1
2023-01-11,1216.5,1219.15,1201.55,1204.0,11144898,-0.0125481833839087,0.0030407797725664,0.0159307923182524,8397853.4,1218.1225,1237.656,0,-0.7102272323734472,43.8450500092556,21.199666686360267,0.2405315614617939,0.0828073089700997,0.3233388704318936,0,RELIANCE,1
2023-01-12,1203.35,1207.0,1174.8,1178.0,17128342,-0.021594684385382,-0.0168586212652311,0.0188938225254669,9439581.0,1215.58,1236.951,0,-0.7872670562960503,37.62844351564146,21.98540478019168,0.2679117147707979,0.0625636672325976,0.3304753820033955,0,RELIANCE,1
2023-01-13,1171.7,1178.6,1160.3,1176.05,19965328,-0.0016553480475381,-0.0273343809445041,0.0177117894929983,10730261.4,1213.2425,1236.116,0,0.2377049050434434,37.20240411916669,21.722161581606557,0.2700140300157306,0.0610093108286212,0.3310233408443518,0,RELIANCE,1
2023-01-16,1178.5,1181.8,1156.7,1164.85,13192212,-0.0095234046171506,-0.0587831286360698,0.0073018333896722,11534708.2,1209.5449999999998,1234.6989999999998,0,-0.5438246795289028,34.767535628534674,21.96343575434893,0.2822251792076233,0.0519809417521568,0.3342061209597802,0,RELIANCE,1
2023-01-17,1171.5,1183.4,1167.95,1181.4,10410378,0.0142078379190455,-0.0310834085130811,0.0134672925866473,11834118.4,1206.1375,1233.481,0,0.640776657554913,40.92077681843541,21.719618914752598,0.2642627391230741,0.0652615540883698,0.329524293211444,0,RELIANCE,1
2023-01-18,1178.9,1187.25,1172.6,1179.45,13022206,-0.0016505840528187,-0.0203903654485049,0.013063442118269,12239203.6,1203.52,1232.2479999999998,0,0.0375426595533987,40.43678494701249,21.214646135127417,0.2663529611259484,0.0637161388782908,0.3300691000042392,0,RELIANCE,1
2023-01-19,1178.6,1182.5,1170.85,1178.2,11561758,-0.0010598160159396,0.000169779286927,0.0086476210116985,12074875.8,1201.0,1231.2910000000002,0,-0.034334761001296,40.10929399863592,20.531457125475463,0.2676964861653368,0.0627227974876931,0.3304192836530299,0,RELIANCE,1
2023-01-20,1179.6,1179.6,1161.6,1164.2,14457252,-0.0118825326769648,-0.0100761022065387,0.0102220893425997,12905758.6,1199.5825,1229.489,0,-0.8555555080246864,36.53991307346047,20.350638759370074,0.2829410754165949,0.0514516406115788,0.3343927160281738,0,RELIANCE,1
2023-01-23,1167.2,1175.4,1155.75,1158.3,10607060,-0.0050678577563992,-0.0056230415933381,0.0095739375744845,12928162.0,1197.35,1227.69,0,-0.4529261856017233,35.12141564467535,20.30059313370079,0.2894759561426228,0.0466200466200466,0.3360960027626694,0,RELIANCE,1
2023-01-24,1162.9,1164.65,1137.8,1151.45,15966344,-0.0059138392471724,-0.0253512781445742,0.0043268510501284,13745577.8,1194.2824999999998,1225.866,0,-0.4264431870970875,33.49559732369626,20.76840790986503,0.2971470754266359,0.0409483694472188,0.3380954448738547,0,RELIANCE,1
2023-01-25,1149.8,1150.85,1134.3,1135.5,11992626,-0.0138520995266837,-0.0372631311204375,0.0052308627730082,13830350.6,1190.4225,1223.866,0,-0.864048286160224,30.01184339627646,20.50995020201753,0.3153676794363715,0.0274768824306473,0.3428445618670189,0,RELIANCE,1
2023-01-27,1136.4,1137.8,1101.7,1114.0,25012576,-0.0189343901365037,-0.0544898998472246,0.0057628668677865,14618774.0,1185.5175,1221.372,0,-0.6204985977701261,26.07501277408241,21.623525187587703,0.3407540394973069,0.0087073608617594,0.3494614003590663,0,RELIANCE,1
2023-01-30,1111.3,1130.45,1096.65,1124.65,21082300,0.009560143626571,-0.0339718261467101,0.0108213535712009,14730471.2,1181.05,1219.104,0,0.3949704025156731,30.90968527849401,22.493273388474297,0.3280576179255766,0.0180945182945806,0.3461521362201573,0,RELIANCE,1
2023-01-31,1135.25,1137.95,1115.7,1121.85,21972658,-0.0024896634508515,-0.0314685314685314,0.0109871582978017,15608515.8,1175.7575,1217.226,0,-0.6022471639439517,30.347738427731,22.475896717868988,0.3313722868476178,0.0156438026474127,0.3470160894950305,0,RELIANCE,1
2023-02-01,1134.3,1134.3,1098.6,1115.2,18734806,-0.0059277086954582,-0.0314820443788267,0.0109870299863951,16440958.6,1170.5825,1215.08,0,-0.5350139906158514,28.99928412621972,23.42047552373549,0.3393113342898133,0.0097740315638451,0.3490853658536584,0,RELIANCE,1
2023-02-02,1104.75,1119.05,1101.4,1109.0,13229790,-0.0055595408895265,-0.0233377366798767,0.0101623913887756,16461717.0,1166.015,1212.886,0,0.2407931874904728,27.76078318040925,23.008298700611515,0.3467989179440937,0.0042380522993688,0.3510369702434625,0,RELIANCE,1
2023-02-03,1119.5,1119.5,1092.85,1110.0,23917022,0.0009017132551849,-0.0035906642728904,0.0063636262928658,17697243.4,1161.605,1210.502,0,-0.3564727821210951,28.292726390571403,23.26842022199641,0.3455855855855855,0.0051351351351351,0.3507207207207207,0,RELIANCE,1
2023-02-06,1103.3,1106.2,1098.95,1101.6,14367772,-0.0075675675675676,-0.0204952651936159,0.003357865628073,17688295.4,1156.23,1207.583,0,-0.2344827262782509,26.52577618350763,22.39567592042524,0.3558460421205519,0.0023602033405954,0.3582062454611474,0,RELIANCE,1
2023-02-07,1101.9,1109.25,1092.85,1099.0,14655902,-0.0023602033405953,-0.0203681419084547,0.0033741219600792,18093179.6,1149.3,1203.755,0,-0.1768292575104156,25.984837228761805,21.967413354680588,0.3590536851683347,0.0,0.3590536851683347,1,RELIANCE,1
2023-02-08,1102.4,1124.7,1099.5,1120.95,20489912,0.0199727024567788,0.0051560258249641,0.0110415678925814,18545536.4,1144.3825,1200.322,0,0.7361110819003507,37.56138970973602,22.234026686489123,0.3324412328828224,0.0148534725010036,0.3472947053838262,0,RELIANCE,1
2023-02-09,1121.65,1129.95,1112.4,1122.9,12755412,0.001739595878496,0.0125338142470694,0.0104091140618559,18621815.0,1140.3275,1196.745,0,0.071225067166663,38.481936718274575,21.899453351739897,0.3301273488289249,0.0165642532727759,0.3466916021017008,0,RELIANCE,1
2023-02-10,1122.35,1122.35,1106.3,1113.65,10448574,-0.0082375990738267,0.0032882882882883,0.0115121194214901,17165414.8,1137.11,1193.06,0,-0.5420560409933832,35.78664640953738,21.520920969472773,0.3411754141786017,0.0083958155614422,0.3495712297400439,0,RELIANCE,1
2023-02-13,1115.35,1120.0,1102.65,1107.3,10024496,-0.0057019709962736,0.0051742919389978,0.0112028681995737,16059634.4,1133.6725,1189.2579999999998,0,-0.463976918502771,34.02482761676485,21.22299804308185,0.3488666124808091,0.0027092928745597,0.3515759053553688,1,RELIANCE,1
2023-02-14,1110.45,1135.2,1107.45,1133.4,13868160,0.0235708480086698,0.0313011828935396,0.0146748634585804,15249184.6,1132.1,1186.357,1,0.827026997224254,45.82951354590269,21.699926754290296,0.3178048350097051,0.0256749602964532,0.3434797953061584,0,RELIANCE,1
2023-02-15,1132.4,1161.6,1131.0,1159.1,32442100,0.0226751367566611,0.034033632186984,0.0153404468737694,16619914.0,1130.985,1183.896,1,0.8725489910931669,54.46850614665129,22.335646271840982,0.2885859718747304,0.0472780605642308,0.3358640324389612,0,RELIANCE,1
2023-02-16,1167.4,1174.25,1155.8,1158.15,16717498,-0.0008196014148906,0.0313919316056638,0.0155925068453861,16968684.8,1129.9199999999998,1181.795,1,-0.5013549863764223,54.12489078998745,22.058100109566627,0.2896429650736086,0.0464965678020982,0.3361395328757068,0,RELIANCE,1
2023-02-17,1153.4,1166.5,1148.9,1163.0,11435362,0.0041877131632344,0.0443137430970232,0.013553716377336,15720518.8,1129.16,1179.803,1,0.5454545144628093,55.66268871314575,21.73966438745472,0.2842648323301805,0.0504729148753224,0.334737747205503,0,RELIANCE,1
2023-02-20,1165.3,1167.55,1148.65,1150.7,8556958,-0.0105760963026654,0.039194436918631,0.0149584099397815,15139437.4,1128.485,1177.947,1,-0.7724867316144594,50.99405538106908,21.53683121692223,0.2979925262883461,0.0403232814808378,0.3383158077691839,1,RELIANCE,1
2023-02-21,1155.3,1166.15,1149.7,1160.1,12889844,0.0081689406448248,0.0235574377977765,0.0122395153314589,14962831.6,1128.575,1176.241,1,0.291793295331711,54.15846136669353,21.17348612999922,0.2874752176536506,0.0480993017843289,0.3355745194379794,0,RELIANCE,1
2023-02-22,1156.2,1158.15,1131.95,1133.8,10675052,-0.0226704594431513,-0.0218272797860408,0.0124145410354006,13981345.6,1127.6925,1173.895,1,-0.8549617994289409,45.33753979882445,21.67180854928498,0.3173399188569412,0.026018698183101,0.3433586170400423,0,RELIANCE,1
2023-02-23,1133.35,1141.35,1125.4,1128.35,9539774,-0.0048068442406068,-0.0257306911885335,0.0122588057726418,13659781.8,1127.335,1171.531,1,-0.3134796041705613,43.74743526016877,21.26310793862175,0.323702751805734,0.0213143085035671,0.3450170603093012,1,RELIANCE,1
2023-02-24,1130.5,1142.0,1128.6,1136.1,9135156,0.0068684362121682,-0.0231298366294068,0.0128147262850273,13528440.0,1128.44,1169.6760000000002,1,0.4179104165738399,46.61477208383347,20.71931451443449,0.3146730041369598,0.0279904937945603,0.3426634979315201,0,RELIANCE,1
2023-02-27,1135.25,1138.9,1120.8,1128.5,10844876,-0.0066895519760583,-0.0192926045016077,0.0124752274925467,13610478.0,1128.6325,1167.79,0,-0.3729281561918117,44.23362881738968,20.53222062054632,0.3235268054940185,0.021444395214887,0.3449712007089056,0,RELIANCE,1
2023-02-28,1122.9,1128.1,1102.7,1106.9,21297204,-0.019140451927337,-0.0458581156796826,0.0118745963049723,14353382.4,1127.885,1165.152,0,-0.6299212350424744,38.25293503780208,20.908490576221585,0.349354051856536,0.0023489023398682,0.3517029541964043,1,RELIANCE,1
2023-03-01,1117.15,1117.9,1107.25,1117.1,11185172,0.0092149245640977,-0.0147292291409419,0.0114448919718209,12227689.6,1127.98,1162.503,0,-0.0046948352399386,42.22545968004135,20.200741249348617,0.3370333900277504,0.0114582400859367,0.3484916301136872,0,RELIANCE,1
2023-03-02,1113.8,1120.8,1106.5,1108.6,9037822,-0.0076089875570674,-0.017503434218106,0.0116280949073793,11459722.0,1127.96,1160.039,0,-0.3636363382072534,39.92056845215157,19.779259731538,0.3472848637921703,0.0038787660111852,0.3511636298033556,1,RELIANCE,1
2023-03-03,1119.6,1140.7,1116.0,1136.9,14179850,0.0255276925852427,0.000704163365901,0.0173582958029297,11734170.8,1129.3049999999998,1158.205,1,0.7004048299431304,49.75446654705834,20.659312607856723,0.3137479109860144,0.0286744656522122,0.3424223766382266,0,RELIANCE,1
2023-03-06,1143.85,1155.6,1143.85,1148.0,9849642,0.0097633916791273,0.0172795746566238,0.0172706121864638,11863439.2,1131.625,1157.314,1,0.3531914593028623,53.00372705955039,20.519361707295516,0.3010452961672473,0.0380662020905923,0.3391114982578397,0,RELIANCE,1
2023-03-08,1148.0,1152.9,1136.7,1152.1,15282618,0.0035714285714285,0.0408347637546298,0.0119897294347791,12102716.6,1134.2800000000002,1156.297,1,0.2530864041304625,54.18232500532962,20.21083587106012,0.2964152417324885,0.0414894540404478,0.3379046957729363,0,RELIANCE,1
2023-03-09,1151.5,1151.9,1122.45,1124.4,15720752,-0.0240430518184183,0.0065347775490109,0.0186098687174971,12607286.6,1134.4525,1154.529,0,-0.920203703898002,45.82145072500872,20.885061880270104,0.3283528993240838,0.0178762006403416,0.3462290999644254,0,RELIANCE,1
2023-03-10,1115.95,1117.15,1103.35,1107.0,12911628,-0.0154749199573106,-0.0014432617716036,0.0198569734035141,12944472.0,1133.6574999999998,1152.415,0,-0.6485506776412501,41.49037678995374,20.89684317453654,0.3492321589882565,0.0024390243902439,0.3516711833785004,0,RELIANCE,1
2023-03-13,1110.0,1117.15,1084.3,1088.8,12366952,-0.0164408310749774,-0.0423080306095524,0.0144270627246639,13267651.6,1132.4150000000002,1149.9489999999998,0,-0.6453576668079846,37.49791551908926,21.75064009064108,0.3717854518736223,0.0031227038941953,0.3749081557678176,0,RELIANCE,1
2023-03-14,1086.65,1098.55,1081.4,1084.7,15519724,-0.0037656135194709,-0.0551393728222996,0.0110016561746155,13735136.4,1131.285,1147.363,0,-0.1137026172768188,36.64250297047083,21.422022941309564,0.3769705909468054,-0.0006453397252697,0.3763252512215357,0,RELIANCE,1
2023-03-15,1088.6,1095.4,1061.6,1066.2,21040132,-0.0170554070249838,-0.0745595000433989,0.0073123339760936,13709429.2,1127.925,1144.133,0,-0.6627218738839606,32.98596384871463,22.306164159787468,0.40086287750891,0.0007034327518289,0.4015663102607389,0,RELIANCE,1
2023-03-16,1069.0,1074.25,1049.6,1060.9,17781362,-0.004970924779591,-0.0564745642120242,0.0065862598927691,14369048.2,1123.015,1140.977,0,-0.3286003923488635,32.00074215137042,22.47358100551694,0.4078612498821753,-0.0042888113865585,0.4035724384956167,0,RELIANCE,1
2023-03-17,1069.85,1073.3,1054.6,1059.5,32936546,-0.0013196342727873,-0.0429087624209575,0.0074574914199564,16758920.6,1118.0825,1138.16,0,-0.5534759062312288,31.73113756228804,22.204039505122875,0.4097215667767814,-0.0056158565361019,0.4041057102406794,0,RELIANCE,1
2023-03-20,1055.7,1058.05,1039.0,1049.1,18905994,-0.0098159509202454,-0.0364621601763409,0.0062278140666464,17231535.0,1112.3875,1135.178,0,-0.3464566747266917,29.727515388093323,22.082322397614096,0.4236965017634163,0.0,0.4236965017634163,1,RELIANCE,1
2023-03-21,1057.55,1083.8,1056.6,1081.75,20722336,0.0311219140215424,-0.002719645985065,0.0185838137835766,18318804.4,1108.94,1132.631,0,0.8897058496431675,42.090293652640405,22.98358508349881,0.3807256759879823,-0.0033741622371158,0.3773515137508665,0,RELIANCE,1
2023-03-22,1089.0,1092.1,1081.9,1085.0,10574114,0.0030043910330483,0.0176327143125116,0.0160892954719237,17847954.0,1105.185,1129.579,0,-0.3921568242983576,43.16219042269386,22.081186148963173,0.376589861751152,-0.0003686635944701,0.3762211981566818,0,RELIANCE,1
2023-03-23,1080.9,1081.8,1069.0,1071.3,15734544,-0.0126267281105991,0.0098029974549909,0.0174187113666778,17849333.2,1102.06,1126.619,0,-0.7499999414062679,39.816494190695465,21.64681570975152,0.3941939699430598,-0.0035470923177447,0.3906468776253151,0,RELIANCE,1
2023-03-24,1070.1,1072.35,1047.6,1050.1,11983840,-0.0197890413516289,-0.0088721094856064,0.0200739486597704,17756554.4,1098.1475,1123.5410000000002,0,-0.8080807754310797,35.26153749279709,21.868471730483552,0.4223407294543377,0.0009522902580706,0.4232930197124084,1,RELIANCE,1
2023-03-27,1056.85,1074.25,1048.6,1066.4,13609042,0.0155223312065519,0.016490325040511,0.0206772141783128,17880763.4,1094.6625,1121.3090000000002,0,0.3723196735937806,40.863182823466346,22.138580892591875,0.4006001500375091,0.000890847711928,0.4014909977494372,1,RELIANCE,1
2023-03-28,1070.0,1075.45,1066.15,1071.4,12177968,0.0046886721680419,-0.009567829905246,0.0141956315325455,17546587.8,1091.8075,1119.216,0,0.150537618221772,42.506564979746656,21.22153940026388,0.3940638417024452,-0.0034534254246778,0.3906104162777674,0,RELIANCE,1
2023-03-29,1067.1,1069.9,1053.8,1065.05,18208298,-0.0059268247153259,-0.0183870967741935,0.0139941341941699,17263404.4,1089.715,1117.22,0,-0.1273291846379349,40.95015303880066,20.96285801453076,0.4023754753297967,-0.0003755692221023,0.4019999061076943,1,RELIANCE,1
2023-03-31,1074.7,1116.9,1074.6,1111.0,27278656,0.0431435143889957,0.0370577802669653,0.023810129331512,18213133.8,1089.41,1115.812,1,0.8581560080814136,54.05902274241476,23.169082442064283,0.3443744374437443,0.006030603060306,0.3504050405040503,0,RELIANCE,1
2023-04-03,1117.6,1119.5,1103.3,1111.2,9966930,0.0001800180018001,0.0581849347681173,0.0193372647356108,15916172.2,1089.54,1114.447,1,-0.3950617040085272,54.10677832853074,22.671290839059697,0.3441324694024477,0.0062095032397409,0.3503419726421886,0,RELIANCE,1
2023-04-05,1119.05,1119.05,1100.25,1108.5,15747672,-0.0024298056155508,0.0394786196549137,0.0200617620118443,15600340.0,1088.12,1113.053,1,-0.5611701829164786,53.301251867131256,22.394770064841143,0.3474064050518718,0.0037889039242219,0.3511953089760938,1,RELIANCE,1
2023-04-06,1104.8,1121.9,1104.8,1115.9,17850972,0.0066756878664864,0.0415344409184244,0.02000106369787,15313203.6,1086.515,1112.087,1,0.6491227690571507,55.26691730962426,22.016572203066783,0.338471189174657,0.0103951967022135,0.3488663858768706,1,RELIANCE,1
2023-04-10,1120.0,1120.2,1106.45,1108.0,12550754,-0.0070794874092661,0.0403267452232289,0.0202119785316434,15510867.6,1084.31,1111.081,1,-0.8727272092562031,52.71582918488647,21.426102759990584,0.3480144404332129,0.0033393501805054,0.3513537906137183,1,RELIANCE,1
2023-04-11,1112.4,1115.7,1107.65,1113.5,10208356,0.0049638989169675,0.0022502250225022,0.0055720978242229,14958248.8,1083.765,1110.322,1,0.1366459457582571,54.29751534007081,20.470666848562683,0.3413560844185001,0.0082622361921868,0.349618320610687,1,RELIANCE,1
2023-04-12,1113.5,1128.5,1110.5,1118.4,17603122,0.0044005388414909,0.0064794816414688,0.0058322934052832,15520177.0,1084.335,1109.98,1,0.2722222070987713,55.718676095792304,20.29419064509392,0.3354792560801142,0.0126072961373391,0.3480865522174534,1,RELIANCE,1
2023-04-13,1121.45,1127.55,1116.2,1122.6,11986030,0.0037553648068668,0.0127198917456021,0.0054875405073865,15357875.8,1086.025,1110.152,1,0.1013215769760613,56.95425785515855,19.655319884730066,0.3304828077676822,0.0163014430785675,0.3467842508462497,1,RELIANCE,1
2023-04-17,1155.7,1155.7,1119.55,1128.3,17361422,0.0050774986638162,0.0111121068196073,0.0052270158125437,15876221.2,1088.2050000000002,1110.225,1,-0.7579529527537225,58.64093459779789,20.833511321535063,0.3237614109722591,0.0212709385801648,0.3450323495524239,0,RELIANCE,1
2023-04-18,1132.9,1132.9,1108.6,1115.4,10075898,-0.0114331294868385,0.0066787003610109,0.0071668409717601,15062981.2,1090.665,1110.096,1,-0.7201645794170901,53.52894588887828,21.081117655711143,0.3390711852250312,0.0099515868746639,0.3490227720996951,1,RELIANCE,1
2023-04-19,1114.8,1123.8,1111.5,1121.0,11884616,0.0050206204052356,0.0067355186349349,0.0071740271436777,13523577.2,1093.6699999999998,1110.2120000000002,1,0.5040649996695178,55.34867343282073,20.453894966017486,0.3323818019625333,0.0148974130240856,0.347279214986619,0,RELIANCE,1
2023-04-20,1122.0,1124.3,1111.5,1118.1,6785318,-0.0025869759143622,-0.0002682403433478,0.0071150145548858,13205416.0,1096.6,1110.394,1,-0.3046874761962991,54.1657856507925,19.90718818273052,0.3358375816116626,0.0123423665146229,0.3481799481262856,1,RELIANCE,1
2023-04-21,1120.3,1125.25,1113.5,1119.5,7405028,0.0012521241391647,-0.0027614466417245,0.0068654697256052,12371151.6,1100.12,1110.584,1,-0.0680851005884982,54.66945094952459,19.324531883964056,0.3341670388566323,0.0135774899508709,0.3477445288075033,1,RELIANCE,1
2023-04-24,1131.9,1134.7,1119.05,1123.8,12526330,0.0038410004466278,-0.0039883009837808,0.0066310763164402,11838687.4,1102.2225,1111.0279999999998,1,-0.5175718519123474,56.25932535921479,19.06206532082377,0.3290621106958533,0.0173518419647624,0.3464139526606157,1,RELIANCE,1
2023-04-25,1127.6,1134.6,1120.25,1132.4,8943500,0.0076526072254849,0.0152411690873228,0.0038955062985741,11477962.0,1104.5925000000002,1111.696,1,0.3344947502094398,59.331491931159576,18.72548922647921,0.3189685623454608,0.0248145531614271,0.3437831155068879,1,RELIANCE,1
2023-04-26,1133.8,1137.2,1121.95,1125.8,8344796,-0.0058283292122925,0.0042818911685993,0.0052866540309679,11291606.0,1107.3175,1111.793,1,-0.5245901295350734,56.07635525589361,18.477239996016408,0.3267010126132528,0.0190975306448747,0.3457985432581275,1,RELIANCE,1
2023-04-27,1131.9,1136.2,1126.7,1132.9,8876684,0.0063066263990052,0.0132367408997406,0.0053303720788041,10418962.2,1111.4575,1111.993,1,0.1052631468144056,58.70129585738662,17.900294282015242,0.3183864418748343,0.0252449465972284,0.3436313884720627,1,RELIANCE,1
2023-04-28,1135.25,1155.2,1135.15,1153.6,15072060,0.0182716921175742,0.0304600267976775,0.0086310245763073,10727565.2,1115.8175,1112.792,1,0.9152119244283304,65.22614694875256,18.214558976157008,0.2947295423023578,0.0427357836338418,0.3374653259361997,0,RELIANCE,1
2023-05-02,1161.1,1165.7,1157.2,1163.4,12570504,0.008495145631068,0.0352375867592098,0.008584245829405,10248473.4,1120.4175,1113.914,1,0.2705882034602327,67.81842669058237,17.777804763574373,0.2838232766030598,0.0507993811242909,0.3346226577273508,0,RELIANCE,1
2023-05-03,1165.3,1165.3,1150.05,1153.4,6838132,-0.0085954959601168,0.0185446838572942,0.0110009764804654,9924696.8,1124.835,1114.314,1,-0.7803278176834129,62.68342733527626,17.597247280461918,0.2949540488989074,0.0425697936535461,0.3375238425524535,1,RELIANCE,1
2023-05-04,1153.9,1169.0,1150.8,1166.7,8361644,0.0115311253684757,0.0363297210872268,0.0099160754332039,9572399.6,1127.62,1114.466,1,0.7032966646540251,66.33445145896175,17.640301046143215,0.2801919945144423,0.0534841861661096,0.3336761806805519,0,RELIANCE,1
2023-05-05,1163.4,1173.1,1161.0,1163.75,8469468,-0.0025284991857376,0.0272310000882689,0.0108579468163644,9740814.6,1130.2475,1114.578,1,0.0289256174441565,64.8195853135513,17.24456525713298,0.2834371643394199,0.0510848549946294,0.3345220193340493,1,RELIANCE,1
2023-05-08,1167.7,1183.7,1164.9,1178.1,8863764,0.0123308270676691,0.0212378640776698,0.0093178669062209,9886688.2,1133.7275,1114.88,1,0.5531914599366186,68.57860923940939,17.4378105959092,0.2678040913335031,0.0626432391138273,0.3304473304473304,0,RELIANCE,1
2023-05-09,1179.6,1185.2,1174.0,1181.75,6259900,0.003098208980562,0.0157727350868144,0.0090101897014512,9260045.2,1137.02,1115.501,1,0.1919642685746262,69.47211328608479,16.9922526962014,0.2638883012481489,0.0655383964459488,0.3294266976940977,0,RELIANCE,1
2023-05-10,1186.7,1191.4,1182.55,1189.9,10527790,0.0068965517241379,0.0316455696202531,0.0061700766449068,9418474.2,1141.115,1116.097,1,0.3615818800472448,71.42596718927716,16.467806075044162,0.2552315320615176,0.0719388183880999,0.3271703504496175,0,RELIANCE,1
2023-05-11,1191.0,1196.0,1180.3,1182.1,10223358,-0.0065551727035887,0.0131996228679178,0.0074750342942214,9606330.4,1144.5449999999998,1117.063,1,-0.5668789447847847,67.00588857613775,16.412962783969583,0.2635140851027832,0.0658150748667625,0.3293291599695457,0,RELIANCE,1
2023-05-12,1177.1,1185.5,1170.8,1184.05,6734976,0.0016496066322646,0.0174436090225562,0.0069679746114962,9392159.6,1147.8275,1118.177,1,0.4727890834837375,67.5465916885938,16.29060829940033,0.2614332165026814,0.0673535745956674,0.3287867910983488,0,RELIANCE,1
2023-05-15,1186.7,1193.7,1178.7,1186.4,6616844,0.0019847134833834,0.0070452423393601,0.0049189396262886,8546638.0,1151.0175,1119.183,1,-0.0199999986666637,68.22245780026563,16.198421992300304,0.2589345920431556,0.0692009440323669,0.3281355360755225,0,RELIANCE,1
2023-05-16,1188.65,1191.3,1167.75,1169.5,8441042,-0.0142447741065409,-0.0103659826528453,0.0083518832263597,8133691.8,1153.0775,1120.003,1,-0.8131634474240629,58.74719961965707,16.723534707135993,0.2771269773407438,0.0557503206498504,0.3328772979905942,0,RELIANCE,1
2023-05-17,1173.9,1174.8,1157.65,1162.6,8520190,-0.0058999572466866,-0.0229431044625599,0.0067258722701206,8301897.6,1155.4375,1121.1170000000002,1,-0.6588920898605354,55.36612401855989,16.753996513769128,0.2847066918974712,0.0501462239807328,0.334852915878204,0,RELIANCE,1
2023-05-18,1167.45,1171.0,1156.8,1160.1,10192052,-0.0021503526578359,-0.0186109466204212,0.0066963155770995,8484938.4,1157.3925000000002,1121.977,1,-0.5176055973517265,54.15009884000376,16.571568191357052,0.2874752176536506,0.0480993017843289,0.3355745194379794,0,RELIANCE,1
2023-05-19,1160.1,1165.75,1152.8,1163.8,7795386,0.0031893802258426,-0.0171023183142603,0.0070326501666365,8417530.2,1159.6775,1123.081,1,0.2857142636514107,55.70084352586821,16.312884749117266,0.2833820244028183,0.0511256229592713,0.3345076473620896,0,RELIANCE,1
2023-05-22,1160.5,1175.3,1159.25,1170.05,7199346,0.0053703385461418,-0.013781186783547,0.0078042893989006,8251088.4,1162.205,1123.744,1,0.5950155392513671,58.26845516860512,16.294107267037457,0.2765266441605059,0.0561941797359087,0.3327208238964146,0,RELIANCE,1
2023-05-23,1172.75,1176.25,1168.35,1169.85,5899022,-0.0001709328661169,0.0002992731936724,0.0044286707722236,8215000.6,1164.5075000000002,1124.1809999999998,1,-0.3670885611280375,58.15230082796231,15.694528176534789,0.2767448818224559,0.056032824721118,0.3327777065435739,0,RELIANCE,1
2023-05-24,1165.7,1174.35,1159.8,1163.0,7855234,-0.0058554515536178,0.0003440564252539,0.0044136972830064,7947745.0,1166.0375,1124.399,0,-0.1855669975555365,54.16938520955593,15.612776163925158,0.2842648323301805,0.0504729148753224,0.334737747205503,0,RELIANCE,1
2023-05-25,1160.0,1167.2,1151.5,1162.9,11123894,-8.598452278585356e-05,0.0024135850357729,0.0042466958440435,8037798.6,1167.8925,1125.169,0,0.1847133640310012,54.11111925951334,15.619006437930508,0.2843752687247396,0.0503912632212573,0.334766531945997,1,RELIANCE,1
2023-05-26,1171.5,1195.8,1168.0,1194.6,12226224,0.0272594376128643,0.0264650283553875,0.0128996688160247,8586923.4,1170.9775000000002,1126.9209999999998,1,0.830935221908803,66.43591402307973,16.853363120935462,0.2502929850996149,0.0755901557006529,0.3258831408002678,0,RELIANCE,1
2023-05-29,1201.5,1205.8,1194.9,1201.3,9693150,0.0056085719069145,0.0267082603307551,0.0129004174500714,8894554.0,1173.3625,1129.171,1,-0.0183486221698555,68.36956303843978,16.449551469440074,0.2433197369516357,0.0807458586531257,0.3240655956047615,0,RELIANCE,1
2023-05-30,1201.3,1209.5,1198.35,1201.0,10983142,-0.0002497294597518,0.0266273453861607,0.012908895071397,9148764.0,1175.2425,1131.497,1,-0.0269058271833295,68.18015781191629,16.07101207876579,0.2436303080766027,0.0805162364696087,0.3241465445462114,0,RELIANCE,1
2023-05-31,1191.5,1196.2,1172.9,1177.15,26249070,-0.019858451290591,0.0121668099742047,0.0168584963594696,10921652.0,1176.4299999999998,1133.716,1,-0.6158798018935681,55.10925691653384,16.930225501711085,0.2688272522618186,0.0618867603958714,0.3307140126576901,0,RELIANCE,1
2023-06-01,1182.05,1184.3,1171.5,1174.0,14130354,-0.0026759546361976,0.0095451027603403,0.0169983624209547,11315482.2,1176.7949999999998,1135.978,0,-0.6289062008667018,53.6464225998846,16.635209394446004,0.2722316865417375,0.0593696763202726,0.3316013628620102,0,RELIANCE,1
2023-06-02,1177.7,1183.3,1168.15,1170.15,15300034,-0.0032793867120953,-0.0204671019588145,0.009488290734534,12065947.0,1177.115,1138.1909999999998,0,-0.4983498020891235,51.8353676521832,16.529123009128423,0.2764175533051316,0.0562748365594155,0.3326923898645472,1,RELIANCE,1
2023-06-05,1175.9,1183.75,1171.7,1180.65,10563064,0.0089732085630047,-0.0171897111462581,0.0104215914266038,12402318.8,1177.2425,1140.822,1,0.3941908386563634,56.18021348399714,16.319899937047815,0.2650658535552448,0.0646677677550503,0.3297336213102951,1,RELIANCE,1
2023-06-06,1183.6,1185.65,1173.4,1181.65,7255900,0.0008469910642443,-0.0161115736885927,0.0105160598654743,12538006.6,1177.2375,1142.82,1,-0.1591836604747883,56.581922972944575,16.029192798687255,0.2639952608640458,0.0654593153641096,0.3294545762281555,1,RELIANCE,1
2023-06-07,1185.3,1191.5,1178.45,1190.6,9985814,0.0075741547835652,0.0114259015418594,0.0057085154137711,12751064.6,1177.2725,1144.932,1,0.4061302370781407,60.10683322866207,15.816393313066737,0.254493532672602,0.0724844616159919,0.326977994288594,0,RELIANCE,1
2023-06-08,1194.35,1199.5,1187.2,1191.3,11688662,0.0005879388543592,0.0147359454855195,0.0051591821916298,12807541.4,1177.7325,1147.332,1,-0.2479674595148379,60.37777503822639,15.565222362133394,0.2537564005708049,0.073029463611181,0.326785864181986,0,RELIANCE,1
2023-06-09,1194.8,1195.6,1181.0,1182.9,5690818,-0.0070511206245277,0.0108960389693628,0.0064181296645067,12154000.8,1177.675,1149.988,1,-0.8150684373240754,55.50603970936456,15.496277907695289,0.2626595654746806,0.0664468678671063,0.3291064333417871,0,RELIANCE,1
2023-06-12,1179.8,1186.35,1174.8,1183.95,6189454,0.0008876489982245,0.0027950705120061,0.005179710578183,11803631.2,1177.5525,1152.339,1,0.359307328198509,55.98413070123366,15.214400914288476,0.2615397609696354,0.0672748004561004,0.3288145614257358,1,RELIANCE,1
2023-06-13,1189.1,1202.7,1184.95,1201.4,10891648,0.0147387980911355,0.0167139169804932,0.008207064615616,11794481.8,1179.1475,1154.939,1,0.6929577074390126,63.083514600336144,15.466943706125011,0.2432162477110036,0.0808223738971201,0.3240386216081238,1,RELIANCE,1
2023-06-14,1201.5,1217.7,1199.6,1216.2,12856714,0.0123189612119194,0.0215017638165631,0.0090490836285698,10455246.2,1181.8275,1157.962,1,0.8121546512621703,67.82372967653777,15.655019155687524,0.2280874856109191,0.0920078934385792,0.3200953790494983,0,RELIANCE,1
2023-06-15,1216.2,1221.3,1208.4,1216.55,11439210,0.0002877816148658,0.0211953328296818,0.0090807764491893,10186131.8,1184.65,1160.073,1,0.0271317808424908,67.928608189104,15.458232073138404,0.2277341662899182,0.092269121696601,0.3200032879865192,0,RELIANCE,1
2023-06-16,1220.2,1230.8,1220.2,1228.4,23405754,0.0097406600632938,0.0384647899230703,0.0066396068319291,10996703.8,1187.88,1162.417,1,0.7735848326806871,71.33530253201187,15.371929782199944,0.2158905893845651,0.1010257245197005,0.3169163139042656,0,RELIANCE,1
2023-06-19,1231.5,1231.5,1211.8,1216.2,6583158,-0.0099316183653533,0.02723932598505,0.0101871858624602,10598713.2,1190.1875,1164.571,1,-0.7766497067690463,63.81919712988339,15.681077654899951,0.2280874856109191,0.0920078934385792,0.3200953790494983,0,RELIANCE,1
2023-06-20,1214.15,1222.0,1208.2,1218.7,6701816,0.0020555829633284,0.0143998668220408,0.0087706677531783,10543304.8,1192.63,1166.6270000000002,1,0.3297101210354963,64.64134318018938,15.54671496526424,0.225568228440141,0.0938705177648314,0.3194387462049725,0,RELIANCE,1
2023-06-21,1218.7,1224.8,1214.4,1222.15,6741040,0.0028308853696561,0.0048922874527215,0.0070864838645725,10218827.4,1195.5875,1168.91,1,0.3317307373335917,65.79640775644151,15.179092467745354,0.2221085791433128,0.0964284253160415,0.3185370044593543,0,RELIANCE,1
2023-06-22,1218.2,1226.4,1206.75,1208.4,7377770,-0.0112506648120116,-0.0066992725329825,0.0089963920961457,9787738.2,1197.8625,1170.808,1,-0.498727709988407,57.705520406438254,15.49844300576355,0.2360145647136708,0.0861469712015889,0.3221615359152598,0,RELIANCE,1
2023-06-23,1205.3,1207.4,1197.2,1198.5,6418558,-0.0081926514399206,-0.0243406056659069,0.0067940484393896,9860512.2,1198.0575,1172.41,1,-0.6666666013071886,52.68236711929392,15.191411362494728,0.2462244472256987,0.0785982478097622,0.3248226950354609,0,RELIANCE,1
2023-06-26,1194.8,1198.85,1186.1,1189.4,12240650,-0.0075928243637879,-0.0220358493668804,0.006431673868371,10465631.8,1197.4625,1173.746,0,-0.4235293785467047,48.5029288527978,15.017024836602248,0.2557592063225153,0.0715486800067261,0.3273078863292415,0,RELIANCE,1
2023-06-27,1189.85,1196.0,1185.1,1189.8,9382476,0.0003363040188328,-0.0237137933863954,0.0060317829863821,10314714.6,1196.9025,1174.976,0,-0.0045871555424585,48.695597280240285,14.722951633987808,0.2553370314338544,0.0718608169440242,0.3271978483778786,1,RELIANCE,1
2023-06-28,1197.7,1209.55,1190.5,1205.55,10994278,0.0132375189107412,-0.0135826207912286,0.0098798555904979,10128471.0,1198.3225,1176.779,1,0.4120734691824912,55.720439507886375,15.082026517274397,0.238936584961221,0.083986562150056,0.322923147111277,1,RELIANCE,1
2023-06-30,1213.6,1218.5,1207.45,1215.45,10798242,0.0082120194102277,0.0058341608738827,0.0094914686669285,10064374.2,1200.395,1178.668,1,0.1674207993284475,59.47646540177939,14.929738908897656,0.228845283639804,0.0914476119955572,0.3202928956353613,1,RELIANCE,1
2023-07-03,1219.2,1249.65,1217.9,1246.65,11769302,0.0256695051215598,0.0401752190237798,0.0126644442788015,8900729.0,1204.22,1181.239,1,0.864566901903406,68.53498619409427,16.306186129690683,0.1980908835679619,0.1141860185296596,0.3122769020976215,1,RELIANCE,1
2023-07-04,1251.1,1251.1,1226.4,1233.8,7806228,-0.0103076244334818,0.0373297460904655,0.0135274001522424,9023036.0,1206.8775,1183.525,1,-0.7004048299431276,62.352838033977285,16.905744263284195,0.2105689739017668,0.104960285297455,0.3155292591992218,1,RELIANCE,1
2023-07-05,1243.45,1243.45,1227.6,1231.8,9923374,-0.0016210082671421,0.0353000504286433,0.0138093668439128,9345191.8,1209.385,1185.6850000000002,1,-0.73501572649743,61.424133281579046,16.830333958763905,0.2125345023542782,0.1035070628348757,0.316041565189154,1,RELIANCE,1
2023-07-06,1227.75,1260.35,1227.75,1257.6,18512274,0.0209449585971748,0.0431753141719546,0.0150489345271231,10522315.2,1212.735,1188.189,1,0.9156441436918972,68.03767628549626,17.956738675995048,0.1876590330788804,0.121898854961832,0.3095578880407124,1,RELIANCE,1
2023-07-07,1255.85,1270.1,1252.5,1255.2,12951500,-0.0019083969465647,0.0327039368135257,0.0157738669571681,11079688.2,1215.9299999999998,1190.777,1,-0.0369318160834119,66.88886541118143,17.931257341995394,0.1899298916507328,0.1202198852772467,0.3101497769279795,1,RELIANCE,1
2023-07-10,1281.5,1313.5,1274.9,1303.5,32186876,0.0384799235181643,0.0456022139333411,0.0201013812599973,13656520.0,1221.96,1194.189,1,0.5699481717630022,75.75959752156197,20.81473896042429,0.145838128116609,0.152819332566168,0.2986574606827771,0,RELIANCE,1
2023-07-11,1312.0,1320.2,1304.75,1317.65,19433494,0.010855389336402,0.0679607715999353,0.0169732826837373,14375804.4,1228.645,1197.47,1,0.3656957692106347,77.64880694703871,20.5208290346797,0.1335331840777139,0.1619170492923007,0.2954502333700147,0,RELIANCE,1
2023-07-12,1318.4,1335.4,1316.2,1319.1,18140294,0.001100443972223,0.0708718947881148,0.0164073735799078,15251586.2,1234.53,1200.5839999999998,1,0.0364583314344523,77.83940477371058,20.42648410363115,0.1322871654916231,0.1628382988401182,0.2951254643317413,0,RELIANCE,1
2023-07-13,1326.8,1334.0,1304.6,1307.3,14217736,-0.0089454931392616,0.0395197201017811,0.0185072550639946,15573932.0,1239.0849999999998,1203.662,1,-0.6632652835624032,72.42669674366823,21.06744952480036,0.1425074581197888,0.1552818786812514,0.2977893368010403,0,RELIANCE,1
2023-07-14,1310.65,1315.85,1298.8,1306.2,14644968,-0.0008414288992579,0.0406309751434035,0.0183713041501748,15958604.6,1243.5675,1206.452,1,-0.2609970521409387,71.92459941831808,20.780488844457476,0.1434696064921144,0.1545705098759761,0.2980401163680906,1,RELIANCE,1
2023-07-17,1309.2,1341.65,1300.2,1332.9,21516046,0.0204409738171795,0.022554660529344,0.0113509067318489,16933279.0,1248.7925,1209.835,1,0.5717732069536022,76.23174698373214,22.2568824984248,0.1205641833595917,0.1715057393652938,0.2920699227248855,0,RELIANCE,1
2023-07-18,1342.6,1352.3,1331.15,1344.2,25047762,0.0084777552704629,0.0201495085948468,0.0110654617591791,18657432.4,1255.1925,1213.157,1,0.075650114626479,77.78506607826267,22.17781946282302,0.1111441749739621,0.1784704657045083,0.2896146406784704,0,RELIANCE,1
2023-07-19,1348.8,1361.2,1333.05,1354.4,37882654,0.0075881565243267,0.0267606701538929,0.011013905119007,21453360.4,1261.9775,1216.61,1,0.1989342735724989,79.11204996860397,22.604403786907096,0.1027761370348492,0.1846574128765506,0.2874335499113998,0,RELIANCE,1
2023-07-20,1290.0,1315.5,1290.0,1309.9,38717624,-0.0328558771411695,0.0019888319437009,0.0201613726113361,23473895.4,1266.365,1219.01,1,0.7803921262591358,61.774915819788745,25.58980351641373,0.1402397129551872,0.1569585464539278,0.2971982594091151,0,RELIANCE,1
2023-07-21,1304.5,1307.45,1261.8,1269.4,30249238,-0.0309183907168486,-0.0281733272086969,0.0246679923422189,25203669.2,1269.4150000000002,1220.756,0,-0.7688937400023242,50.85233501070779,27.19767469381276,0.1766188750590828,0.1300614463526076,0.3066803214116905,0,RELIANCE,1
2023-07-24,1240.5,1257.5,1234.65,1243.7,23727866,-0.0202457854104302,-0.0669217495686098,0.020317767835688,24357768.2,1271.675,1221.9489999999998,0,0.1400437575473216,45.370235425076295,27.737126501397565,0.2009327008120928,0.1120849079359975,0.3130176087480903,1,RELIANCE,1
2023-07-25,1247.0,1252.6,1240.0,1242.9,12026020,-0.0006432419393743,-0.0753608094033625,0.0181330213501139,23617020.8,1274.35,1223.0790000000002,0,-0.3253967995716777,45.20686180660255,26.655903179869163,0.2017056883095983,0.1115133960897901,0.3132190843993884,1,RELIANCE,1
2023-07-26,1242.5,1273.5,1242.5,1263.1,12911012,0.0162523131386271,-0.067409923213231,0.021058764939656,23094092.6,1278.015,1224.951,0,0.6645161075962517,50.0935398605333,26.96619580987851,0.1824875306784894,0.1257224289446599,0.3082099596231494,0,RELIANCE,1
2023-07-27,1267.0,1268.8,1245.2,1251.35,17226898,-0.0093025096983612,-0.0446980685548517,0.0181279185419043,23395008.8,1280.305,1226.726,0,-0.6631355651213807,47.443020017045775,26.72575325203004,0.1935909218044512,0.1175130858672633,0.3111040076717145,1,RELIANCE,1
2023-07-28,1256.0,1271.4,1250.3,1263.9,20827852,0.0100291684980222,-0.0043327556325822,0.0146501405302078,24013297.2,1282.7275,1228.802,0,0.3744075651939561,50.4581896652604,26.323913734027904,0.1817390616346228,0.1262758129598861,0.308014874594509,0,RELIANCE,1
2023-07-31,1263.9,1276.95,1259.0,1274.6,8551174,0.0084658596407942,0.0248452199083379,0.0100039912000752,22716810.0,1284.125,1231.018,0,0.5961002453425931,52.93722988166747,25.7257770387402,0.1718186097599247,0.1336105444845441,0.3054291542444688,0,RELIANCE,1
2023-08-01,1277.5,1279.5,1252.65,1256.6,9536632,-0.0141220775145143,0.0110226084158016,0.0131977411956371,21165697.0,1285.265,1232.749,0,-0.7783984812514592,48.53716094726297,25.80607867883018,0.1886041699824924,0.1212000636638548,0.3098042336463473,0,RELIANCE,1
2023-08-02,1254.6,1256.0,1231.8,1243.2,12748214,-0.0106636956867737,-0.0157548887657349,0.0114379767346139,18652253.0,1285.835,1234.216,0,-0.4710743606994,45.50485524477452,25.73421591605659,0.2014157014157013,0.1117277992277993,0.3131435006435006,0,RELIANCE,1
2023-08-03,1237.65,1250.45,1229.0,1237.95,10168350,-0.004222972972973,-0.0107084348903183,0.0109673187993934,15797325.6,1284.8525,1235.715,0,0.0139860133339832,44.3361741582751,25.42820049348112,0.206510763762672,0.1079607415485278,0.3144715053111999,1,RELIANCE,1
2023-08-04,1249.4,1258.0,1235.8,1254.8,22885610,0.0136112120844944,-0.0071999367038532,0.0120240096420655,15060962.8,1284.8325,1237.553,0,0.2432432322863342,48.87455238518979,25.19761474394676,0.1903092126235256,0.119939432578897,0.3102486452024227,0,RELIANCE,1
2023-08-07,1260.5,1264.2,1252.5,1261.9,5982870,0.0056582722346192,-0.0099639102463516,0.0115031677653381,13286463.2,1282.7525,1238.899,0,0.1196581094309381,50.6985750606559,24.233499405093426,0.1836120136302399,0.1248910373246692,0.3085030509549092,0,RELIANCE,1
2023-08-08,1264.0,1267.2,1249.8,1254.3,9844072,-0.0060226642364689,-0.0018303358268342,0.0098051480018764,13068268.4,1279.585,1239.9589999999998,0,-0.5574712323292392,48.69583380997442,23.745392304729613,0.1907837040580403,0.1195886151638364,0.3103723192218767,0,RELIANCE,1
2023-08-09,1252.4,1264.5,1240.55,1262.6,11486586,0.0066172367057322,0.0156048906048904,0.008158526909949,12925825.8,1276.76,1241.191,0,0.4258872473533424,50.9735956669013,23.760007140106072,0.182955805480754,0.1253762078251227,0.3083320133058767,0,RELIANCE,1
2023-08-10,1262.5,1275.0,1254.2,1268.2,15470598,0.0044352922540789,0.0244355587867037,0.0070519782652947,12750195.8,1274.805,1243.012,0,0.2740384483635389,52.50571179276115,23.54857805866992,0.1777322188929189,0.1292382904904589,0.3069705093833779,0,RELIANCE,1
2023-08-11,1266.2,1279.4,1256.2,1273.6,22179330,0.0042580034694841,0.0149824673254701,0.0051283851989648,12885343.6,1273.175,1245.004,1,0.3189655034928597,53.99858607931369,23.52367962590779,0.1727386934673367,0.1329302763819095,0.3056689698492462,0,RELIANCE,1
2023-08-14,1269.5,1291.15,1262.5,1288.6,9575812,0.0117776381909546,0.0211585704096994,0.0064773522091626,12987807.4,1270.96,1247.373,1,0.6666666433973195,57.95230865575952,23.889845366914383,0.1590873816545087,0.1430234362874437,0.3021108179419525,0,RELIANCE,1
2023-08-16,1275.5,1291.4,1275.5,1287.6,10203112,-0.0007760360080707,0.0265486725663717,0.0045398111254184,13054455.4,1268.13,1249.5120000000002,1,0.7610062414461383,57.59690036999185,23.319142126420505,0.1599875737806772,0.1423578751164957,0.302345448897173,0,RELIANCE,1
2023-08-17,1283.55,1289.05,1266.4,1269.0,13673744,-0.0144454799627212,0.0050689054332331,0.0097503591955872,13147008.4,1263.86,1251.259,1,-0.6423840775989388,51.29554357757435,23.271346260247604,0.1769897557131599,0.1297872340425532,0.3067769897557131,0,RELIANCE,1
2023-08-18,1265.6,1288.8,1254.3,1278.4,18639978,0.0074074074074075,0.0080428954423592,0.010092923775454,13994171.2,1262.285,1253.015,1,0.3710144819995855,54.032604408598864,24.073392955944204,0.1683354192740924,0.1361858573216521,0.3045212765957446,0,RELIANCE,1
2023-08-21,1270.0,1277.7,1257.8,1260.0,9221746,-0.0143929912390489,-0.0106783919597989,0.0121270362414094,12627784.8,1261.815,1254.389,0,-0.5025125375621817,48.30960279323349,23.825293459091057,0.1853968253968253,0.1235714285714286,0.3089682539682539,0,RELIANCE,1
2023-08-22,1258.45,1269.0,1249.5,1259.7,7713044,-0.0002380952380951,-0.0224274406332453,0.009625504373886,12800802.2,1262.6150000000002,1255.925,0,0.0641025608152532,48.219925474031385,23.51634392629884,0.1856791299515756,0.1233627054060491,0.3090418353576248,0,RELIANCE,1
2023-08-23,1262.1,1271.4,1258.5,1261.1,9517952,0.0011113757243788,-0.0205809257533395,0.0098420923473466,12768190.2,1263.525,1257.468,0,-0.0775193738357069,48.69852303747399,22.758033645848933,0.1843628578225359,0.1243358972325747,0.3086987550551106,0,RELIANCE,1
2023-08-24,1269.95,1269.95,1235.5,1239.9,14140020,-0.016810720799302,-0.0229314420803782,0.0104979409082752,13033533.6,1262.3650000000002,1258.238,0,-0.8722786394113579,42.319670042352136,23.59317409971687,0.204613275264134,0.1093636583595452,0.3139769336236793,0,RELIANCE,1
2023-08-25,1228.0,1252.5,1221.3,1234.2,22222400,-0.0045971449310429,-0.0345744680851064,0.0081883606061116,13708713.8,1261.5075,1258.598,0,0.198717942348785,40.77325568701761,24.136518806879955,0.2101766326365255,0.1052503646086534,0.315426997245179,0,RELIANCE,1
2023-08-28,1236.0,1242.0,1215.55,1221.9,12580826,-0.0099659698590179,-0.0302380952380951,0.0073873152018156,12748863.4,1259.4075,1258.705,0,-0.5330812652899288,37.58188604053945,24.301767463531387,0.2223586218184792,0.0962435551190769,0.3186021769375562,0,RELIANCE,1
2023-08-29,1226.0,1226.7,1204.1,1210.2,16876644,-0.0095752516572551,-0.0392950702548225,0.0066814403195462,13478946.6,1256.1875,1258.341,0,-0.6991150133134887,34.79223737430648,24.180212644707726,0.2341761692282266,0.0875061973227566,0.3216823665509832,0,RELIANCE,1
2023-08-30,1216.0,1221.5,1207.5,1209.0,12168946,-0.0009915716410511,-0.0413131393228133,0.005998323006739,13675530.0,1253.8075,1258.197,0,-0.4999999642857168,34.509302043067734,23.45305459865717,0.235401157981803,0.0866004962779156,0.3220016542597187,0,RELIANCE,1
2023-08-31,1211.5,1212.5,1199.95,1203.5,21638600,-0.0045492142266335,-0.0293572062263086,0.0037963103475407,14472015.6,1251.8225,1257.8929999999998,0,-0.6374501484103491,33.177573901370366,22.674264984467367,0.2410469464063148,0.0824262567511425,0.3234732031574573,1,RELIANCE,1
2023-09-01,1203.3,1212.8,1200.8,1206.3,18112842,0.0023265475695886,-0.0226057365094799,0.0053510559063294,14419302.0,1250.24,1257.576,0,0.2499999791666684,34.562061393961315,21.91181748557684,0.2381662936251346,0.0845560805769709,0.3227223742021056,1,RELIANCE,1
2023-09-04,1206.3,1211.8,1202.65,1205.35,9347626,-0.0007875321230208,-0.0135444799083396,0.0045422993470802,14431890.0,1247.7675,1257.515,0,-0.1038251252650201,34.302379718351034,21.000259093749914,0.2391421578794541,0.083834570871531,0.3229767287509851,1,RELIANCE,1
2023-09-05,1210.0,1217.0,1206.2,1211.8,8675876,0.0053511428215871,0.0013220955214012,0.0037410614522982,14528173.2,1245.2625,1257.781,0,0.1666666512345658,37.72363675257572,20.33238344419636,0.2325466248555867,0.0887110084172305,0.3212576332728172,0,RELIANCE,1
2023-09-06,1210.55,1218.1,1208.6,1214.35,8200370,0.002104307641525,0.0044251447477252,0.0037362805087491,14396415.0,1243.265,1258.28,0,0.3999999578947365,39.0744663134615,19.558641769610905,0.2299584139663194,0.0906246139910239,0.3205830279573434,0,RELIANCE,1
2023-09-07,1210.85,1219.1,1205.5,1216.0,13652572,0.0013587515955038,0.0103863730785209,0.0022081810354855,14347670.2,1240.935,1258.804,0,0.3786764427443884,39.98163884670423,19.13302450035297,0.2282894736842104,0.0918585526315789,0.3201480263157894,0,RELIANCE,1
2023-09-08,1220.0,1228.0,1211.5,1224.1,23109288,0.0066611842105261,0.0147558650418635,0.0030312545296171,14436359.0,1238.73,1259.175,0,0.2484848334251561,44.36141939594669,18.94495132175633,0.2201617514908913,0.0978678212564332,0.3180295727473246,0,RELIANCE,1
2023-09-11,1226.0,1238.4,1226.0,1237.3,13271074,0.0107834327260845,0.0265068237441408,0.0037966342820065,14505383.8,1236.9150000000002,1259.612,1,0.9112902490894856,50.6780058041508,18.61316908448803,0.2071445890244888,0.1074921199385759,0.3146367089630647,0,RELIANCE,1
2023-09-12,1241.5,1241.5,1218.0,1219.4,16255666,-0.0144669845631616,0.0062716619904275,0.0095906888915698,14443286.0,1233.455,1259.067,0,-0.9404254918967836,43.47078731016043,18.962228435596028,0.2248646875512545,0.0943906839429228,0.3192553714941774,0,RELIANCE,1
2023-09-13,1220.0,1231.3,1213.1,1225.5,12803338,0.0050024602263407,0.0091818668423437,0.0097387813769091,14506725.2,1230.35,1258.901,0,0.3021977855935275,46.2748474024165,18.90778354733917,0.218767849857201,0.0988984088127295,0.3176662586699306,0,RELIANCE,1
2023-09-14,1230.0,1232.9,1222.5,1226.65,9209636,0.00093839249286,0.0087582236842105,0.0097460857824119,13263828.8,1228.2325,1258.7979999999998,0,-0.3221153536427429,46.810511919017024,18.30008472252924,0.2176252394733622,0.09974320303265,0.3173684425060122,0,RELIANCE,1
2023-09-15,1234.0,1234.0,1224.75,1228.9,25468592,0.0018342640525006,0.0039212482640309,0.0093741345785487,13999403.8,1225.7575,1258.224,1,-0.5513512917457966,47.90492493725485,17.653650099491436,0.2153958824965414,0.1013914883228905,0.316787370819432,0,RELIANCE,1
2023-09-18,1220.0,1225.5,1216.0,1218.2,7516300,-0.0087069737163316,-0.0154368382768931,0.0081693005069636,13816271.2,1223.6675,1257.4840000000002,0,-0.1894736642659253,43.33812962020836,17.314103663813484,0.2260712526678705,0.0934986044984404,0.3195698571663109,0,RELIANCE,1
2023-09-20,1211.5,1213.8,1177.5,1191.1,57081884,-0.0222459366278116,-0.0232081351484337,0.0110964045772632,18656872.0,1220.2375,1255.236,0,-0.5619834555927455,34.39487958460809,18.98452483068396,0.2539669213332214,0.0728738141214003,0.3268407354546218,0,RELIANCE,1
2023-09-21,1187.5,1195.05,1180.0,1182.4,12226182,-0.0073041726135503,-0.0351693186454508,0.0097012914969676,19059453.2,1216.3025,1252.531,0,-0.3388704093773764,32.10440991222934,18.703487342777954,0.2631935047361297,0.0660520974289581,0.3292456021650879,0,RELIANCE,1
2023-09-22,1188.0,1191.2,1175.0,1177.5,19176786,-0.0041441136671177,-0.0400684791912934,0.0088804141844433,19611874.6,1213.1825,1249.699,0,-0.6481481081390038,30.858002361929262,18.524666818293817,0.2684501061571124,0.0621656050955414,0.3306157112526539,0,RELIANCE,1
2023-09-25,1175.2,1180.35,1167.55,1170.2,14254884,-0.0061995753715498,-0.0477662950606233,0.0071980106706489,18726434.2,1209.9825,1246.957,0,-0.3906249694824256,29.04861217307541,18.11576204555854,0.2763630148692529,0.0563151598017433,0.3326781746709963,1,RELIANCE,1
2023-09-26,1169.3,1175.1,1167.8,1171.25,10087782,0.0008972825158091,-0.0385404695452307,0.0086674753310008,18408105.0,1207.45,1244.258,0,0.2671232510790146,29.68724270038352,17.343207613732925,0.2752187833511205,0.0571611526147278,0.3323799359658484,1,RELIANCE,1
2023-09-27,1171.75,1185.9,1169.25,1184.45,11722778,0.0112700106723586,-0.0055830744689781,0.0075955625330269,17954816.2,1206.1625,1241.289,0,0.7627627169511867,37.32478968871685,17.293692784180582,0.2610072185402506,0.067668538140065,0.3286757566803157,0,RELIANCE,1
2023-09-28,1191.5,1191.5,1162.5,1167.05,14518346,-0.01469036261556,-0.0129820703653587,0.0095671668799289,18126317.0,1204.065,1237.746,0,-0.8431034192033319,32.33827983672708,18.12985758531054,0.2798080630649929,0.0537680476414892,0.3335761107064821,1,RELIANCE,1
2023-09-29,1170.9,1184.55,1167.05,1172.5,12342014,0.0046698941776273,-0.0042462845010615,0.0100072810885743,18439554.8,1202.515,1234.108,0,0.0914285662040767,35.25591733083377,18.08486775778836,0.2738592750533048,0.0581663113006397,0.3320255863539445,0,RELIANCE,1
2023-10-03,1165.0,1167.8,1158.0,1159.1,8859056,-0.0114285714285714,-0.0094855580242694,0.0109409209220812,16778601.2,1200.155,1231.092,0,-0.6020407548938126,31.642993257078857,17.828805775089187,0.2885859718747304,0.0472780605642308,0.3358640324389612,0,RELIANCE,1
2023-10-04,1154.5,1159.5,1147.55,1157.1,10286386,-0.0017254766629281,-0.0120811099252935,0.0108382870952241,17055609.8,1197.7425,1228.846,0,0.2175732035503511,31.130227527888707,17.408891076868535,0.2908132399965431,0.0456313196785065,0.3364445596750496,0,RELIANCE,1
2023-10-05,1159.6,1164.7,1154.5,1157.05,10953682,-4.3211476968285645e-05,-0.0231330997509393,0.0081147006798627,12442789.6,1195.005,1227.113,0,-0.2499999754901929,31.11665192934636,16.893970285663645,0.2908690203534851,0.0455900782161531,0.3364590985696383,0,RELIANCE,1
2023-10-06,1158.5,1162.4,1156.0,1159.0,5431026,0.0016853204269478,-0.0068977336018165,0.0061007557433107,11763274.0,1192.2375,1225.435,0,0.0781249877929695,32.355613243457825,16.14440097954482,0.2886971527178602,0.0471958584987058,0.3358930112165659,0,RELIANCE,1
2023-10-09,1154.05,1156.0,1147.5,1149.1,7576878,-0.008541846419327,-0.0199573560767591,0.0056781150915771,10603283.2,1188.8925,1223.155,0,-0.5823528726643733,29.45865837856124,15.812658052434475,0.2997998433556696,0.0389870333304324,0.3387868766861021,1,RELIANCE,1
2023-10-10,1153.3,1158.95,1151.9,1154.2,10236032,0.0044382560264555,-0.0042274178241737,0.0048727449927967,10201398.0,1185.3975,1221.2120000000002,0,0.1276595563603603,32.796777693089595,15.386753905832023,0.2940564893432679,0.0432334084214175,0.3372898977646854,1,RELIANCE,1
2023-10-11,1157.2,1174.85,1156.5,1172.5,9814118,0.0158551377577542,0.013309134906231,0.0088177493784158,10174031.6,1182.1575,1219.384,0,0.8337874205020496,43.1859204194208,15.76270005541544,0.2738592750533048,0.0581663113006397,0.3320255863539445,0,RELIANCE,1
2023-10-12,1171.9,1179.7,1169.1,1174.7,12554450,0.0018763326226012,0.015254310531092,0.0087107513710173,10257198.8,1179.9225,1217.386,0,0.2641509184763208,44.300716663925705,15.39393576574292,0.2714735677194176,0.0599301949433898,0.3314037626628074,0,RELIANCE,1
2023-10-13,1170.0,1178.75,1164.6,1174.65,10150316,-4.256405890856741e-05,0.0135030198446937,0.0088127311907123,9820395.8,1177.38,1215.747,0,0.3286218849030513,44.279451254006,15.305083211047004,0.2715276890988803,0.0598901800536331,0.3314178691525135,0,RELIANCE,1
2023-10-16,1172.5,1177.3,1168.0,1172.0,5929036,-0.0022559911462989,0.0199286398050648,0.0070838328740692,9179098.0,1174.6475,1214.323,0,-0.0537634350792008,43.09862242216333,14.876148695972216,0.2744027303754265,0.0577645051194539,0.3321672354948805,0,RELIANCE,1
2023-10-17,1178.0,1179.85,1170.65,1177.6,7928180,0.004778156996587,0.0202737827066366,0.0070910264030871,9086010.4,1172.0825,1213.116,1,-0.0434782561436785,46.35433592465032,14.47070950340276,0.2683423913043478,0.0622452445652173,0.3305876358695652,0,RELIANCE,1
2023-10-18,1177.6,1183.5,1160.5,1162.0,8918320,-0.0132472826086955,-0.0089552238805969,0.0069123439967329,8949203.8,1169.2725,1211.26,0,-0.6782608400756117,39.563284839236246,15.07994453887399,0.2853700516351118,0.0496557659208262,0.335025817555938,0,RELIANCE,1
2023-10-19,1156.0,1160.9,1150.5,1153.1,12032556,-0.007659208261618,-0.0183876734485401,0.0069671732345217,9057091.2,1167.3725,1209.0839999999998,0,-0.2788461270340325,36.29621744440857,14.824234214668705,0.2952909548174486,0.0423207007197987,0.3376116555372474,0,RELIANCE,1
2023-10-20,1150.0,1157.35,1148.15,1149.55,8913312,-0.0030786575318705,-0.0213680670838123,0.0066973960656296,9405319.8,1165.73,1206.989,0,-0.0489130381616322,35.05281509853515,14.422503199335212,0.2992910269235788,0.0393632290896437,0.3386542560132225,0,RELIANCE,1
2023-10-23,1145.0,1153.1,1127.6,1131.6,7853962,-0.0156148057935714,-0.0344709897610922,0.0081818936091685,9433028.2,1163.435,1204.369,0,-0.5254901754709771,29.54205184780551,15.213752970811267,0.3199010250972075,0.0241251325556733,0.3440261576528808,0,RELIANCE,1
2023-10-25,1125.0,1140.6,1121.5,1129.0,11620688,-0.0022976316719688,-0.0412703804347824,0.0059508787349086,9571493.8,1161.375,1201.585,0,0.2094240728050233,28.834918754915435,15.491342044324742,0.3229406554472984,0.0218777679362267,0.3448184233835252,0,RELIANCE,1
2023-10-26,1125.5,1129.0,1110.15,1113.25,15222534,-0.0139503985828166,-0.0419535283993115,0.0061010764583035,10112335.4,1158.475,1198.378,0,-0.6498673395295872,24.94038437468544,15.731246184015829,0.3416573096788681,0.0080395239164608,0.3496968335953289,1,RELIANCE,1
2023-10-27,1120.0,1136.75,1118.0,1132.9,11771084,0.0176510217830676,-0.0175179949700804,0.0132755368166568,10033998.8,1155.8974999999998,1195.264,0,0.6879999633066735,36.46927010933513,16.28615717087184,0.3183864418748343,0.0252449465972284,0.3436313884720627,1,RELIANCE,1
2023-10-30,1137.0,1162.5,1135.0,1156.25,16813304,0.0206108217848,0.0058283676221131,0.017116439298775,10700297.6,1155.3575,1192.637,1,0.6999999745454555,46.90541786920648,17.237145944380988,0.2917621621621621,0.0449297297297297,0.3366918918918918,0,RELIANCE,1
2023-10-31,1164.0,1164.0,1141.45,1143.95,12808438,-0.0106378378378377,0.0109137504418523,0.015996392615306,11388237.8,1153.9299999999998,1190.136,0,-0.8891352155594137,42.90700627367664,17.616635519782342,0.3056514707810654,0.0346606057957079,0.3403120765767734,0,RELIANCE,1
2023-11-01,1144.6,1158.75,1137.6,1148.7,10309190,0.0041522793828401,0.0174490699734277,0.0157942294610357,11626338.8,1153.41,1187.542,0,0.1938534187303404,44.86175356743101,17.869018696940753,0.3002524593018193,0.0386523896578741,0.3389048489596935,1,RELIANCE,1
2023-11-02,1157.0,1162.15,1154.0,1160.1,10562104,0.0099242622094539,0.042083988322479,0.012424506162964,11790717.2,1153.56,1185.544,1,0.3803680514885673,49.344368781800426,17.55337450430213,0.2874752176536506,0.0480993017843289,0.3355745194379794,0,RELIANCE,1
2023-11-03,1163.6,1167.5,1157.9,1159.85,8850156,-0.0002154986639082,0.0237885073704651,0.0116204157115748,11472477.2,1153.7,1183.547,1,-0.3906249593099038,49.24980977350064,16.985276325423403,0.2877527266456869,0.0478941242402034,0.3356468508858904,1,RELIANCE,1
2023-11-06,1166.15,1170.0,1162.8,1169.5,10647304,0.0083200413846618,0.0114594594594594,0.0082388746018257,11645876.4,1154.225,1181.715,1,0.4652777131558576,52.994261046837394,16.49704230217888,0.2771269773407438,0.0557503206498504,0.3328772979905942,0,RELIANCE,1
2023-11-07,1167.0,1169.55,1159.8,1161.9,6960204,-0.0064985036340315,0.0156912452467328,0.0066716529983682,11556500.6,1154.8650000000002,1180.155,1,-0.5230768694280041,49.87329169126886,16.015110709166102,0.2854806781995006,0.0495739736638266,0.3350546518633272,1,RELIANCE,1
2023-11-08,1166.0,1170.5,1160.9,1167.95,7884494,0.0052069885532317,0.0167580743449116,0.0067282318199699,11182881.2,1155.5525,1178.83,1,0.2031249788411547,52.282449618263485,15.556888515654231,0.2788218673744594,0.0544971959416071,0.3333190633160665,0,RELIANCE,1
2023-11-09,1167.9,1167.95,1152.1,1155.3,14513610,-0.0108309431054411,-0.0041375743470389,0.0079481665685771,11111988.8,1154.6925,1177.498,1,-0.7949526312332743,47.17687012238059,15.577825050250368,0.2928243746213104,0.0441443780836146,0.3369687527049251,0,RELIANCE,1
2023-11-10,1152.8,1158.2,1149.0,1157.45,7734954,0.0018609884878386,-0.0020692330904856,0.0080402914412848,10708375.8,1153.83,1176.443,1,0.5054347276701457,48.104451118809024,15.12226611808963,0.2904229124368222,0.0459199101473066,0.3363428225841288,1,RELIANCE,1
2023-11-12,1163.0,1166.0,1161.25,1165.3,1419844,0.0067821504168645,-0.0035912783240701,0.0076434991614538,9169029.8,1153.3625,1175.5690000000002,1,0.4842104243767431,51.4562425145627,14.652818538226082,0.2817300266025915,0.0523470350982579,0.3340770617008495,0,RELIANCE,1
2023-11-13,1161.45,1162.3,1155.85,1157.3,3854810,-0.006865184930919,-0.0039590326189862,0.0077145207372446,8273667.0,1152.6275,1174.645,1,-0.6434107529595827,48.05022181829099,14.281188642638508,0.290590166767476,0.0457962498919899,0.3363864166594659,1,RELIANCE,1
2023-11-15,1170.0,1181.0,1163.5,1178.2,12220648,0.0180592759008035,0.0087760606190332,0.0114435106163449,8464812.8,1152.6575,1174.083,1,0.4685714017959225,56.205990565552725,14.953960882450046,0.2676964861653368,0.0627227974876931,0.3304192836530299,1,RELIANCE,1
2023-11-16,1175.55,1187.1,1173.5,1180.35,13134910,0.001824817518248,0.0216826798234224,0.0091133165224154,8722093.4,1153.575,1173.583,1,0.3529411505190321,56.95465000726819,14.857249390846464,0.2653873850976405,0.0644300419367136,0.3298174270343542,0,RELIANCE,1
2023-11-17,1176.45,1186.6,1176.0,1177.8,7758634,-0.0021603761596136,0.0175817529914898,0.0095528035290081,8612941.2,1154.81,1172.903,1,0.1273584785510794,55.73761139877322,14.55316014864314,0.2681270164713873,0.0624044829342842,0.3305314994056715,0,RELIANCE,1
2023-11-20,1174.3,1179.2,1168.2,1174.7,4490186,-0.0026320258108336,0.0080665922938298,0.0096780405079591,7997229.4,1156.0675,1172.11,1,0.0363636330578598,54.22074664939898,14.29936299516863,0.2714735677194176,0.0599301949433898,0.3314037626628074,1,RELIANCE,1
2023-11-21,1183.0,1194.0,1180.1,1189.45,8214450,0.012556397378054,0.0277801780005184,0.0092984130637762,8122654.0,1158.96,1171.579,1,0.4640287435950547,59.82332011471152,14.656551352656582,0.2557064189331202,0.0715877086048174,0.3272941275379376,1,RELIANCE,1
2023-11-22,1187.5,1197.2,1186.1,1194.1,8534814,0.0039093698768337,0.0134951621116956,0.0061528620200149,8187686.0,1162.215,1170.979,1,0.5945945410275034,61.4260437958103,14.40251197032398,0.2508165145297714,0.0752030818189431,0.3260195963487145,0,RELIANCE,1
2023-11-23,1194.1,1200.0,1194.1,1197.75,8531542,0.0030566954191442,0.0147413902655992,0.0061337085476199,7589479.2,1166.44,1170.188,1,0.6186439629417071,62.68438889609816,13.795189686729415,0.2470048006679189,0.0780212899185974,0.3250260905865163,0,RELIANCE,1
2023-11-24,1195.8,1201.3,1195.5,1196.95,6749486,-0.0006679190148194,0.0162591271862795,0.0058529764531812,7490932.4,1169.6425000000002,1169.739,1,0.1982758278834951,62.20541091561205,13.224104709105884,0.2478382555662307,0.077405071222691,0.3252433267889218,0,RELIANCE,1
2023-11-28,1196.95,1199.85,1187.6,1197.2,13792174,0.0002088641964994,0.0191538265088959,0.0052463489943772,8728165.4,1171.69,1169.1729999999998,1,0.0204081615993337,62.30235138522554,13.154525801312603,0.2475776812562645,0.0775977280320749,0.3251754092883394,0,RELIANCE,1
2023-11-29,1204.0,1206.0,1199.0,1200.35,12531306,0.0026311393250917,0.0091638992811802,0.0019581903359223,9595815.0,1174.51,1168.6470000000002,1,-0.5214284969387991,63.570256724153445,12.843488244075989,0.2443037447411171,0.0800183279876702,0.3243220727287874,0,RELIANCE,1
2023-11-30,1197.35,1200.35,1184.95,1188.7,28439984,-0.0097055025617527,-0.0045222343187336,0.0051707009186605,11217748.6,1176.51,1167.843,1,-0.5616882752150432,56.06044324266403,13.02609622664198,0.2564986960545132,0.0710019348868512,0.3275006309413644,1,RELIANCE,1
2023-12-01,1189.0,1198.2,1188.8,1197.15,14342842,0.0071086060402121,-0.0005009392611144,0.006166554973657,11338541.8,1178.3625,1167.422,1,0.8670211843594499,59.77249286284838,12.774232210453263,0.2476297874117694,0.0775592031073801,0.3251889905191495,1,RELIANCE,1
2023-12-04,1225.0,1225.0,1199.3,1210.1,15590990,0.0108173578916592,0.0109862567358702,0.0078141543567402,12121777.4,1180.875,1167.802,1,-0.5797665144059747,64.69505675569715,13.851072766849454,0.2342781588298488,0.0874307908437319,0.3217089496735806,1,RELIANCE,1
2023-12-05,1219.5,1220.4,1210.8,1218.9,12693624,0.0072721262705564,0.0181256264617442,0.0079977670381239,12942121.2,1183.345,1168.532,1,-0.0624999934895736,67.59676779128489,13.597424712074504,0.2253671343014191,0.0940191976372139,0.3193863319386331,0,RELIANCE,1
2023-12-06,1223.55,1236.5,1217.5,1230.55,16422442,0.0095577980146033,0.0251593285291791,0.0083736976697068,13762920.4,1186.7775,1169.5929999999998,1,0.3684210332409982,70.99546508931287,13.983322946926323,0.2137662021047499,0.1025963999837471,0.316362602088497,0,RELIANCE,1
2023-12-07,1230.0,1230.5,1221.0,1228.5,8142096,-0.0016659217423102,0.0334819550769747,0.0048879687490288,13723648.6,1189.805,1170.759,1,-0.1578947202216084,69.6118354483364,13.66665702214587,0.2157916157916157,0.1010989010989011,0.3168905168905168,0,RELIANCE,1
2023-12-08,1231.9,1238.35,1222.5,1227.9,10204894,-0.0004884004884003,0.0256860042601176,0.0057940957893556,13890983.8,1193.435,1171.892,1,-0.2523659146772308,69.18682975066461,13.822610091992589,0.2163856991611693,0.1006596628389935,0.3170453620001628,0,RELIANCE,1
2023-12-11,1228.0,1233.8,1226.2,1229.7,7066138,0.0014659174199853,0.0161970085116933,0.004931742525846,13922649.0,1197.0475,1172.797,1,0.2236841810941953,69.78286358117398,13.37813794256454,0.2146051882572984,0.1019760917296902,0.3165812799869886,0,RELIANCE,1
2023-12-12,1230.0,1232.5,1210.1,1212.0,9197124,-0.0143937545742864,-0.0056608417425548,0.0086254087452909,13463144.0,1199.3825000000002,1173.696,1,-0.8035713926977024,57.91866256012383,14.022556660952793,0.2323432343234322,0.0888613861386139,0.3212046204620462,0,RELIANCE,1
2023-12-13,1211.0,1219.2,1203.15,1217.0,10031182,0.0041254125412542,-0.0110113363942951,0.0071650520457196,13213131.6,1202.3674999999998,1174.586,1,0.3738317524092376,59.98813626245339,14.167374042313304,0.2272801972062448,0.0926047658175842,0.319884963023829,1,RELIANCE,1
2023-12-14,1227.0,1237.5,1221.3,1232.1,16972354,0.0124075595727197,0.0029304029304029,0.0097287123518136,12066368.6,1205.0625,1176.046,1,0.3148147953817962,65.50528360793129,14.619704467862352,0.2122392662933203,0.1037253469685901,0.3159646132619105,1,RELIANCE,1
2023-12-15,1239.0,1250.0,1235.0,1247.8,15932152,0.0127424722019318,0.0162065314765045,0.0110591296408003,12225299.6,1208.435,1177.86,1,0.5866666275555552,70.11879223718304,14.854011291586476,0.1969866965859913,0.1150024042314473,0.3119891008174387,1,RELIANCE,1
2023-12-18,1247.8,1267.45,1245.5,1260.5,14165188,0.0101779131271038,0.0250467593722045,0.0113854129062495,12082719.4,1212.5700000000002,1179.929,1,0.5785876729572823,73.23698235590899,15.36086762790173,0.1849266164220546,0.1239190797302658,0.3088456961523205,1,RELIANCE,1
2023-12-19,1277.5,1286.95,1262.6,1279.05,16820604,0.0147163823879412,0.0553217821782177,0.0040812634239759,12495417.4,1217.7875,1182.33,1,0.0636550281866495,77.01059300702394,16.152948511623038,0.1677416832805597,0.1366248387475079,0.3043665220280677,0,RELIANCE,1
2023-12-20,1285.5,1299.4,1260.0,1263.6,17736722,-0.0120792775888355,0.0382908792111749,0.0111144040088633,12626845.4,1221.495,1184.62,1,-0.5558375493442257,68.36446464157878,17.813452189364256,0.1820196264640709,0.126068376068376,0.3080880025324469,0,RELIANCE,1
2023-12-21,1263.5,1286.75,1259.1,1281.3,13765454,0.0140075973409308,0.0399318237156074,0.0113090110650171,13189181.2,1225.855,1187.162,1,0.6437612787066408,72.21336473226475,18.51606274726682,0.1656910949816592,0.1381409505970498,0.3038320455787091,1,RELIANCE,1
2023-12-22,1279.8,1290.45,1273.8,1282.5,16541784,0.0009365488176071,0.027808943740984,0.0112810287883658,13822870.2,1230.0925,1189.362,1,0.1621621524226953,72.45801704067586,18.38277255103348,0.1646003898635477,0.1389473684210526,0.3035477582846003,1,RELIANCE,1
2023-12-26,1284.0,1296.0,1281.35,1289.0,7465664,0.0050682261208576,0.0226100753669178,0.0109847384838682,13862822.8,1234.695,1191.648,1,0.3412969050309258,73.8034859165008,18.11614594024538,0.1587276958882854,0.143289371605896,0.3020170674941815,1,RELIANCE,1
2023-12-27,1291.0,1299.95,1286.55,1293.4,9204156,0.0034134988363072,0.0112192642977211,0.0094152629730452,13863526.0,1239.505,1194.023,1,0.1791044642459411,74.70432801751136,17.779278373085003,0.1547858357816605,0.1462038039276327,0.3009896397092932,0,RELIANCE,1
2023-12-28,1294.9,1306.0,1293.4,1302.8,12302636,0.0072676666151227,0.0310224754669199,0.0049706419005214,14090671.4,1244.6275,1196.639,1,0.6269840772234797,76.55889732449617,17.40932991786464,0.1464537918329751,0.1523641387780165,0.2988179306109917,0,RELIANCE,1
2023-12-29,1305.55,1307.0,1289.65,1292.5,10864584,-0.0079060485108996,0.0087411222976665,0.0058762933642152,13479894.4,1249.8175,1198.937,1,-0.7521613399330652,70.46281412826353,17.405092066588587,0.1555899419729206,0.1456092843326886,0.3011992263056092,0,RELIANCE,1
2024-01-01,1290.3,1303.4,1286.6,1295.1,4030540,0.0020116054158607,0.0098245614035086,0.005858455979483,12289733.2,1254.715,1201.599,1,0.2857142687074782,71.08862734931505,17.361871204689415,0.1532700177592464,0.1473245309242529,0.3005945486834993,0,RELIANCE,1
2024-01-02,1292.5,1307.5,1286.5,1305.85,7448800,0.0083005173345687,0.0130721489526763,0.006435575561199,11618094.4,1259.5025,1204.654,1,0.635714255442174,73.58099378816382,17.6217375472116,0.143776084542635,0.1543439139257954,0.2981199984684305,0,RELIANCE,1
2024-01-03,1305.0,1317.0,1288.6,1291.65,9037536,-0.0108741432783243,-0.0013530230400494,0.0087496931988733,10839787.6,1263.14,1207.496,1,-0.4700704059834317,65.54322427515861,18.39161343669649,0.1563504045213485,0.1450470328649402,0.3013974373862888,1,RELIANCE,1
2024-01-04,1294.0,1304.9,1289.55,1298.3,9612778,0.0051484535284325,-0.0034540988639852,0.0083366711547824,10027393.2,1266.5275,1210.83,1,0.2801302749100743,67.3423943700685,18.17435533407532,0.1504274820919663,0.1494261726873604,0.2998536547793268,0,RELIANCE,1
2024-01-05,1301.45,1309.9,1299.0,1303.85,8086406,0.0042748209196641,0.0087814313346228,0.007420721660157,9459488.4,1270.2949999999998,1214.327,1,0.2201834660381998,68.80632388676428,17.704758524498523,0.1455305441576868,0.15304674617479,0.2985772903324769,0,RELIANCE,1
2024-01-08,1305.0,1316.0,1284.5,1293.7,7734652,-0.0077846378034281,-0.0010809976063623,0.0085491518939207,8578775.2,1273.585,1217.936,1,-0.3587301473418986,63.22446642068137,18.690132915605773,0.1545180490067247,0.1464017933060215,0.3009198423127463,1,RELIANCE,1
2024-01-09,1300.0,1303.4,1288.6,1290.25,5403074,-0.0026667697302311,-0.0119462419113985,0.0071134919284295,8372516.2,1276.6125,1221.083,1,-0.6587837392713609,61.40113945907849,18.4122662787768,0.1576051152877348,0.1441193567138151,0.30172447200155,0,RELIANCE,1
2024-01-10,1288.5,1329.5,1287.5,1325.05,11102740,0.0269715171478395,0.0258583981728794,0.0132791548685328,8562374.6,1282.265,1224.4589999999998,1,0.8702380745181401,70.6086745891598,20.09710440172132,0.1272027470661484,0.1665974868872873,0.2938002339534357,1,RELIANCE,1
2024-01-11,1329.5,1362.5,1328.5,1359.9,23725852,0.0263008943058753,0.0474466610182546,0.0162909697033215,9704696.2,1289.41,1228.778,1,0.8941176207612492,76.62276843762422,21.336596944455515,0.09831605265093,0.1879549966909332,0.2862710493418633,0,RELIANCE,1
2024-01-12,1359.9,1373.3,1345.75,1370.7,15012164,0.0079417604235605,0.0512712351880968,0.016082692054922,10119454.2,1296.34,1233.2179999999998,1,0.3920145048270587,78.11714700110305,21.78041144842297,0.0896622163857881,0.1943532501641497,0.2840154665499379,0,RELIANCE,1
2024-01-15,1375.0,1396.45,1366.0,1394.1,8610594,0.0170715692711751,0.0776068640333924,0.0126211697920099,10577459.6,1303.655,1237.898,1,0.6272577790719902,80.95747713483834,22.399667773535626,0.0713722114625923,0.2078760490639122,0.2792482605265045,0,RELIANCE,1
2024-01-16,1390.0,1396.3,1370.5,1374.6,9069024,-0.0139875188293522,0.0653749273396628,0.016900504569931,10739482.0,1309.36,1242.193,1,-0.5968992016705781,72.51105923437964,22.6425486468545,0.0865706387312672,0.1966390222610213,0.2832096609922886,0,RELIANCE,1
2024-01-17,1359.5,1386.3,1355.0,1361.6,12197382,-0.0094572966681216,0.0275838647598203,0.0171464094966117,11055466.6,1313.4875,1246.035,1,0.0670926496136505,67.45812885849595,23.26093802922204,0.0969447708578143,0.1889688601645123,0.2859136310223266,0,RELIANCE,1
2024-01-18,1351.4,1371.0,1351.25,1367.95,10279438,0.0046636310223266,0.005919552908302,0.0127826318375845,11122132.6,1318.7050000000002,1250.156,1,0.8379746411152057,68.60882764896775,23.010156741420463,0.0918527723966518,0.1927336525457802,0.2845864249424321,0,RELIANCE,1
2024-01-19,1376.0,1376.0,1359.0,1367.45,10422704,-0.0003655104353229,-0.0023710512876632,0.0122224326911406,11355762.4,1323.0125,1254.146,1,-0.5029411468858122,68.40372095962277,22.580859831319003,0.0922520019013491,0.192438480383195,0.2846904822845442,0,RELIANCE,1
2024-01-20,1365.0,1383.5,1350.0,1356.65,7283394,-0.0078979121722914,-0.0268632092389353,0.0074677482832867,11310636.6,1326.72,1258.1729999999998,1,-0.2492537239028712,63.95617214349963,23.360798414796218,0.1009471860833669,0.1860096561382818,0.2869568422216488,0,RELIANCE,1
2024-01-23,1371.75,1371.75,1322.55,1328.6,20055420,-0.0206759296797259,-0.0334642805179689,0.0096645136645146,12775871.2,1328.7,1261.596,0,-0.8770325024993405,54.11489215873696,25.206455670882207,0.1241908776155351,0.1688243263585729,0.2930152039741081,1,RELIANCE,1
2024-01-24,1335.2,1349.5,1323.9,1343.9,21919128,0.0115158813788951,-0.012999412455934,0.0123673659093383,13857510.0,1331.225,1265.168,1,0.339843736724857,57.91856306352711,25.234565980104897,0.1113922166827887,0.1782870749311705,0.2896792916139593,1,RELIANCE,1
2024-01-25,1342.95,1364.15,1335.2,1353.1,11808872,0.0068457474514471,-0.0108556599290911,0.0127191471616198,12665812.0,1333.74,1269.084,1,0.3506044783901682,60.06241157859185,25.499954124383123,0.1038356366861281,0.1838740669573571,0.2877097036434853,1,RELIANCE,1
2024-01-29,1364.5,1452.5,1360.2,1448.05,23893438,0.0701721971768531,0.0589418260265457,0.0349086242336808,13553939.4,1341.5175000000002,1274.481,1,0.9052004235622922,74.50086777736138,30.77852882978433,0.0314560961292772,0.2373882117330202,0.2688443078622975,0,RELIANCE,1
2024-01-30,1459.95,1460.0,1404.4,1407.6,14093978,-0.0279341182970201,0.037555743928058,0.0387060862831574,14102277.8,1347.1425,1279.0259999999998,1,-0.941546745655638,63.90195521375497,32.55149105622831,0.0610969025291276,0.2154731457800511,0.2765700483091787,0,RELIANCE,1
2024-01-31,1404.0,1434.25,1402.5,1426.6,15130226,0.013498152884342,0.0737618545837723,0.0352421393579938,14708398.0,1353.1799999999998,1284.002,1,0.7118110012028003,66.32534301303477,32.49424169506914,0.0469648114397869,0.2259217720454226,0.2728865834852095,1,RELIANCE,1
2024-02-01,1435.0,1443.35,1418.05,1426.65,13349362,3.504836674617096e-05,0.0615745219138328,0.0358794488908865,14823596.0,1359.9299999999998,1289.041,1,-0.3300395126466565,66.33174862881542,31.980367288278483,0.0469281183191391,0.2259489012722112,0.2728770195913503,1,RELIANCE,1
2024-02-02,1433.2,1474.9,1433.2,1457.7,19652588,0.0217642729471139,0.0773039686645482,0.0359095556921457,15760911.0,1367.9,1294.406,1,0.5875299619297365,70.13143961916938,33.14248391054431,0.0246278383755229,0.2424367153735337,0.2670645537490567,0,RELIANCE,1
2024-02-05,1460.75,1470.5,1431.5,1439.0,8814432,-0.0128284283460246,-0.0062497841925347,0.019967442701114,15600083.8,1374.6575,1299.304,1,-0.5576922933925054,65.34816002319985,33.560877916934,0.0379430159833216,0.2325920778318277,0.2705350938151494,0,RELIANCE,1
2024-02-06,1441.85,1441.85,1419.8,1427.8,9047984,-0.0077831827658095,0.0143506678033533,0.0144732212160107,15776542.8,1381.3625,1303.9049999999995,1,-0.6371881797193562,62.59450019498717,32.73867235143871,0.0460848858383526,0.226572349068497,0.2726572349068497,1,RELIANCE,1
2024-02-07,1435.9,1449.5,1429.25,1442.15,9296568,0.0100504272307047,0.0109000420580402,0.0139156679145116,14700657.6,1388.9575,1308.809,1,0.3086419600670637,64.64985447990279,31.950195754907377,0.0356759005651283,0.2342682799986132,0.2699441805637416,0,RELIANCE,1
2024-02-08,1450.0,1459.5,1427.5,1450.1,14694634,0.0055126027112295,0.016437107910139,0.0139135463718362,13978208.2,1395.21,1313.8670000000002,1,0.0031249999023409,65.77195868315775,31.95375320098542,0.0299979311771601,0.2384663126680918,0.268464243845252,0,RELIANCE,1
2024-02-09,1454.0,1472.0,1450.95,1460.75,12556798,0.0073443210813048,0.0020923372436028,0.0101172050459078,14053000.8,1400.2525,1319.075,1,0.3206650679018977,67.27076330166086,31.23562797234361,0.0224884477152147,0.2440184836556563,0.2665069313708711,0,RELIANCE,1
2024-02-12,1460.75,1461.0,1442.35,1452.35,6674430,-0.0057504706486394,0.009277275886032,0.0080841130248083,12331100.0,1404.3349999999998,1324.348,1,-0.4504021206218728,64.85839542377818,30.33665454574765,0.0284022446380004,0.2396460908183289,0.2680483354563294,1,RELIANCE,1
2024-02-13,1455.5,1479.0,1454.0,1465.1,7715594,0.0087788756153819,0.0261241070177895,0.0063431618754704,11693261.6,1407.885,1329.707,1,0.3839999846399969,66.80427060619331,30.07332207819425,0.0194525970923486,0.2462630537164698,0.2657156508088185,0,RELIANCE,1
2024-02-14,1457.5,1483.65,1457.5,1481.4,7117888,0.0111255204422906,0.0272163089831154,0.0065636198233564,10892027.8,1413.225,1335.1329999999998,1,0.9139579000398512,69.15569230434369,29.793084786894667,0.0082354529499121,0.2545565006075335,0.2627919535574456,0,RELIANCE,1
2024-02-15,1483.35,1484.7,1466.5,1470.6,10006782,-0.0072904009720535,0.014136956071995,0.0086693453975397,10557769.8,1418.675,1340.167,1,-0.7005494120577228,65.8284621037625,28.96500730211648,0.0156398748810009,0.2490820073439412,0.2647218822249422,0,RELIANCE,1
2024-02-16,1476.5,1477.0,1458.55,1460.6,9767498,-0.0067999456004351,-0.0001026869758685,0.0091282826001328,9569260.8,1423.3075,1344.7680000000005,1,-0.861788571176774,62.81491078752782,28.213935351965308,0.0225934547446255,0.2439408462275777,0.2665343009722032,0,RELIANCE,1
2024-02-19,1462.05,1479.5,1453.5,1474.0,6729828,0.0091743119266056,0.0149068750645506,0.0092123948087475,9360800.4,1428.635,1349.678,1,0.4596153669378722,65.11921898336415,28.055797112539214,0.0132971506105833,0.2508141112618725,0.2641112618724558,0,RELIANCE,1
2024-02-20,1475.0,1475.5,1461.8,1471.0,7117496,-0.0020352781546811,0.0040270288717494,0.008774849944876,9167751.6,1434.3525,1354.54,1,-0.2919707816079712,64.16061029094334,27.03038303307213,0.0153636981645138,0.2492861998640381,0.264649898028552,0,RELIANCE,1
2024-02-21,1474.0,1488.5,1457.55,1467.7,12720292,-0.0022433718558803,-0.0092480086404752,0.0066299290172152,9510124.0,1441.3075,1359.3,1,-0.2035541129707861,63.06092134436846,27.31035567356698,0.0176466580363833,0.2475982830278668,0.2652449410642502,1,RELIANCE,1
2024-02-22,1468.15,1484.95,1458.0,1481.75,18493728,0.0095728009811268,0.0075819393444853,0.0074070848021407,9890033.4,1448.2,1364.695,1,0.5046382001989493,65.75232900374886,27.28461598259792,0.0079973004892862,0.2547325797199258,0.262729880209212,0,RELIANCE,1
2024-02-23,1489.5,1497.55,1483.35,1493.6,14438584,0.0079973004892861,0.0225934547446255,0.0060826865489331,10078212.0,1455.225,1370.227,1,0.288732374032924,67.87812241766332,26.46428626955521,0.0,0.260645420460632,0.260645420460632,0,RELIANCE,1
2024-02-26,1493.55,1494.5,1482.5,1487.3,7513106,-0.004217996786288,0.0090230664857531,0.0064439194039299,10162079.6,1457.1874999999998,1375.331,1,-0.5208332899305592,65.5486340667419,25.43112296458698,0.0042358636455321,0.2575136152760035,0.2617494789215356,0,RELIANCE,1
2024-02-27,1483.0,1499.95,1478.05,1485.65,10826044,-0.001109392859544,0.0099592114208022,0.0063176922303158,10473124.6,1461.09,1380.0880000000002,1,0.1210045606847269,64.92023019599415,25.17889989568792,0.0053511930804697,0.2566889913505873,0.2620401844310571,0,RELIANCE,1
2024-02-28,1483.0,1491.3,1450.2,1455.6,8647950,-0.0202268367381281,-0.0082441915922873,0.0119477326034065,10626130.8,1462.54,1383.99,0,-0.6666666504460707,54.64541240992328,26.316121331710203,0.0261060730970046,0.2413437757625721,0.2674498488595768,1,RELIANCE,1
2024-02-29,1465.0,1479.0,1454.5,1460.8,23628976,0.0035724100027481,-0.0141386873629154,0.0107906529602499,11988350.2,1464.2475,1387.625,0,-0.171428564431489,55.94478863928938,26.18639837944519,0.0224534501642935,0.2440443592552026,0.2664978094194961,1,RELIANCE,1
2024-03-01,1463.5,1500.0,1462.5,1492.1,12132926,0.0214266155531215,-0.0010042849491161,0.014999562423067,12224893.0,1465.9675,1392.195,1,0.762666646328887,62.84492287660426,27.115941352341967,0.0010052945513035,0.2599021513303398,0.2609074458816433,0,RELIANCE,1
2024-03-02,1492.0,1500.45,1488.0,1491.1,716300,-0.0006701963675357,0.0025549653734955,0.014839774905181,11623540.2,1468.5724999999998,1396.391,1,-0.0722891508201555,62.508072757414,26.06837411288897,0.0016766145798403,0.2594058077929045,0.2610824223727449,0,RELIANCE,1
2024-03-04,1490.5,1512.45,1487.2,1507.4,10024420,0.0109315270605594,0.0146400565409079,0.0154574658093637,11914232.6,1472.5525,1400.889,1,0.6693069041858688,65.73228716534564,26.00991881911119,0.0,0.2674140904869312,0.2674140904869312,0,RELIANCE,1
2024-03-05,1505.8,1507.4,1486.05,1500.2,7107668,-0.0047764362478439,0.0306402857928003,0.0103533796636587,11352970.2,1475.455,1405.1130000000005,1,-0.2622950696817238,63.148945622703096,25.67706747488897,-0.0043994134115452,0.2638981469137449,0.2594987335021996,0,RELIANCE,1
2024-03-06,1493.45,1509.0,1478.5,1503.0,7805676,0.0018664178109584,0.0288882803943044,0.0104846475141497,10284165.0,1478.1,1409.305,1,0.313114743832302,63.74566919688368,26.02156265525404,0.0029274783765802,0.2652694610778443,0.2681969394544246,0,RELIANCE,1
2024-03-07,1503.0,1503.1,1475.55,1478.9,8315726,-0.0160345974717232,-0.0088465920514709,0.0098523313659095,9671879.2,1479.0075,1412.8269999999998,0,-0.8747731079937147,55.42642555317909,26.13073675130732,0.0099398201365878,0.2532963689228481,0.263236189059436,0,RELIANCE,1
2024-03-11,1489.0,1489.0,1463.5,1466.6,11277130,-0.008316992359186,-0.0164308228824358,0.0102315994605743,10048281.6,1479.72,1416.309,0,-0.8784313381007354,51.71674037141018,26.08568412621394,0.0184099277239874,0.2470339560889131,0.2654438838129005,1,RELIANCE,1
2024-03-12,1466.6,1488.0,1465.0,1475.4,9432678,0.0060002727396701,-0.0212286055459731,0.0086338423068797,9908945.0,1480.235,1419.915,0,0.3826086790170218,54.084521433660505,25.86527811719866,0.0123356377931407,0.2515250101667345,0.2638606479598752,0,RELIANCE,1
2024-03-13,1479.8,1483.1,1427.8,1432.2,13522134,-0.0292801952013013,-0.0453272896947073,0.0141792852678047,10396363.4,1477.775,1422.4419999999998,0,-0.8607594781056144,42.94954532558528,27.96775825168447,0.0428711073872363,0.2289484708839548,0.2718195782711911,0,RELIANCE,1
2024-03-14,1439.7,1448.5,1425.5,1431.5,18571102,-0.0004887585532746,-0.0475715236194278,0.0137544590372374,9890576.0,1475.82,1425.239,0,-0.3565217236294922,42.79579488385174,27.61291837656415,0.0433810688089416,0.2285714285714286,0.2719524973803702,0,RELIANCE,1
2024-03-15,1425.95,1433.2,1412.9,1418.2,19223818,-0.0092909535452322,-0.041044019203462,0.0132915491717329,10599665.2,1473.7,1427.6370000000002,0,-0.3817733802082087,39.87502680287811,27.09056706395242,0.0531659850514736,0.2213369059371034,0.274502890988577,1,RELIANCE,1
2024-03-18,1420.0,1441.7,1416.5,1439.5,9169392,0.0150190382174586,-0.0184781126414836,0.0168847023395246,11444974.4,1471.975,1430.35,0,0.7738094931027965,46.206938949814266,26.9555265593844,0.0375824939215004,0.2328586314692602,0.2704411253907606,0,RELIANCE,1
2024-03-19,1428.75,1437.6,1417.25,1425.25,8275764,-0.0098992705800625,-0.03399078216077,0.0161017932593185,11270108.8,1469.6875,1432.981,0,-0.1719901635385676,42.948232609162645,26.619417519428367,0.047956498859849,0.2251885634099281,0.2731450622697772,1,RELIANCE,1
2024-03-20,1427.95,1445.0,1424.0,1443.75,8488806,0.0129801789159795,0.0080645161290322,0.0118824193045007,11408222.6,1468.49,1436.0510000000002,0,0.7523809165532875,48.06869102628228,26.21803055375491,0.0345281385281384,0.2351168831168831,0.2696450216450216,1,RELIANCE,1
2024-03-21,1452.5,1457.9,1444.7,1451.0,13006936,0.0050216450216449,0.013622074746769,0.01188837182425,11928348.6,1466.9525,1438.57,0,-0.1136363550275484,49.963971690251874,25.356028371343854,0.0293590627153686,0.2389386629910407,0.2682977257064093,0,RELIANCE,1
2024-03-22,1450.0,1460.0,1447.35,1455.0,19527608,0.0027567195037905,0.0259483852771118,0.0098859892774227,13049536.8,1465.0225,1440.4720000000002,0,0.395256885750441,51.02595312134895,24.448454916247872,0.026529209621993,0.2410309278350516,0.2675601374570446,0,RELIANCE,1
2024-03-26,1445.0,1452.4,1439.0,1441.6,11415906,-0.0092096219931272,0.0014588398749564,0.0097924702132941,13063414.4,1462.7375,1441.89,0,-0.2537313243484137,47.39674323678313,23.844993850801597,0.0360710321864594,0.2339761376248612,0.2700471698113207,1,RELIANCE,1
2024-03-27,1448.0,1500.0,1447.0,1492.85,16326644,0.0355507769145393,0.0474302753902824,0.0166305443773393,13752811.0,1463.0975,1443.865,1,0.8462263991278021,59.31534590746228,26.313208575744344,0.0005023947483002,0.2602739726027397,0.2607763673510399,0,RELIANCE,1
2024-03-28,1492.9,1505.95,1478.65,1485.85,21854364,-0.0046890176508022,0.0291601731601731,0.017537440641138,14586034.0,1464.61,1446.09,1,-0.2582417487823606,57.40227670386443,26.383693677476888,0.0052158697042097,0.2567890433085439,0.2620049130127536,0,RELIANCE,1
2024-04-01,1492.5,1494.0,1482.5,1484.8,5013880,-0.0007066662179896,0.0232942798070296,0.0177932703229684,13230311.8,1465.81,1448.554,1,-0.669565159168251,57.10475965088545,25.32057270051425,0.005926724137931,0.2562634698275862,0.2621901939655172,0,RELIANCE,1
2024-04-02,1484.0,1494.0,1475.0,1486.95,8910166,0.0014480064655173,0.021958762886598,0.0178393125975325,12198946.6,1465.5525,1450.934,1,0.1552631497229945,57.58947882481602,24.86910322190609,0.0044722418373179,0.2573388479774035,0.2618110898147214,0,RELIANCE,1
2024-04-03,1482.1,1484.45,1468.9,1471.6,7008292,-0.0103231446921552,0.0208102108768035,0.0180585211641153,11982836.6,1464.5775,1453.017,1,-0.6752411141324063,52.985895818226965,24.382024420341367,0.0149497145963577,0.2495922805110084,0.2645419951073661,0,RELIANCE,1
2024-04-04,1479.75,1479.75,1450.0,1462.9,14490272,-0.0059119325903777,-0.0200622969487891,0.0045997970700949,12604287.4,1462.3525,1455.1419999999998,1,-0.5663865355836428,50.52088226008594,24.765451247459843,0.0209857133091802,0.2451295372205893,0.2661152505297696,0,RELIANCE,1
2024-04-05,1460.9,1470.8,1456.0,1460.1,7442298,-0.0019140064255931,-0.0173301477268903,0.0046682940480272,12499636.6,1460.3475,1457.7720000000002,0,-0.0540540504017658,49.71919209428012,24.053633301212702,0.0229436339976713,0.2436819395931785,0.2666255735908499,1,RELIANCE,1
2024-04-08,1463.0,1491.0,1461.0,1486.0,8357118,0.0177385110608863,0.0008081896551723,0.0107438113288705,12034654.8,1459.4975,1460.614,1,0.7666666411111119,56.58240961121373,24.542659493983237,0.0051144010767159,0.256864064602961,0.261978465679677,0,RELIANCE,1
2024-04-09,1489.0,1489.8,1462.5,1463.65,7071414,-0.0150403768506055,-0.0156696593698509,0.0126323298155366,10789035.4,1458.735,1462.825,1,-0.9285713945578226,50.21293553349736,24.739612387270142,0.0204625422744507,0.2455163461209989,0.2659788883954497,1,RELIANCE,1
2024-04-10,1466.35,1487.0,1466.35,1479.6,9138330,0.0108974139992483,0.0054362598532209,0.0131489356207787,10561277.8,1459.385,1463.456,1,0.6416464580316457,54.17727546856837,24.640354359607983,0.0094620167612868,0.2536496350364963,0.2631116517977832,0,RELIANCE,1
2024-04-12,1475.9,1486.5,1463.1,1467.15,15551012,-0.0084144363341442,0.0029051883245607,0.0135273122436702,10483714.6,1458.9725,1464.647,1,-0.3739316079516392,50.77846253838796,24.55175761963599,0.0180281498142656,0.2473162253348329,0.2653443751490985,0,RELIANCE,1
2024-04-15,1461.0,1482.1,1446.3,1464.8,12902062,-0.0016017448795284,0.0032189576056433,0.0135132092246688,9588484.4,1460.6025,1465.411,1,0.1061452484316958,50.139067084601706,25.355203503947703,0.0196613872200982,0.2461086837793555,0.2657700709994538,0,RELIANCE,1
2024-04-16,1453.35,1471.2,1450.9,1465.75,9366184,0.0006485527034407,-0.0136271870794077,0.0097755856343863,10023714.8,1462.315,1466.193,1,0.6108374083331384,50.41090909280253,24.994117539380007,0.0190005116834384,0.2465973051338905,0.2655978168173289,0,RELIANCE,1
2024-04-18,1463.5,1486.0,1459.35,1464.3,19005692,-0.0009892546477913,0.0004440952413486,0.0069545447011421,11033267.4,1464.62,1466.325,0,0.0300187605996694,49.96315955679009,25.112394857995728,0.0200095608823328,0.2458512599877074,0.2658608208700402,0,RELIANCE,1
2024-04-19,1456.8,1474.0,1443.0,1470.1,15741778,0.0039609369664685,-0.0064206542308732,0.0045352774711992,11906616.0,1466.15,1466.947,1,0.4290322442247648,51.80706507969299,25.532938082424604,0.0159853071219644,0.2488266104346642,0.2648119175566288,0,RELIANCE,1
2024-04-22,1472.45,1482.8,1467.8,1479.85,10350362,0.0066322018910278,0.0086562382851105,0.0034883040675237,11492625.0,1468.88,1467.9879999999998,1,0.4933333004444376,54.82108350767805,24.78058536225142,0.0092914822448221,0.2537757205122141,0.2630672027570361,0,RELIANCE,1
2024-04-23,1479.0,1493.5,1455.55,1459.3,14605554,-0.0138865425549886,-0.0037547788093937,0.0079257347973438,12208950.6,1469.6575,1468.331,0,-0.5191040706428446,48.00629185304304,25.72125783637632,0.0235044199273624,0.2432673199479202,0.2667717398752826,0,RELIANCE,1
2024-04-24,1463.5,1468.55,1449.5,1450.2,10462776,-0.006235866511341,-0.01060890329183,0.0082196102489832,12419516.4,1469.6174999999998,1468.333,0,-0.6981626930098316,45.31967342598329,25.24473941949229,0.0299269066335676,0.2385188249896566,0.2684457316232243,0,RELIANCE,1
2024-04-25,1442.5,1468.0,1441.5,1460.0,15943926,0.0067576885946765,-0.0029365567165198,0.0091587013417338,13306767.6,1469.8674999999998,1468.318,0,0.6603773335706666,48.65238313609093,25.33440088952856,0.0230136986301369,0.2436301369863014,0.2666438356164383,0,RELIANCE,1
2024-04-26,1463.95,1465.0,1450.0,1452.55,9413848,-0.0051027397260274,-0.01193796340385,0.008935852466599,13334319.4,1470.4150000000002,1468.322,0,-0.7599999493333428,46.3401140856115,24.59622939741937,0.0282606450724587,0.2397507831055729,0.2680114281780317,0,RELIANCE,1
2024-04-29,1450.0,1467.9,1450.0,1465.0,7247974,0.008571133523803,-0.0100348008244077,0.0094512337380976,12504015.6,1469.0224999999998,1468.32,0,0.8379887800006225,50.56815185461068,24.11792729760371,0.0195221843003412,0.2462116040955631,0.2657337883959044,0,RELIANCE,1
2024-04-30,1468.0,1483.1,1462.9,1467.0,11474262,0.0013651877133105,0.0052765024326733,0.006711600718999,12361235.6,1468.08,1468.0320000000002,0,-0.0495049480443099,51.23290639803073,23.83807534777486,0.0181322426721199,0.247239263803681,0.2653715064758009,0,RELIANCE,1
2024-05-02,1472.0,1477.3,1464.1,1466.55,14512646,-0.0003067484662576,0.011274306992139,0.0055149429762396,12875881.8,1467.1675,1467.951,0,-0.4128787566000962,51.0665046819862,23.078212822933803,0.0184446490061709,0.2470082847499232,0.2654529337560942,0,RELIANCE,1
2024-05-03,1471.0,1474.95,1416.15,1434.0,17226958,-0.0221949473253554,-0.0178082191780821,0.0115286962515056,12698008.4,1464.52,1467.419,0,-0.6292516899787133,40.75517387991594,25.6297690498671,0.0415620641562063,0.2299163179916318,0.2714783821478382,0,RELIANCE,1
2024-05-06,1435.5,1440.0,1418.0,1419.5,7394208,-0.0101115760111576,-0.022753089394513,0.0119104261133917,11863251.4,1461.915,1466.329,0,-0.7272726942148775,37.15595160353755,25.37049983201945,0.0522014793941528,0.2220500176118351,0.274251497005988,0,RELIANCE,1
2024-05-07,1416.0,1420.75,1392.0,1401.5,14517472,-0.0126805213103204,-0.0433447098976109,0.0096393546794691,12279962.4,1458.845,1464.939,0,-0.5043478085444241,33.232420672407414,25.61189270116092,0.0657153050303245,0.212058508740635,0.2777738137709596,1,RELIANCE,1
2024-05-08,1397.5,1432.95,1397.5,1418.55,9439002,0.0121655369247235,-0.0330265848670756,0.0130791187449514,11763307.2,1456.7675,1463.9559999999997,0,0.5937940594134237,39.72507029020103,26.314614651078,0.0529061365478833,0.2215290261182193,0.2744351626661027,0,RELIANCE,1
2024-05-09,1413.0,1423.75,1390.0,1394.1,11009612,-0.0172359099080047,-0.0494016569499846,0.0132248170494977,11817990.8,1452.1725,1462.203,0,-0.5599999834074106,34.53830579692124,26.845713604572428,0.0713722114625923,0.2078760490639122,0.2792482605265045,0,RELIANCE,1
2024-05-10,1396.75,1410.0,1388.1,1407.4,10505096,0.0095402051502762,-0.0185495118549511,0.0135276652030727,11274107.8,1449.36,1460.479,0,0.4863013476574748,39.189533993926986,26.49244834710297,0.0612476907773197,0.2153616597982095,0.2766093505755292,0,RELIANCE,1
2024-05-13,1399.9,1407.0,1384.0,1402.7,8456620,-0.0033394912604803,-0.0118351532229658,0.0130514259991126,11178385.0,1445.515,1458.787,0,0.1217391251417751,38.157737789637146,26.27155917945277,0.0648035930705067,0.2127325871533471,0.2775361802238539,1,RELIANCE,1
2024-05-14,1401.0,1427.1,1400.0,1420.1,7188300,0.0124046481785127,0.0132714948269709,0.0128887616330872,11172417.6,1443.1625,1457.4759999999997,0,0.7047970219632085,44.03256752380764,26.330733523777564,0.0517569185268643,0.2223787057249489,0.2741356242518132,0,RELIANCE,1
2024-05-15,1420.5,1430.0,1413.0,1416.3,5046534,-0.0026758678966269,-0.0015861266786507,0.0118315101272269,10529644.8,1440.7375,1456.69,0,-0.2470588089965433,43.07027612450964,25.66425255779345,0.0545788321683258,0.2202923109510697,0.2748711431193956,0,RELIANCE,1
2024-05-16,1418.55,1427.5,1398.0,1425.35,14711774,0.0063898891477793,0.0224158955598594,0.0071484786946204,10549557.6,1438.7175000000002,1455.981,0,0.2305084667624233,46.09187287156463,25.93823451795106,0.0478829761111306,0.2252429227908934,0.273125898902024,1,RELIANCE,1
2024-05-17,1423.05,1437.2,1413.25,1435.7,10916476,0.0072613743992704,0.0201080005684239,0.0068084737524131,9918509.4,1437.2875,1454.853,0,0.5281836940215604,49.39958681506903,25.796217766668843,0.040328759490144,0.2308281674444522,0.2711569269345963,1,RELIANCE,1
2024-05-18,1437.5,1439.5,1432.7,1434.8,426040,-0.0006268719091733,0.0228844371569116,0.0061531579052676,9221692.6,1435.5225,1453.727,0,-0.3970587651384262,49.11736175469326,24.43934506904964,0.0409813214385279,0.2303456927794814,0.2713270142180095,0,RELIANCE,1
2024-05-21,1425.6,1441.8,1425.6,1436.1,11176128,0.0009060496236408,0.0112668121963241,0.0043760518870713,8887558.2,1433.335,1452.3010000000002,1,0.6481481081390038,49.565575175812434,23.85082042126038,0.0400389944989903,0.2310424065176519,0.2710814010166423,1,RELIANCE,1
2024-05-22,1436.3,1468.8,1436.3,1460.65,10281604,0.0170949098252211,0.0313139871496153,0.0069730480372586,8971818.4,1433.4025,1451.51,1,0.7492307461775197,57.228020865430864,24.48290467688464,0.0225584500051345,0.2439667271420258,0.2665251771471604,0,RELIANCE,1
2024-05-23,1458.55,1492.2,1455.0,1486.05,14608260,0.0173895183651113,0.0425860315010349,0.0085929178610772,9331683.2,1435.1950000000002,1451.1709999999998,1,0.7392472919557171,63.42026164687695,25.391268628535737,0.0050805827529356,0.2568890683355203,0.2619696510884559,0,RELIANCE,1
2024-05-24,1483.6,1488.5,1476.1,1480.25,7094776,-0.0039029642340432,0.0310301595040747,0.0102542975644367,8990651.2,1436.2075,1451.198,1,-0.2701612685353722,61.24002900732936,24.463320869354614,0.0090187468333051,0.2539773686877217,0.2629961155210268,0,RELIANCE,1
2024-05-27,1480.2,1484.9,1461.55,1466.25,6629010,-0.0094578618476608,0.0219194312796209,0.0122787966254447,8807890.2,1436.8925,1451.1909999999998,1,-0.5974303812663633,56.21634686147903,24.383797950115014,0.0186530264279624,0.2468542199488491,0.2655072463768115,0,RELIANCE,1
2024-05-28,1468.0,1478.5,1452.75,1456.2,7820162,-0.006854219948849,0.0139962398161688,0.0132813106385202,8871076.4,1436.4525,1450.807,1,-0.4582524093882542,52.86385084164304,24.48138381082109,0.0256832852630132,0.2416563658838072,0.2673396511468204,0,RELIANCE,1
2024-05-29,1446.5,1458.0,1438.45,1440.8,7383556,-0.0105754704024173,-0.0135898401396639,0.0115106818326377,9104778.6,1435.1425000000002,1450.979,1,-0.2915600873882338,48.127555293619054,24.129142110048143,0.036646307606885,0.2335508051082732,0.2701971127151582,0,RELIANCE,1
2024-05-30,1435.5,1440.4,1420.1,1424.85,13206858,-0.0110702387562465,-0.0411830019178358,0.0029829015655592,8954287.0,1433.0575,1450.846,0,-0.5246305160280531,43.755027213951095,23.884203387901856,0.0482506930554093,0.2249710495841667,0.2732217426395761,1,RELIANCE,1
2024-05-31,1431.3,1442.25,1422.25,1430.4,31069832,0.003895146857564,-0.0336767437932781,0.0062036615528101,10969622.6,1432.8775,1451.0899999999997,0,-0.0449999977499932,45.60685235549386,23.606760288766008,0.0441834451901564,0.2279781879194631,0.2721616331096196,1,RELIANCE,1
2024-06-03,1483.0,1514.5,1459.0,1510.3,21527942,0.0558585011185681,0.0300426257459505,0.0283784972254136,13079812.8,1437.4175,1452.506,1,0.4918918830289743,63.98882279370962,27.92770598242557,0.0,0.2688207640866053,0.2688207640866053,0,RELIANCE,1
2024-06-04,1498.05,1498.05,1359.3,1397.3,36709098,-0.0748195722704098,-0.0404477406949596,0.046631948986661,15633109.8,1437.2075,1451.947,0,-0.7261261208927847,42.24487988733555,36.718584126538026,0.0689186287840835,0.2096901166535461,0.2786087454376297,1,RELIANCE,1
2024-06-05,1422.0,1431.15,1384.1,1420.75,17464890,0.0167823659915551,-0.0139158800666295,0.0477493769631942,16351438.4,1437.3175,1451.487,0,-0.026567480838098,46.3213551284467,37.4565424032139,0.0512757346471933,0.2227344712299842,0.2740102058771775,1,RELIANCE,1
2024-06-06,1435.0,1443.7,1421.35,1431.6,17855722,0.0076368115431988,0.0047373407727129,0.0475809435083177,16676184.6,1439.1925,1451.099,0,-0.1521252728355614,48.14506596287964,36.42036080298434,0.043308186644314,0.2286253143336127,0.2719335009779268,1,RELIANCE,1
2024-06-07,1428.5,1472.0,1426.5,1469.95,18558696,0.0267882089969266,0.0276496085011186,0.0489074442465275,17822576.6,1442.32,1451.398,1,0.910988990967276,54.08315599929015,37.06890645991403,0.0160889826184563,0.248749957481547,0.2648389401000033,1,RELIANCE,1
2024-06-10,1469.95,1493.35,1468.1,1471.4,9251760,0.0009864281097997,-0.0257564722240613,0.0404788009134724,18084851.6,1445.755,1451.994,1,0.0574257402999724,54.29626202540872,36.22469885563446,0.0150876716052737,0.2494902813646867,0.2645779529699605,0,RELIANCE,1
2024-06-11,1469.0,1473.7,1454.7,1456.7,11774902,-0.0099904852521408,0.0425105560724254,0.0141609981442331,18480325.6,1447.585,1451.2709999999995,1,-0.6473683869806088,51.67771131952378,34.99436322308914,0.0253312281183496,0.2419166609459738,0.2672478890643234,1,RELIANCE,1
2024-06-12,1457.5,1476.0,1455.2,1463.3,10081742,0.0045307887691357,0.0299489706141122,0.0133960668023791,18750144.2,1449.935,1450.82,1,0.2788461404400878,52.778842272028754,33.98048013572562,0.0207066220187247,0.2453358846442971,0.2660425066630219,0,RELIANCE,1
2024-06-13,1472.0,1472.25,1460.1,1465.25,9181160,0.0013326043873436,0.0235051690416319,0.0134986442056758,18347574.4,1451.9299999999998,1450.429,1,-0.5555555098308181,53.11875386855628,32.42116012603094,0.0193482340897457,0.2463402149803788,0.2656884490701245,0,RELIANCE,1
2024-06-14,1470.0,1479.7,1457.2,1477.55,8157998,0.0083944719331172,0.0051702438858463,0.0068562631359821,16056391.0,1454.0225,1450.241,1,0.3355555406419739,55.30425346096968,31.712505831314445,0.0108625765625528,0.2526141247335116,0.2634767012960644,0,RELIANCE,1
2024-06-18,1487.35,1487.4,1471.35,1481.0,7196766,0.0023349463639132,0.0065243985320102,0.0068795833485999,14623273.4,1456.3325,1450.429,1,-0.3956386046330986,55.92489889832958,30.593755414792,0.0085077650236326,0.2543551654287643,0.262862930452397,0,RELIANCE,1
2024-06-19,1487.5,1487.5,1456.0,1458.65,8725874,-0.0150911546252531,0.0013386421363354,0.009021016685486,11824951.0,1457.46,1450.344,1,-0.91587298679768,50.985571862253686,30.65848717087828,0.0239605114318032,0.2429301066054229,0.2668906180372261,0,RELIANCE,1
2024-06-20,1459.0,1482.85,1450.1,1473.7,16113776,0.010317759572207,0.0071072233991662,0.0100158531835155,11689839.6,1458.1125,1450.616,1,0.4488549481265679,53.93589041905838,30.807880944386973,0.013503426748999,0.2506616000542851,0.2641650268032842,0,RELIANCE,1
2024-06-21,1473.6,1474.7,1440.6,1454.2,31170360,-0.0132320010857026,-0.0075413751919467,0.0119855759779497,13021303.4,1456.52,1449.98,0,-0.5689149393280014,49.75681384905055,31.0430323055022,0.0270939348095171,0.2406133956814744,0.2677073304909915,0,RELIANCE,1
2024-06-24,1445.5,1449.5,1437.5,1441.5,8878386,-0.0087333241644891,-0.0243984975127744,0.0108616188046865,12053272.4,1454.5825,1449.537,0,-0.3333333055555579,47.19217474474134,30.018529997966333,0.0361429066944154,0.2339229968782518,0.2700659035726673,1,RELIANCE,1
2024-06-25,1443.0,1455.9,1441.0,1454.15,7045386,0.0087755809920222,-0.0181296421336933,0.0122273449813519,11832635.0,1453.9775,1449.0279999999998,1,0.7483220974280487,49.958936211475255,28.938634998111603,0.0271292507650516,0.2405872846680192,0.2677165354330708,1,RELIANCE,1
2024-06-26,1446.05,1519.0,1445.1,1514.0,22014882,0.0411580648488807,0.0379460460014395,0.0214222157075773,12856633.0,1456.8674999999998,1449.965,1,0.9194857791679862,60.50276686361287,32.150161069675065,-0.002443857331572,0.2706076618229855,0.2681638044914134,0,RELIANCE,1
2024-06-27,1513.75,1537.5,1506.0,1530.55,28383030,0.0109313077939232,0.0385763723960099,0.0214430128476577,14686761.8,1461.355,1451.28,1,0.5333333164021155,62.834760449821744,32.103720993269704,-0.0028421155793668,0.2784946587827905,0.2756525432034237,1,RELIANCE,1
2024-06-28,1531.0,1581.0,1531.0,1565.4,28957336,0.0227695926301003,0.0764681611882822,0.0184606155030964,16664379.4,1468.3825000000002,1453.273,1,0.6879999862400021,67.22325860802405,33.41416949375044,-0.0152676632170691,0.2945573016481411,0.2792896384310719,0,RELIANCE,1
2024-07-01,1562.5,1579.4,1555.7,1560.15,7724306,-0.0033537753928708,0.0823100936524454,0.0168166014514077,16621010.2,1474.87,1455.19,1,-0.0991561139596536,65.95969009585966,32.72030024419684,-0.0119539787840913,0.2921834438996251,0.2802294651155337,0,RELIANCE,1
2024-07-02,1569.5,1573.5,1557.0,1565.2,7749246,0.0032368682498478,0.0763676374514321,0.0175811277758671,16676258.2,1477.615,1457.092,1,-0.2606060448117521,66.60984145286096,31.561707369611355,-0.0151418349092767,0.2944671607462306,0.2793253258369537,0,RELIANCE,1
2024-07-03,1566.3,1575.0,1542.8,1552.4,9049620,-0.0081778686429848,0.0253632760898283,0.0122214592602146,16708632.8,1485.37,1458.543,1,-0.4316770052274173,63.30925259370512,31.6072997003534,-0.0070213862406596,0.2886498325173925,0.2816284462767328,1,RELIANCE,1
2024-07-04,1557.0,1567.5,1550.8,1554.0,6837176,0.0010306622004636,0.015321289732449,0.0118325324637899,15780972.8,1492.0325,1460.437,1,-0.1796407078059451,63.55237053701783,30.54249257889959,-0.008043758043758,0.2893822393822394,0.2813384813384814,0,RELIANCE,1
2024-07-05,1553.8,1598.5,1548.0,1588.6,12269710,0.0222651222651222,0.0148204931646862,0.0116231938679303,13890907.8,1499.8825,1463.205,1,0.6891088972453675,68.42481752845295,31.968028823263904,0.007742666498804,0.3048596248268916,0.3126022913256956,0,RELIANCE,1
2024-07-08,1589.0,1608.8,1582.5,1600.9,9500806,0.007742666498804,0.026119283402237,0.0111566828057111,13953149.8,1506.43,1466.023,1,0.4524714656854998,69.96212499843067,31.563169621602192,0.0,0.3102005122118809,0.3102005122118809,0,RELIANCE,1
2024-07-09,1597.6,1600.5,1580.5,1590.3,6960002,-0.006621275532513,0.0160362892921031,0.0123968002604163,13944611.4,1512.375,1468.7779999999998,1,-0.3649999817499986,66.93751161700291,30.76580036291633,0.0066654090423191,0.3056027164685908,0.31226812551091,0,RELIANCE,1
2024-07-10,1595.0,1597.5,1563.15,1584.2,7134578,-0.0038357542602024,0.0204844112342179,0.0115171843292638,12456581.0,1518.75,1471.1619999999998,1,-0.3144104711962012,65.19087586207985,31.02181462270801,0.010541598283045,0.3029289231157682,0.3134705213988134,0,RELIANCE,1
2024-07-11,1587.5,1604.25,1570.5,1580.65,11940946,-0.0022408786769346,0.0171492921492921,0.0118251215691316,10812372.6,1524.6175,1473.435,1,-0.202962956949243,64.14191827576619,31.2166850068003,0.0128111852718818,0.3013633631733781,0.3141745484452599,0,RELIANCE,1
2024-07-12,1584.5,1605.15,1574.5,1596.7,12924784,0.0101540505488249,0.0050988291577489,0.0074367994224761,9209117.4,1531.19,1476.0379999999998,1,0.3980424013689268,66.74706652720384,31.17620750631457,0.0026304252520824,0.3083860462203295,0.3110164714724119,0,RELIANCE,1
2024-07-15,1604.45,1605.85,1585.5,1597.2,5329688,0.0003131458633431,-0.0023111999500281,0.0064378456274208,8969655.6,1537.1725,1479.302,1,-0.3562653387584616,66.8279198266876,30.40290697014924,0.0023165539694465,0.3086025544703231,0.3109191084397696,0,RELIANCE,1
2024-07-16,1593.5,1600.0,1569.1,1576.25,9386838,-0.0131167042324067,-0.0088348110419417,0.0083629566285817,9133414.8,1541.935,1482.437,1,-0.5582524091180433,60.220788653918646,30.438413615138582,0.0156383822363204,0.2994131641554322,0.3150515463917526,0,RELIANCE,1
2024-07-18,1576.0,1593.9,1557.8,1586.7,12298374,0.006629659000793,0.001578083575306,0.0089947155978306,9458290.2,1548.3375,1486.1409999999998,1,0.2963988837562638,62.22689792458924,30.842812642628697,0.0089493918194996,0.3040272263187749,0.3129766181382745,0,RELIANCE,1
2024-07-19,1586.0,1590.0,1552.8,1555.15,13140390,-0.0198840360496628,-0.016132603675703,0.0128840142240819,10088611.6,1552.41,1488.8730000000005,1,-0.8293010529757747,53.46088135888118,31.29689745386951,-0.0087772883644665,0.2899077259428351,0.2811304375783686,0,RELIANCE,1
2024-07-22,1537.25,1537.5,1499.3,1500.7,19674376,-0.0350126997395749,-0.0601240057618839,0.016518458657579,10829078.2,1554.735,1491.005,0,-0.9568062576752266,42.367981079026606,33.05069049287884,0.0044645831945092,0.2641433997467849,0.2686079829412941,0,RELIANCE,1
2024-07-23,1501.0,1505.75,1463.0,1487.9,18052044,-0.0085293529686145,-0.0684322564487853,0.0152679807299669,11684202.0,1557.055,1492.6150000000002,0,-0.3064327413699922,40.25347405830666,33.74349831481607,0.0038309026144228,0.2578130250688891,0.261643927683312,0,RELIANCE,1
2024-07-24,1485.0,1509.5,1476.4,1495.7,11913362,0.0052422877881577,-0.0511022997620935,0.017563327871106,12179538.0,1559.1325000000002,1494.475,0,0.3232628301129077,42.14824711634339,33.69753414947206,-0.0014040248712978,0.2616834926790132,0.2602794678077154,0,RELIANCE,1
2024-07-25,1481.0,1500.5,1477.1,1492.4,12519876,-0.0022063247977535,-0.0594315245478035,0.0157874149805038,12718067.8,1558.0525000000002,1495.921,0,0.4871794663598538,41.54790652366751,32.96199599593835,0.0008040739748055,0.2600509246850711,0.2608549986598766,0,RELIANCE,1
2024-07-26,1492.4,1512.4,1490.35,1509.0,9859940,0.0111230233181451,-0.0296755939941485,0.0179027734234864,12509967.2,1556.975,1497.775,0,0.7528344329780199,45.735037362129376,32.1825677105142,0.0008614976805831,0.2681908548707754,0.2690523525513585,0,RELIANCE,1
2024-07-29,1511.95,1527.5,1511.8,1520.1,7538550,0.0073558648111331,0.0129273005930565,0.007893115272813,11971343.8,1554.71,1499.67,0,0.5191082471905474,48.3969360641478,31.20524144547747,0.0,0.2735346358792184,0.2735346358792184,0,RELIANCE,1
2024-07-30,1517.0,1525.0,1510.0,1513.15,8228208,-0.0045720676271296,0.0169702264937159,0.0065892348780922,12261195.8,1552.36,1501.219,0,-0.2566666495555506,46.847391954170135,30.04772419937193,-0.001883488087764,0.2701979314674686,0.2683144433797045,0,RELIANCE,1
2024-07-31,1504.0,1510.45,1501.15,1505.4,10057346,-0.0051217658526914,0.0064852577388514,0.007436037495087,12328246.6,1549.37,1502.631,0,0.150537618221772,45.11283802895489,28.758601042273938,0.0013285505513484,0.2664408130729375,0.267769363624286,0,RELIANCE,1
2024-08-01,1512.0,1518.0,1504.3,1515.3,10764222,0.0065763252291748,0.0153444116858749,0.0074333763838727,12174831.4,1547.515,1504.215,0,0.2408758948265729,47.77304407862911,27.682986682111515,0.0031676895664224,0.2712334191249257,0.2744011086913482,0,RELIANCE,1
2024-08-02,1505.0,1509.3,1493.3,1499.3,10268248,-0.0105589652214083,-0.0064280980781975,0.0078739255815381,11887617.2,1544.78,1504.9879999999998,0,-0.3562499777343792,44.056620924980976,27.27705906196069,-0.0038017741612752,0.2634562795971453,0.25965450543587,0,RELIANCE,1
2024-08-05,1480.0,1483.9,1433.25,1447.3,17046704,-0.0346828519975989,-0.0478915860798631,0.0153056479658247,11624850.0,1537.715,1504.2130000000002,0,-0.6456070948547462,34.62817883481483,30.046554843249208,0.0319906031921508,0.2369930214882885,0.2689836246804394,1,RELIANCE,1
2024-08-06,1455.15,1477.5,1451.3,1456.05,10236186,0.006045740344089,-0.0377358490566038,0.0168488801994016,10843264.2,1530.4725,1503.7290000000005,0,0.0343511437270503,37.06871228665965,30.057515211588555,0.0257889495553037,0.2415782425054084,0.2673671920607122,1,RELIANCE,1
2024-08-07,1469.0,1472.5,1461.5,1464.8,8174568,0.0060094090175475,-0.0269695761923741,0.017949108117428,10469384.8,1524.1975,1503.7000000000005,0,-0.3818181471074453,39.50106522593408,29.085549839332234,0.0196613872200982,0.2461086837793555,0.2657700709994538,0,RELIANCE,1
2024-08-08,1457.5,1465.0,1445.9,1449.1,12387192,-0.0107181867831785,-0.0436877186035769,0.016706347730729,10456116.4,1517.4425,1503.558,0,-0.4397905528905538,36.75593041479686,28.372296279379924,0.0307087157546063,0.2379407908356911,0.2686495065902974,1,RELIANCE,1
2024-08-09,1460.0,1476.5,1456.0,1474.3,6249776,0.0173901042026085,-0.0166744480757686,0.0202604419464207,10095100.0,1512.125,1504.228,0,0.6975609415823908,43.53848041300028,28.30284654513851,0.0130909584209455,0.2509665604015465,0.264057518822492,0,RELIANCE,1
2024-08-12,1470.0,1473.0,1457.75,1460.6,8184584,-0.0092925456148681,0.0091895253230152,0.0118163931808984,10159703.4,1505.3200000000002,1504.943,0,-0.6163934022037173,40.96628205524628,27.463357506200044,0.0225934547446255,0.2439408462275777,0.2665343009722032,1,RELIANCE,1
2024-08-13,1460.75,1470.1,1458.0,1463.6,6265064,0.0020539504313294,0.0051852614951408,0.0115979922887132,9963389.0,1498.64,1505.6070000000002,0,0.235537170616757,41.7774444787668,26.36597482718575,0.0204974036622027,0.2454905711943153,0.2659879748565181,0,RELIANCE,1
2024-08-14,1463.55,1472.0,1453.7,1461.85,6267466,-0.0011956818802951,-0.0020139268159475,0.0112768994113084,9584401.0,1492.92,1504.638,0,-0.0928961697870972,41.41990968403747,25.78983376810105,0.0217190546225672,0.2445873379621712,0.2663063925847385,1,RELIANCE,1
2024-08-16,1468.65,1480.4,1458.05,1478.2,9416902,0.0111844580497315,0.0200814298530123,0.0104687795383052,9449669.0,1487.495,1506.256,0,0.4272930457586957,46.06418620567458,25.54413135609385,0.010418076038425,0.2529427682316331,0.2633608442700581,1,RELIANCE,1
2024-08-19,1482.5,1498.3,1480.5,1488.4,13797742,0.0069002841293466,0.0095638608153023,0.0078434606373947,9802618.4,1484.1574999999998,1507.609,1,0.3314606555359242,48.79175088560911,25.155264830658563,0.0034936844934156,0.2580623488309595,0.2615560333243751,1,RELIANCE,1
2024-08-20,1497.2,1503.9,1490.0,1495.95,8411808,0.0050725611394786,0.0242023825825004,0.0047099821797486,8939128.8,1483.92,1508.8959999999995,1,-0.0899280510843122,50.7760438854291,24.46560305704009,-0.0015709081185869,0.2618068785721448,0.2602359704535579,0,RELIANCE,1
2024-08-21,1493.25,1507.9,1490.0,1498.7,7769996,0.0018382967345165,0.0239819622847774,0.0047423271840544,8692509.8,1484.46,1509.471,1,0.304469256733562,51.51303340821093,23.996631410108662,-0.0034029492226597,0.2631614065523454,0.2597584573296856,1,RELIANCE,1
2024-08-22,1503.0,1506.5,1490.65,1498.1,10445782,-0.0004003469673717,0.0247973458289154,0.0044997560254459,8919631.2,1484.58,1510.005,1,-0.3091482454796135,51.332449094076544,23.41472916652947,-0.0030038048194379,0.2628662973099259,0.2598624924904879,1,RELIANCE,1
2024-08-23,1503.75,1511.3,1498.4,1500.0,9249654,0.0012682731459849,0.014747666080368,0.0029748074892594,8605877.4,1484.9599999999998,1510.871,1,-0.290697651883906,51.90739663455267,22.68510565463451,-0.0042666666666667,0.2638,0.2595333333333333,1,RELIANCE,1
2024-08-26,1507.0,1523.0,1503.0,1512.6,8816114,0.0083999999999999,0.0162590701424347,0.0035031555482454,8862511.2,1485.14,1511.8570000000002,1,0.2799999859999961,55.64928623294279,22.7075981078749,-0.0015205606240909,0.2699325664418881,0.2684120058177972,0,RELIANCE,1
2024-08-27,1510.5,1513.5,1499.45,1500.45,6251156,-0.0080325267750891,0.0030081219292088,0.0058809032927343,8669168.4,1484.1574999999998,1512.561,1,-0.7153024401919963,51.48905012623053,22.08919824302669,-0.0045652970775434,0.2640207937618715,0.259455496684328,0,RELIANCE,1
2024-08-28,1505.0,1507.5,1493.0,1498.3,9610286,-0.0014329034622947,-0.0002668979782478,0.0058927008158663,9003690.6,1483.4150000000002,1512.976,1,-0.4620689336504215,50.7658197651395,21.54711265423907,-0.0031368884736034,0.262964693319095,0.2598278048454915,1,RELIANCE,1
2024-08-29,1503.1,1537.0,1494.0,1520.9,38335358,0.015083761596476,0.0152192777518191,0.0089376594242845,12210479.8,1484.19,1513.774,1,0.4139534787452721,57.52037968139552,23.07946175036485,0.0,0.2739167598132685,0.2739167598132685,0,RELIANCE,1
2024-08-30,1534.0,1539.7,1503.3,1509.6,41620730,-0.0074298112959433,0.0063999999999999,0.0101387245153536,15430862.6,1483.9050000000002,1514.793,1,-0.6703296519140214,53.563490347667845,24.03092876819594,0.0004636989931107,0.2684817170111288,0.2689454160042395,0,RELIANCE,1
2024-09-02,1510.9,1526.8,1506.6,1516.25,11240852,0.0044051404345522,0.0024130635991008,0.0095832732640014,15175173.6,1484.7525,1515.644,1,0.2648514720370507,55.50342298017553,23.75729099903909,0.0025391591096454,0.2716900247320692,0.2742291838417147,0,RELIANCE,1
2024-09-03,1521.25,1523.0,1507.5,1509.1,10923800,-0.0047155812036274,0.0057649371855108,0.0089363035932101,15426372.8,1487.8425,1516.7419999999995,1,-0.7838709171696242,52.9424770094111,23.16748449910773,0.0007951759326751,0.2682393479557352,0.2690345238884103,0,RELIANCE,1
2024-09-04,1500.7,1517.5,1499.5,1514.55,11983304,0.0036114240275662,0.0108456250417139,0.0088516128160232,15847703.6,1490.7675,1518.203,1,0.7694444016975281,54.6597513847884,22.798378463457173,-0.0028061140272688,0.2708725363969496,0.2680664223696807,0,RELIANCE,1
2024-09-05,1519.05,1525.8,1487.05,1493.0,16264168,-0.0142286487735631,-0.0183444013413111,0.0078253035513705,16429542.2,1492.1775,1518.98,1,-0.6722580471675331,47.30814858869039,23.937780001781658,0.0004018754186201,0.2603482920294709,0.260750167448091,0,RELIANCE,1
2024-09-06,1492.5,1497.0,1461.6,1464.8,19394228,-0.0188881446751507,-0.0296767355590884,0.0104415551951563,17443999.6,1492.9625,1517.996,0,-0.7824858536020939,39.77011969888348,24.7565100016544,0.0196613872200982,0.2461086837793555,0.2657700709994538,0,RELIANCE,1
2024-09-09,1466.5,1469.9,1455.6,1462.45,9010298,-0.0016043145821954,-0.0354822753503709,0.0092246875913825,17463418.0,1492.37,1516.634,0,-0.2832167634114084,39.20943861149806,24.009616430107677,0.0212998734999486,0.2448972614448357,0.2661971349447844,0,RELIANCE,1
2024-09-10,1460.5,1472.05,1457.6,1461.5,10768260,-0.0006495948579439,-0.031541978662779,0.0096633881053444,17915128.4,1492.415,1514.556,0,0.0692041474599203,38.97025430828867,23.326786685099982,0.0219637358877864,0.2444064317482039,0.2663701676359903,0,RELIANCE,1
2024-09-11,1463.05,1468.75,1447.55,1451.5,9760202,-0.006842285323298,-0.0416295269221881,0.007947355655099,17930120.0,1491.81,1512.3829999999998,0,-0.5448112950560676,36.44969442031644,23.17487335044999,0.0290044781260764,0.2392008267309679,0.2682053048570444,0,RELIANCE,1
2024-09-12,1457.0,1486.0,1445.9,1479.8,22349376,0.0194970719944884,-0.008841259209645,0.0138951767809705,16331521.8,1492.7075,1510.675,0,0.5685785394369444,46.91409035065747,24.383810968274982,0.0093255845384511,0.2537505068252466,0.2630760913636977,0,RELIANCE,1
2024-09-13,1476.4,1483.15,1469.5,1472.6,8711328,-0.0048655223678876,0.0053249590387765,0.0105770241654019,13040581.6,1492.4275,1509.0790000000002,0,-0.2783882579935457,44.88889831322502,23.61711018482677,0.0142604916474263,0.2501018606546245,0.2643623523020508,0,RELIANCE,1
2024-09-16,1477.55,1480.9,1464.75,1471.35,5481774,-0.0008488387885372,0.0060856781428424,0.0105339164536977,12464673.8,1491.575,1507.4260000000002,0,-0.3839009050216164,44.52950254861647,23.083745171624862,0.0151221667176402,0.2494647772453868,0.2645869439630271,0,RELIANCE,1
2024-09-17,1474.0,1477.5,1466.6,1472.3,5935328,0.0006456655452475,0.0073896681491618,0.010491111100441,11965826.6,1490.3925,1505.1,0,-0.1559632884437378,44.89062770912669,22.213477659365957,0.0144671602254974,0.2499490592949806,0.2644162195204781,0,RELIANCE,1
2024-09-18,1470.0,1482.0,1460.55,1463.45,8574714,-0.006011003192284,0.0082328625559766,0.0103308792056409,11624967.6,1488.63,1502.351,0,-0.3053612911253449,42.13843739044079,22.158943540839815,0.020602002118282,0.2454132358468004,0.2660152379650825,0,RELIANCE,1
2024-09-19,1466.25,1476.5,1455.55,1469.7,16955902,0.0042707301240219,-0.0068252466549533,0.0041805981471562,11694141.0,1487.21,1499.939,0,0.1646777964354291,44.716195359977775,22.072590430779837,0.0162618221405728,0.2486221677893448,0.2648839899299176,1,RELIANCE,1
2024-09-20,1474.0,1495.0,1471.4,1485.9,30897320,0.0110226576852419,0.0090316447100367,0.0063348495062535,12844450.2,1486.505,1497.9730000000002,0,0.5042372667696131,50.83075518898249,22.30311968572413,0.0051820445521231,0.2568140520896427,0.2619960966417659,1,RELIANCE,1
2024-09-23,1491.0,1501.5,1488.95,1493.4,8832314,0.0050474459923279,0.0149862371291671,0.0062632015703367,12826651.8,1485.5449999999998,1496.2279999999998,1,0.1912350445231119,53.40044093060353,21.82432542245812,0.0001339225927412,0.260546404178385,0.2606803267711262,0,RELIANCE,1
2024-09-24,1488.5,1500.5,1487.9,1489.4,17137444,-0.0026784518548279,0.0116144807444136,0.0067336870959366,13463570.2,1484.9925,1494.082,1,0.0714285657596453,51.84422354571618,21.165445035139676,0.0028199274875787,0.2585604941587217,0.2613804216463005,0,RELIANCE,1
2024-09-25,1483.9,1496.5,1480.2,1493.95,7069002,0.0030549214448771,0.0208411630052274,0.0048959204112318,13194450.2,1484.775,1492.017,1,0.6165643793518775,53.5041014850929,20.817913246915406,-0.0002342782556311,0.2608186351618194,0.2605843569061882,0,RELIANCE,1
2024-09-26,1490.65,1504.0,1488.05,1497.95,18818998,0.0026774657786405,0.0192216098523507,0.004937240929196,12841412.4,1483.6275,1490.451,1,0.4576802220890101,54.973466037621584,20.47020515785002,-0.0029039687573017,0.2627924830601823,0.2598885143028805,1,RELIANCE,1
2024-09-27,1499.0,1533.5,1492.0,1526.2,20597478,0.018859107446844,0.0271216097987752,0.0080536408809014,14030027.4,1484.4575,1489.241,1,0.6554216709536959,63.698751101556354,21.97233336086073,0.0,0.2764382125540559,0.2764382125540559,0,RELIANCE,1
2024-09-30,1519.4,1525.0,1474.4,1476.6,27008814,-0.0324990171668196,-0.0112494977902773,0.0187957106295321,16182731.4,1482.475,1487.67,0,-0.8458497856551477,46.61783626616305,24.102880977942107,0.0115129351212244,0.2521332791548151,0.2636462142760395,0,RELIANCE,1
2024-10-01,1480.65,1487.95,1462.8,1464.8,16431642,-0.0079913314370851,-0.0165167181415335,0.018984599583533,17232362.8,1480.26,1486.9520000000002,0,-0.6302186628143704,43.62101403862,24.177675193803392,0.0196613872200982,0.2461086837793555,0.2657700709994538,0,RELIANCE,1
2024-10-03,1436.6,1449.4,1402.1,1407.0,37757294,-0.0394593118514472,-0.0582014123631983,0.0242770559967582,20150620.8,1474.8825000000002,1485.3339999999998,0,-0.6257927986090275,32.57465398659731,26.92926982281744,0.061549395877754,0.215138592750533,0.2766879886282871,0,RELIANCE,1
2024-10-04,1403.9,1417.35,1381.8,1386.5,37072876,-0.0145700071073205,-0.0744016822991422,0.0229135972521075,22162318.2,1469.5575,1483.15,0,-0.4894514630252785,29.70177973660151,27.54503626404476,0.0772448611611971,0.2035340786152182,0.2807789397764154,0,RELIANCE,1
2024-10-07,1393.5,1396.5,1361.4,1370.7,22181340,-0.0113956004327442,-0.1018870397064605,0.0139249847769961,21290720.2,1464.8525000000002,1480.716,0,-0.6495726310663072,27.675844333012336,28.084676530898697,0.0896622163857881,0.1943532501641497,0.2840154665499379,1,RELIANCE,1
2024-10-08,1373.0,1401.0,1365.1,1397.35,17020808,0.0194426205588384,-0.0536705946092374,0.020966809649735,22109569.6,1461.5975,1478.483,0,0.6782729616079913,35.648885450071944,28.6429139215488,0.0688803807206498,0.2097183955344043,0.2785987762550542,0,RELIANCE,1
2024-10-09,1397.5,1401.0,1372.5,1374.6,14310610,-0.0162808172612445,-0.0615783724740579,0.0210173945094531,21826886.2,1457.2525,1475.573,0,-0.8035087437365385,32.36845062241072,28.632705784295315,0.0865706387312672,0.1966390222610213,0.2832096609922886,0,RELIANCE,1
2024-10-10,1380.0,1386.0,1369.4,1371.05,22358646,-0.0025825694747562,-0.0255508173418621,0.0146884426693995,23355850.6,1453.23,1472.731,0,-0.5391565940267169,31.87553277240332,27.773226799702787,0.0893840487217825,0.1945589147004121,0.2839429634221946,0,RELIANCE,1
2024-10-11,1370.0,1383.3,1368.8,1372.1,7980122,0.0007658364027569,-0.0103858636855391,0.0137839921023495,22271963.0,1447.845,1470.0649999999996,0,0.1448275762187816,32.20438430675125,26.82513917115259,0.0885503972013701,0.1951752787697689,0.2837256759711391,0,RELIANCE,1
2024-10-14,1379.45,1380.1,1368.25,1372.5,12221432,0.0002915239414038,0.0013131976362441,0.012746430613035,21434358.4,1442.84,1467.2089999999998,0,-0.5864978408018784,32.3383811335098,25.75548637321311,0.0882331511839707,0.1954098360655738,0.2836429872495446,0,RELIANCE,1
2024-10-15,1358.5,1371.7,1340.7,1344.0,33762794,-0.0207650273224043,-0.0381794110280172,0.0100753075655902,22109756.4,1436.4725,1464.1029999999998,0,-0.4677419203954219,28.07987202257649,26.18723734655503,0.1113095238095237,0.1783482142857143,0.289657738095238,0,RELIANCE,1
2024-10-16,1340.0,1364.0,1337.6,1354.1,20034438,0.0075148809523808,-0.0149134293612687,0.0106223670395405,22470036.0,1430.5625,1462.239,0,0.5340908888601883,31.52143071746144,26.202434678943963,0.1030204563916993,0.1844767742411933,0.2874972306328927,0,RELIANCE,1
2024-10-17,1365.7,1368.45,1352.05,1356.4,15543660,0.0016985451591464,-0.0106852412384668,0.0108304030905685,20248672.6,1425.21,1460.246,0,-0.5670731361540711,32.3157290126054,25.50226077330512,0.1011501032143909,0.1858596284281923,0.2870097316425832,0,RELIANCE,1
2024-10-18,1352.2,1368.4,1341.3,1359.3,12082452,0.0021380123857268,-0.0093287661249179,0.0109379902256721,17749630.2,1419.69,1458.1359999999995,0,0.2619926102585705,33.365234399138856,25.61638500378333,0.0988008533804163,0.1875965570514235,0.2863974104318399,0,RELIANCE,1
2024-10-21,1367.1,1374.0,1357.7,1369.2,14067408,0.0072831604502316,-0.0024043715846994,0.0116967156627355,16938237.0,1413.855,1456.5379999999998,0,0.1288343479242818,36.9589384881207,24.95092893208452,0.090855974291557,0.1934706397896582,0.2843266140812153,0,RELIANCE,1
2024-10-22,1369.2,1376.0,1340.2,1343.35,15831960,-0.0188796377446684,-0.000483630952381,0.0108789099529657,16819352.2,1406.3525,1453.919,0,-0.7220670189366802,32.09207393602922,25.725862579792764,0.1118472475527599,0.1779506457736256,0.2897978933263855,0,RELIANCE,1
2024-10-23,1337.5,1357.5,1335.0,1338.5,17214742,-0.0036103770424683,-0.0115205671663835,0.0100513605135564,17109765.4,1398.8075,1451.477,0,0.0444444424691358,31.26033082052324,25.49544382409328,0.1158759805752707,0.1749719835636907,0.2908479641389614,0,RELIANCE,1
2024-10-24,1335.3,1343.7,1323.1,1339.8,22155934,0.0009712364587224,-0.012238277794161,0.0099845374879432,17089494.2,1391.1,1449.001,0,0.2184465913375426,31.770774895098924,25.14576926522949,0.1147932527242871,0.1757725033587102,0.2905657560829974,0,RELIANCE,1
2024-10-25,1343.5,1344.35,1322.0,1327.85,18597496,-0.0089192416778624,-0.0231369087030088,0.009947193549657,18151231.6,1382.595,1446.3209999999997,0,-0.7002236823166207,29.595213038209398,24.94607146057023,0.1248258462928794,0.1683548593591143,0.2931807056519938,1,RELIANCE,1
2024-10-28,1337.0,1353.0,1322.1,1334.35,10824350,0.0048951312271716,-0.0254528191644757,0.0092661506627678,18011523.4,1373.0025,1443.444,0,-0.0857605150239342,32.31037578470841,25.371352070529504,0.11934649829505,0.1724060403941994,0.2917525386892494,0,RELIANCE,1
2024-10-29,1328.1,1343.2,1320.3,1340.0,12008361,0.0042342713680818,-0.0024937655860348,0.0057931504827152,15836080.1,1366.1725,1440.476,0,0.5196506323296686,34.668863745743934,25.194826922634547,0.1146268656716417,0.1758955223880597,0.2905223880597015,0,RELIANCE,1
2024-10-30,1335.0,1350.0,1325.35,1343.9,11984423,0.002910447761194,0.0040343668285394,0.0056460075044619,15031078.6,1360.1275,1437.435,0,0.3610547520870306,36.31826859065776,25.155910713874945,0.1113922166827887,0.1782870749311705,0.2896792916139593,0,RELIANCE,1
2024-10-31,1340.0,1343.0,1326.15,1332.05,9331650,-0.0088176203586577,-0.0057844454396178,0.0070917942440787,14409877.6,1356.38,1434.102,0,-0.4718100610201796,33.546878871434174,24.626917091455304,0.1212792312600878,0.170977065425472,0.2922562966855598,0,RELIANCE,1
2024-11-01,1333.05,1341.95,1333.0,1338.65,2127335,0.004954768965129,0.0081334488082238,0.0059010501565344,13414365.9,1353.9875,1430.9130000000002,0,0.625698254111939,36.45533058943999,23.574994442065645,0.1157509431143314,0.1750644305830501,0.2908153736973816,0,RELIANCE,1
2024-11-04,1337.85,1340.0,1285.1,1302.15,19796890,-0.0272662757255444,-0.0241315996552626,0.0137577192068092,13987314.1,1350.56,1426.956,0,-0.6502732121990263,28.91757628408355,25.812494839060964,0.1470260722650998,0.1519410206197443,0.2989670928848442,0,RELIANCE,1
2024-11-05,1293.0,1309.55,1286.15,1305.3,16267479,0.0024190761433013,-0.0258955223880597,0.0134809929769698,14030866.0,1345.9575,1422.81,0,0.525641003177736,30.257805006328624,25.640173779128027,0.1442580249751014,0.1539875890599862,0.2982456140350877,0,RELIANCE,1
2024-11-06,1310.0,1328.3,1300.2,1325.35,21625209,0.0153604535355855,-0.0138031103504726,0.0162165275881707,14471912.7,1343.495,1419.308,0,0.5462633257557521,38.23983975456167,25.81587565204745,0.1269475987475006,0.1667861319651412,0.2937337307126419,0,RELIANCE,1
2024-11-07,1324.0,1324.0,1302.6,1305.65,9611974,-0.0148639981891574,-0.0198190758605156,0.0169962691529072,13217516.7,1340.225,1415.455,0,-0.857476595445011,34.10912578435513,25.596884534044055,0.143951288630184,0.154214375981312,0.2981656646114961,0,RELIANCE,1
2024-11-08,1297.65,1301.65,1275.0,1283.75,19814406,-0.0167732547007238,-0.0410114667762298,0.0169505834107821,13339207.7,1335.8075,1410.7120000000002,0,-0.52157596541929,30.20319519617746,25.95782135304092,0.1634664070107107,0.1397857838364168,0.3032521908471275,0,RELIANCE,1
2024-11-11,1278.95,1286.0,1267.0,1272.7,9056552,-0.0086075949367088,-0.0226164420381677,0.0133905616417643,13162427.9,1330.8175,1405.974,0,-0.3289473511080341,28.433927182405423,25.460834113537995,0.173568005028679,0.132317121081166,0.3058851261098451,0,RELIANCE,1
2024-11-12,1275.55,1289.3,1267.5,1274.25,10671091,0.001217883240355,-0.0237876350264306,0.0132455391487191,13028700.9,1327.33,1401.134,0,-0.0596330247874739,29.061661472436697,25.19934596257099,0.1721404747890915,0.133372572101236,0.3055130468903276,0,RELIANCE,1
2024-11-13,1270.25,1275.45,1249.5,1252.05,14633633,-0.0174220129487934,-0.0553061455464594,0.0078115870321293,13293621.9,1322.2275,1395.9930000000002,0,-0.701348720564597,25.59838478680487,25.25296410810164,0.1929236052873287,0.1180064693902,0.3109300746775288,1,RELIANCE,1
2024-11-14,1253.6,1272.6,1251.1,1267.6,12612633,0.0124196318038416,-0.0291425726649562,0.0126941550852981,13621720.2,1317.7875,1391.054,0,0.6511627604110344,31.73497477340709,24.98489524323724,0.1782896812874724,0.1288261281161249,0.3071158094035973,0,RELIANCE,1
2024-11-18,1267.6,1272.9,1243.9,1260.75,13620611,-0.0054039129062795,-0.0179162609542355,0.011171508739843,14771047.8,1312.86,1386.409,0,-0.2362068884066558,30.540000264265856,25.271688440148864,0.1846916517945666,0.1240928019036288,0.3087844536981954,0,RELIANCE,1
2024-11-19,1260.75,1281.5,1235.15,1241.65,14183746,-0.0151497124727344,-0.0243969513632434,0.0122423878658291,14209733.4,1306.4824999999998,1381.946,0,-0.4120819760068602,27.437624037747355,26.777282122995366,0.2029154753755082,0.1106189344823421,0.3135344098578503,0,RELIANCE,1
2024-11-21,1241.65,1243.95,1217.25,1223.0,19433843,-0.0150203358434342,-0.040219737100255,0.0123775242769138,14526369.8,1300.465,1377.1570000000002,0,-0.6985018464980604,24.78958250641999,26.771761971352845,0.2212591986917415,0.0970564186426819,0.3183156173344235,1,RELIANCE,1
2024-11-22,1229.4,1268.85,1222.45,1265.4,20471957,0.0346688470973017,0.0106625134778963,0.0212954569173757,14411044.6,1296.81,1373.235,0,0.7758620522443547,39.16454594935225,28.17377897339906,0.1803382329698117,0.1273115220483642,0.307649755018176,0,RELIANCE,1
2024-11-25,1290.0,1304.45,1282.45,1287.0,28923341,0.0170697012802274,0.0153045124644999,0.0219395273241482,16342181.3,1294.17,1369.945,0,-0.1363636301652895,44.93821171964866,28.95065190387055,0.1605283605283604,0.1419580419580419,0.3024864024864024,1,RELIANCE,1
2024-11-26,1294.95,1297.85,1284.2,1295.7,9247557,0.0067599067599068,0.0277215942891135,0.0214104212388778,15285496.4,1292.5625,1366.263,1,0.054945050919777,47.11529554993786,27.85774819645121,0.1527359728332174,0.1477193794859922,0.3004553523192096,0,RELIANCE,1
2024-11-27,1293.5,1303.85,1286.0,1293.2,9572746,-0.001929458979702,0.041517335803165,0.018861833595095,15337115.8,1290.505,1362.675,1,-0.0168067217475201,46.54577351534671,27.14290903956184,0.1549644293226104,0.1460717599752552,0.3010361892978657,0,RELIANCE,1
2024-11-28,1289.95,1296.6,1269.05,1270.8,15027412,-0.0173213733374575,0.0390842191332787,0.0195874807408733,15772747.9,1287.045,1358.664,0,-0.6950997932813187,41.68383990817684,27.17198696530741,0.1753226314132829,0.1310198300283286,0.3063424614416115,1,RELIANCE,1
2024-11-29,1280.0,1299.5,1275.25,1292.2,13202307,0.0168397859615989,0.0211790738106527,0.014427848607416,15629615.3,1284.46,1355.062,1,0.5030927627590632,47.34280401616666,27.281130753499745,0.1558582262807613,0.145410927101068,0.3012691533818294,0,RELIANCE,1
2024-12-02,1288.0,1311.35,1277.05,1309.15,11024152,0.0131171645256151,0.0172105672105673,0.0136388701576257,15470767.2,1283.315,1351.976,1,0.6166180578245499,51.36820314869625,27.78247855682119,0.1408929458045295,0.1564755757552611,0.2973685215597906,0,RELIANCE,1
2024-12-03,1317.0,1326.8,1307.0,1323.3,16869482,0.0108085398922963,0.0213012271359109,0.0139967819066549,15795654.3,1282.5475,1349.0480000000002,1,0.3181818021120286,54.4955530908564,27.212301517048243,0.1286934179702259,0.1654953525277714,0.2941887704979974,0,RELIANCE,1
2024-12-04,1326.0,1328.4,1304.05,1308.95,19608540,-0.0108441018665457,0.0121790906278997,0.0154784961650905,16338133.7,1282.8875,1345.509,1,-0.7002053100531642,50.91937319267388,27.007851408687664,0.1410672676572824,0.1563466900951144,0.2974139577523969,1,RELIANCE,1
2024-12-05,1314.35,1329.95,1306.15,1322.05,16858723,0.0100080216967797,0.0403289266603714,0.0108552569599194,16080621.7,1283.725,1342.082,1,0.3235293981710362,53.89391847546817,26.77871916520997,0.1297605990696267,0.1647063272947316,0.2944669263643583,0,RELIANCE,1
2024-12-06,1323.9,1323.9,1310.0,1311.55,9037514,-0.0079422109602511,0.0149744621575607,0.0114436606080062,14937177.4,1283.035,1338.525,1,-0.8884891447130152,51.21470190631699,25.858810653409268,0.138805230452518,0.1580191376615455,0.2968243681140635,0,RELIANCE,1
2024-12-09,1303.0,1315.0,1293.1,1295.15,14650002,-0.0125042888185733,-0.010693961730894,0.0115333692925556,13509843.5,1282.51,1334.549,1,-0.3584474722170047,47.262627155062304,25.57603846388004,0.1532254951163956,0.1473574489441378,0.3005829440605335,0,RELIANCE,1
2024-12-10,1289.25,1294.9,1280.2,1284.85,16043729,-0.0079527467860867,-0.0290561475100128,0.0090760166504587,14189460.7,1282.565,1330.287,1,-0.2993197075292769,44.91822994827045,24.817035716460044,0.1624703272755574,0.1405222399501887,0.3029925672257462,0,RELIANCE,1
2024-12-11,1285.0,1290.0,1276.05,1278.2,11724373,-0.0051757014437482,-0.0234921119981664,0.0086393072031148,14404623.4,1282.84,1325.3269999999998,0,-0.4874551621895893,43.42068751809723,24.040818879570047,0.1685182287591925,0.1360506962916602,0.3045689250508527,0,RELIANCE,1
2024-12-12,1270.0,1278.2,1260.6,1262.9,20906813,-0.0119699577530902,-0.0447411217427479,0.0030774267300499,14992563.5,1282.2725,1321.053,0,-0.4034090679881128,40.107566615309686,23.580760388172195,0.1826747961042044,0.1255839733945681,0.3082587694987726,0,RELIANCE,1
2024-12-13,1260.0,1275.2,1239.6,1272.85,28630222,0.0078786918995961,-0.0295070717852922,0.008292190764415,16535355.0,1283.3125,1317.214,0,0.3609550460405847,43.14578899892264,24.43927750330276,0.1734297049927328,0.1324193738460934,0.3058490788388262,0,RELIANCE,1
2024-12-16,1275.0,1281.0,1266.55,1268.3,9486781,-0.0035746553010959,-0.0207311894375169,0.0074445406581003,16381617.9,1283.3475,1314.44,0,-0.4636677879814697,42.0942074985172,23.72575768163828,0.1776393597729243,0.129306946306079,0.3069463060790033,0,RELIANCE,1
2024-12-17,1261.05,1263.9,1242.8,1245.3,17462791,-0.0181345107624378,-0.0307818033233451,0.0097708243461345,16440948.8,1282.575,1311.616,0,-0.7464454622537647,37.16336955958672,23.85248927580697,0.1993897052918975,0.1132257287400626,0.3126154340319601,0,RELIANCE,1
2024-12-18,1240.65,1259.95,1240.65,1253.25,12670179,0.0063840038544928,-0.0195196369895165,0.0113175558894889,15747112.7,1283.1550000000002,1309.267,0,0.6528497071062296,39.788794981965616,23.527311470392185,0.1917813684420506,0.118850987432675,0.3106323558747256,0,RELIANCE,1
2024-12-19,1239.0,1244.9,1229.0,1230.45,14244653,-0.018192698982645,-0.0256948293609945,0.0126882704520062,15485705.7,1283.5275,1305.929,0,-0.5377358152367353,35.24112479088173,23.578932079649885,0.2138648461944815,0.1025234670242594,0.316388313218741,0,RELIANCE,1
2024-12-20,1224.0,1239.5,1201.5,1205.3,20312896,-0.0204396765411029,-0.05306988254704,0.0117139408833,16613243.9,1280.5225,1302.543,0,-0.4921052502077578,31.028295007476743,24.609008359674892,0.2391935617688542,0.0837965651704969,0.3229901269393512,1,RELIANCE,1
2024-12-23,1215.0,1227.2,1213.2,1222.3,10052824,0.0141043723554301,-0.0362690215248757,0.0162332830941181,16153526.1,1277.2875,1299.568,0,0.521428534183673,36.54974493920312,24.41550776255527,0.2219586026343777,0.0965393111347459,0.3184979137691237,0,RELIANCE,1
2024-12-24,1222.3,1233.55,1221.0,1222.75,6734917,0.0003681583899206,-0.0181080864048823,0.0152100537032462,15222644.9,1273.64,1296.581,0,0.0358565708480857,36.694213670785686,23.56797149380132,0.2215088938867306,0.0968718053567778,0.3183806992435084,0,RELIANCE,1
2024-12-26,1224.25,1227.7,1214.25,1216.55,10016178,-0.0050705377223472,-0.0292838619589068,0.0141655465309719,15051825.4,1269.8075,1293.462,0,-0.5724906637553424,35.49506689091409,22.845259244244083,0.2277341662899182,0.092269121696601,0.3200032879865192,1,RELIANCE,1
2024-12-27,1218.3,1227.9,1217.0,1221.05,7000397,0.0036989848341622,-0.0076394814905116,0.0127030584817987,13661183.8,1267.32,1291.003,0,0.2522935548354515,37.10170888371383,22.02416929822666,0.2232095327791654,0.0956144302035133,0.3188239629826788,0,RELIANCE,1
2024-12-30,1216.4,1223.2,1208.1,1210.7,8818766,-0.0084763113713606,0.0044802123952543,0.0087468858484188,11680038.2,1263.245,1288.135,0,-0.377483418709707,34.94578462123745,21.529585776924765,0.2336664739406953,0.0878830428677625,0.3215495168084579,0,RELIANCE,1
2024-12-31,1208.0,1219.1,1206.15,1215.45,6405475,0.0039233501280251,-0.0056041888243474,0.0054907716912806,11371907.6,1258.56,1285.316,0,0.5752895308656849,36.76195246707067,20.91675822143013,0.228845283639804,0.0914476119955572,0.3202928956353613,1,RELIANCE,1
2025-01-01,1214.85,1226.3,1211.6,1221.25,5892590,0.0047718951828541,-0.001226742997342,0.0061061168068672,10214887.5,1253.4575,1282.555,0,0.4353741200425817,39.00129347163113,20.47270406275655,0.2230092118730808,0.0957625383828045,0.3187717502558853,1,RELIANCE,1
2025-01-02,1221.25,1244.45,1220.0,1241.8,15486276,0.0168270214943704,0.0207554149027988,0.0089550564788538,10496497.2,1250.1,1280.007,0,0.8404907631701085,46.26219016897263,20.75679662970251,0.2027701723304879,0.1107263649540988,0.3134965372845869,0,RELIANCE,1
2025-01-03,1243.9,1262.05,1235.5,1251.15,15521102,0.0075293928168789,0.0246509151959379,0.0090700382380816,10624142.1,1246.5549999999998,1278.163,1,0.2730696695642313,49.223712710481934,21.17059687043804,0.1937817208168483,0.1173720177436759,0.3111537385605242,0,RELIANCE,1
2025-01-06,1253.95,1262.0,1215.0,1218.0,14816766,-0.0264956240258962,0.0060295696704386,0.0163663209091103,10074529.1,1241.8775,1275.753,0,-0.7648936007469457,40.666562602772665,23.015554236835325,0.2262725779967158,0.0933497536945813,0.3196223316912971,1,RELIANCE,1
2025-01-07,1222.0,1244.5,1221.25,1240.85,10070505,0.0187602627257799,0.0208976099387057,0.0182005858132014,10076297.2,1239.1625,1273.774,1,0.8107526533009572,47.44813318504372,23.264443219918515,0.2036910182536165,0.1100455333037836,0.3137365515574001,1,RELIANCE,1
2025-01-08,1249.0,1271.05,1245.35,1265.5,19346579,0.0198654148366039,0.0362333674513817,0.0195076151672519,11337463.4,1238.195,1272.527,1,0.6420233213220486,53.60822479526279,23.75984013278148,0.1802449624654286,0.1273804820229158,0.3076254444883445,0,RELIANCE,1
2025-01-09,1267.0,1269.75,1248.05,1254.75,12794704,-0.0084946661398657,0.0104284103720406,0.0197010209270217,11615316.0,1237.0224999999998,1270.935,1,-0.5645161030176898,50.8109656932462,23.61270869472566,0.1903566447499501,0.1199043634190078,0.3102610081689579,0,RELIANCE,1
2025-01-10,1253.85,1256.75,1236.0,1241.9,8120332,-0.0102410838812512,-0.0073931982576029,0.0201054244134108,11727309.5,1235.9725,1268.973,1,-0.5759035867034328,47.61277668844379,23.40822950224526,0.2026733231339075,0.1107979708511153,0.3134712939850229,0,RELIANCE,1
2025-01-13,1230.0,1245.25,1226.4,1239.85,13764861,-0.0016506965134069,0.0179392446633825,0.0146612772750458,12221919.0,1234.3224999999998,1266.892,1,0.5225463913768469,47.10340547177204,23.082641680656305,0.2046618542565633,0.1093277412590232,0.3139895955155865,1,RELIANCE,1
2025-01-14,1244.1,1253.35,1227.25,1238.75,13095266,-0.0008872040972697,-0.0016923882822258,0.0119873804790662,12890898.1,1232.8449999999998,1265.026,1,-0.2049808350582027,46.8139977408196,23.29816727489513,0.2057315842583248,0.1085368314833502,0.314268415741675,1,RELIANCE,1
2025-01-15,1244.95,1257.0,1241.85,1252.2,9578856,0.0108577194752774,-0.0105096799683919,0.0083177946267709,13259524.7,1233.19,1263.297,1,0.4785478231981606,50.79490600442728,22.93758389811691,0.1927807059575146,0.1181121226641112,0.3108928286216258,1,RELIANCE,1
2025-01-16,1258.9,1275.0,1251.3,1266.45,14117603,0.0113799712505988,0.0093245666467423,0.0091909210949809,13122657.4,1233.85,1262.583,1,0.3185653874023018,54.66643041923138,22.992042191108563,0.1793596273046704,0.1280350586284496,0.3073946859331201,1,RELIANCE,1
2025-01-17,1322.25,1326.0,1285.0,1302.35,29366277,0.0283469540842511,0.0486754167002172,0.0121733071531426,14507174.9,1237.445,1262.524,1,-0.4853658418203476,62.64136613108439,25.60332489174366,0.1468499251353323,0.1520712558068107,0.298921180942143,0,RELIANCE,1
2025-01-20,1316.0,1316.0,1300.25,1305.45,14040244,0.0023803125119976,0.0529096261644554,0.0113465651883964,14429522.7,1242.4525,1262.126,1,-0.6698412273116653,63.24268248073158,24.899515970904822,0.1441265464016238,0.1540847983453982,0.298211344747022,0,RELIANCE,1
2025-01-21,1310.5,1313.0,1270.2,1273.7,14562976,-0.0243211153242176,0.0282139253279516,0.0192615694136756,14878769.8,1245.0225,1261.487,1,-0.8598130640230591,53.70778576803706,26.17812197298305,0.1726466200832219,0.1329983512601084,0.3056449713433304,0,RELIANCE,1
2025-01-22,1278.3,1282.9,1268.7,1277.1,10273590,0.0026693883960116,0.0198850023957832,0.0190635525205036,13971470.9,1247.74,1261.354,1,-0.0845070363023243,54.49891482465797,25.322541832055688,0.1695247044084253,0.135306553911205,0.3048312583196303,0,RELIANCE,1
2025-01-23,1270.0,1277.35,1261.6,1263.65,8720682,-0.0105316733223708,-0.0022109044968218,0.0194830057771982,13564068.7,1250.095,1261.173,1,-0.4031745775762115,50.80034284397665,24.63878884405171,0.1819728564080242,0.1261029557234995,0.3080758121315237,0,RELIANCE,1
2025-01-24,1266.0,1273.0,1243.5,1246.3,14235970,-0.0137300676611404,-0.0430375859024071,0.0114532959209875,14175632.5,1251.3575,1260.614,0,-0.6677965875323206,46.42363790750514,24.98601821233373,0.1984273449410254,0.113937254272647,0.3123645992136724,0,RELIANCE,1
2025-01-27,1239.1,1240.45,1220.0,1229.35,9536019,-0.0136002567600096,-0.0582940748400935,0.0096781130011105,13752748.3,1252.29,1260.16,0,-0.476772592822855,42.565373546331465,25.079874054309894,0.2149509903607597,0.1017204213608817,0.3166714117216415,0,RELIANCE,1
2025-01-28,1238.0,1244.75,1218.5,1234.4,10568025,0.0041078618782284,-0.0308549894009577,0.0088761723656708,13500024.2,1253.2375,1259.496,0,-0.1371428519183641,44.05715003309319,25.163454479002045,0.2099805573558002,0.1053953337653922,0.3153758911211924,1,RELIANCE,1
2025-01-29,1236.0,1242.75,1228.05,1235.5,5928156,0.000891121192482,-0.0325738000156604,0.0084568162508128,13134954.2,1253.95,1258.991,0,-0.0340136031283262,44.39593372732971,24.416064873359044,0.2089032780250909,0.1061918251719951,0.3150951031970861,1,RELIANCE,1
2025-01-30,1235.55,1257.0,1232.4,1253.05,9269259,0.014204775394577,-0.0083883986863452,0.012038664764742,12650119.8,1254.5125,1259.219,0,0.7113820849031699,49.63633296832547,24.429203096690536,0.1919715893220541,0.1187103467539204,0.3106819360759746,0,RELIANCE,1
2025-01-31,1255.85,1267.0,1249.0,1265.1,6584612,0.0096165356530066,0.0150846505656743,0.0106131887840896,10371953.3,1255.21,1260.061,1,0.5138888603395078,52.917384226816615,23.969974304069783,0.1806181329539167,0.1271045767133032,0.30772270966722,0,RELIANCE,1
2025-02-01,1265.1,1270.55,1241.0,1264.6,7118453,-0.0003952256738597,0.0286736893480294,0.0061335415602519,9679774.2,1257.54,1260.045,1,-0.0169204732006608,52.76378139431106,24.368547568064795,0.1810849280404871,0.1267594496283409,0.307844377668828,0,RELIANCE,1
2025-02-03,1251.0,1256.0,1237.55,1245.9,9252345,-0.014787284516843,0.0093162670123136,0.0111322010718634,9148711.1,1257.7925,1259.223,0,-0.2764227492453738,47.240790834375005,24.56007988463159,0.1988121037001363,0.1136527811220805,0.3124648848222168,1,RELIANCE,1
2025-02-04,1248.05,1288.8,1246.6,1285.2,16691069,0.0315434625571875,0.0402266288951842,0.0172129352535561,9790459.0,1258.7775,1259.013,1,0.8803317326935621,57.34578316352478,25.870074178586467,0.1621537503890444,0.1407563025210084,0.3029100529100528,0,RELIANCE,1
2025-02-05,1282.65,1290.5,1276.7,1278.2,10112028,-0.0054466230936819,0.0200710266948647,0.0176893343217166,9929593.6,1259.95,1258.713,1,-0.3224637447490083,55.31361372111239,25.007926022973145,0.1685182287591925,0.1360506962916602,0.3045689250508527,0,RELIANCE,1
2025-02-06,1273.7,1288.0,1270.35,1281.55,9956001,0.0026208731028007,0.0130029246699865,0.0174191299659881,9501596.7,1261.9325,1258.928,1,0.4447591816000389,56.11511613053907,24.48235987847507,0.1654636963052553,0.1383090788498303,0.3037727751550856,0,RELIANCE,1
2025-02-07,1276.15,1283.7,1262.0,1266.7,8764283,-0.0115875307245132,0.0016606041436029,0.0185967841785943,9424423.1,1263.275,1258.418,1,-0.4354838508993628,51.68926986385796,24.283619887155425,0.1791268650824977,0.1282071524433568,0.3073340175258545,0,RELIANCE,1
2025-02-10,1264.5,1266.5,1245.55,1253.65,6970972,-0.0103023604641983,0.0062204029215828,0.0177666146150248,9064717.8,1264.02,1257.308,0,-0.5178997366157588,48.099044975564745,24.059789895215754,0.1914011087624136,0.1191321341682288,0.3105332429306424,0,RELIANCE,1
2025-02-11,1264.55,1264.55,1230.1,1234.85,8859714,-0.0149962110636941,-0.0391767818238407,0.0068268639015248,9357873.6,1263.1525,1255.539,0,-0.8621189880371849,43.420137365593874,24.801947759843205,0.209539620196785,0.1057213426731991,0.3152609628699842,0,RELIANCE,1
2025-02-12,1219.45,1226.9,1193.35,1216.55,21131654,-0.0148196137182653,-0.0482318885933344,0.0072443324813188,10544113.1,1260.6574999999998,1253.691,0,-0.0864381494355268,39.402172724184766,25.994665776997262,0.2277341662899182,0.092269121696601,0.3200032879865192,0,RELIANCE,1
2025-02-13,1217.05,1228.0,1212.0,1216.1,8511216,-0.0003698984834162,-0.0510709687487808,0.005972430350895,10736773.5,1256.345,1251.572,0,-0.0593749962890655,39.30585233179484,25.28076107864032,0.2281884713428172,0.0919332291752322,0.3201217005180495,0,RELIANCE,1
2025-02-14,1219.0,1224.0,1205.45,1217.25,10298145,0.0009456459172765,-0.0390384463566748,0.0077291028201977,11054742.7,1251.935,1249.686,0,-0.0943396175558159,39.71145693156269,24.799992430166007,0.2270281371944957,0.0927911275415896,0.3198192647360854,0,RELIANCE,1
2025-02-17,1211.1,1227.5,1204.5,1224.9,8166683,0.0062846580406654,-0.0229330355362341,0.0097422410112669,10946176.5,1249.495,1248.281,0,0.5999999739130525,42.46587491923274,24.671421542297004,0.2193648461098863,0.0984570168993388,0.3178218630092251,0,RELIANCE,1
2025-02-18,1224.85,1229.9,1216.1,1225.4,6673250,0.0004081965874764,-0.0076527513463172,0.007888472881094,9944394.6,1246.91,1247.092,0,0.0398550695757322,42.650299778898926,23.894891432132944,0.2188673086339153,0.0988248735106905,0.3176921821446057,0,RELIANCE,1
2025-02-19,1219.5,1232.75,1217.55,1227.45,6217338,0.0016729231271421,0.0089597632649707,0.0026221708315219,9554925.6,1245.1,1246.077,0,0.5230262813798514,43.45066823838999,23.27382775840917,0.2168316428367753,0.1003299523402175,0.3171615951769929,0,RELIANCE,1
2025-02-20,1223.95,1239.35,1222.0,1233.0,7795582,0.0045215691066844,0.013896883479977,0.0025263965678767,9338883.7,1244.435,1245.479,0,0.5216138027888299,45.66166910742688,22.85069720423708,0.2113544201135441,0.1043795620437956,0.3157339821573398,0,RELIANCE,1
2025-02-21,1228.7,1240.0,1222.15,1228.15,6904025,-0.0039334955393348,0.0089546108030396,0.0039479395440655,9152857.9,1244.375,1244.585,0,-0.030812323203789,44.041152269344856,22.493504546791563,0.2161380938810404,0.1008427309367749,0.3169808248178153,0,RELIANCE,1
2025-02-24,1216.55,1223.25,1210.5,1214.55,7172498,-0.0110735659325001,-0.0084496693607643,0.0060699966457873,9173010.5,1243.3825000000002,1243.51,0,-0.1568627327950797,39.778037972274994,22.14753993630646,0.2297558766621382,0.0907743608743979,0.3205302375365361,0,RELIANCE,1
2025-02-25,1211.0,1221.0,1201.5,1204.0,11552182,-0.0086863447367336,-0.0174636853272401,0.0066247583997748,9442257.3,1241.8075,1242.684,0,-0.3589743405654184,36.802003227949065,21.958429940856,0.2405315614617939,0.0828073089700997,0.3233388704318936,0,RELIANCE,1
2025-02-27,1212.8,1215.0,1200.65,1207.1,11509215,0.0025747508305646,-0.0165790867245102,0.0068104718814351,8480013.4,1239.51,1241.761,0,-0.397212515873698,38.26360750447739,21.41497065936628,0.2373457045812277,0.0851627868445033,0.322508491425731,0,RELIANCE,1
2025-02-28,1202.0,1217.35,1193.3,1200.1,23007298,-0.0057990224505012,-0.0266828872668289,0.0052176278563599,9929621.6,1236.2599999999998,1241.154,0,-0.0790020757171733,36.22623374982753,21.603187040840112,0.2445629530872427,0.0798266811099074,0.3243896341971502,0,RELIANCE,1
2025-03-03,1204.0,1206.45,1156.0,1171.25,17944938,-0.0240396633613865,-0.0463298457028865,0.0096694293154125,10694300.9,1231.5925,1240.473,0,-0.6491575688967771,29.301448043385108,23.663673680780107,0.2752187833511205,0.0571611526147278,0.3323799359658484,1,RELIANCE,1
2025-03-04,1162.2,1174.0,1159.55,1161.9,11377373,-0.0079829242262539,-0.0433493886624675,0.0096348040986145,11015369.9,1227.3925,1239.265,0,-0.0207612442379729,27.468822747314007,23.00555413215296,0.2854806781995006,0.0495739736638266,0.3350546518633272,0,RELIANCE,1
2025-03-05,1161.0,1183.0,1157.0,1175.6,8664095,0.0117910319304586,-0.0235880398671096,0.013331201786468,11214454.4,1221.9125,1238.322,0,0.5615384399408258,33.98401643939745,23.219443122713464,0.2705001701258931,0.0606498809118747,0.3311500510377679,1,RELIANCE,1
2025-03-06,1197.0,1213.95,1185.15,1209.6,14468014,0.0289214018373595,0.0020710794466076,0.0203043449843145,12039522.0,1218.4825,1238.183,0,0.4374999848090258,46.76449263375769,24.3001971853768,0.2347883597883598,0.0870535714285714,0.3218419312169312,1,RELIANCE,1
2025-03-07,1216.0,1254.8,1212.0,1249.8,16474965,0.0332341269841269,0.0414132155653697,0.0243417938080518,12907460.3,1216.895,1238.7579999999998,1,0.7897196077168315,57.2922613110667,25.79304024356417,0.1950712113938229,0.1164186269803168,0.3114898383741398,0,RELIANCE,1
2025-03-10,1245.0,1258.0,1235.4,1238.4,11931051,-0.0091214594335092,0.0573319103521878,0.0198790379338618,13410162.9,1215.48,1239.312,1,-0.2920353853081659,54.02918780602721,25.564965940452435,0.2060723514211884,0.1082848837209303,0.3143572351421188,0,RELIANCE,1
2025-03-11,1240.0,1249.5,1229.75,1247.3,10089838,0.0071866925064598,0.0735003012307426,0.0171587659523048,13701896.9,1215.1625,1239.9489999999998,1,0.369620234449606,56.12991292273483,25.14961123042012,0.1974665276998316,0.114647638900024,0.3121141665998556,1,RELIANCE,1
2025-03-12,1258.0,1263.0,1244.0,1257.05,11977555,0.0078168844704562,0.0692837699897925,0.0174003137203347,13744434.2,1216.2725,1240.665,1,-0.0499999973684235,58.37405549496565,24.71035328539011,0.188178672288294,0.1215146573326439,0.3096933296209379,0,RELIANCE,1
2025-03-13,1260.05,1264.15,1243.85,1247.9,9505270,-0.007278946740384,0.0316633597883599,0.0169611380084955,13544039.7,1217.84,1240.787,1,-0.5985221380038235,55.5045208798911,24.3953280507194,0.1968907765045274,0.1150733231829474,0.3119640996874749,0,RELIANCE,1
2025-03-17,1242.15,1257.4,1233.1,1238.85,16640952,-0.0072521836685632,-0.0087614018242919,0.0084641804551045,12907405.1,1218.9775,1240.5410000000002,1,-0.1358024635472302,52.74287753729512,24.38851890423945,0.2056342575775921,0.1086087904104612,0.3142430479880534,1,RELIANCE,1
2025-03-18,1244.7,1248.35,1235.0,1238.8,15745877,-4.036001130081068e-05,0.0003229974160205,0.0073873837518911,12687499.0,1220.0549999999998,1240.957,1,-0.4419475324383969,52.7272683384634,23.600053268222347,0.2056829189538262,0.1085728123990959,0.3142557313529222,1,RELIANCE,1
2025-03-19,1241.05,1253.25,1238.8,1247.15,16162399,0.0067403939296093,-0.0001202597610838,0.0072820913084242,13166001.6,1221.1675,1241.083,1,0.4221452995055237,55.116220050810114,22.946478034777897,0.1976105520586936,0.1145411538307341,0.3121517058894278,1,RELIANCE,1
2025-03-20,1251.85,1273.0,1250.05,1269.15,15971477,0.017640219700918,0.0096257109900164,0.0105231333776414,13896739.8,1223.355,1241.156,1,0.7538126033197187,60.74498041655356,23.153872460865184,0.1768506480715438,0.129890083914431,0.3067407319859748,0,RELIANCE,1
2025-03-21,1275.0,1281.0,1270.1,1276.35,21780769,0.0056730882874362,0.0227983011459249,0.0091893406205933,14628015.3,1225.8,1241.588,1,0.123853199646486,62.4065920778876,22.346452999374808,0.1702119324636659,0.134798448701375,0.3050103811650409,1,RELIANCE,1
2025-03-24,1291.0,1306.0,1284.25,1302.1,20299319,0.0201747169663493,0.0510554142955159,0.0085446880436715,15010450.7,1229.255,1242.792,1,0.5103448041220737,67.67628201384801,22.868134927990894,0.147070117502496,0.1519084555717686,0.2989785730742646,0,RELIANCE,1
2025-03-25,1307.7,1307.7,1282.6,1285.45,13713899,-0.0127870363259349,0.0376574103971585,0.0130283370891735,15188735.5,1232.12,1243.704,1,-0.8864541479500291,61.65784910380154,23.027553861705844,0.1619277295888598,0.140923412034696,0.3028511416235559,0,RELIANCE,1
2025-03-26,1291.0,1293.8,1268.75,1273.05,12074747,-0.0096464273211716,0.0207673495569897,0.0151515959075138,15387226.4,1235.0449999999998,1244.39,1,-0.7165668376620056,57.5529132519874,23.17201430015542,0.1732453556419622,0.1325556733828208,0.3058010290247829,1,RELIANCE,1
2025-03-27,1278.15,1285.0,1271.3,1278.2,15028056,0.0040454027728684,0.0071307568057361,0.0132382090915451,15692276.5,1238.755,1244.91,1,0.0036496347700963,58.78033191315023,22.49544185014432,0.1685182287591925,0.1360506962916602,0.3045689250508527,0,RELIANCE,1
2025-03-28,1280.0,1295.75,1269.0,1275.1,18147129,-0.0024252855578157,-0.0009793551925412,0.0130933836998741,16556462.4,1242.155,1245.083,1,-0.1831775632457019,57.69877207558823,22.799338860848295,0.1713591090894831,0.1339502784095365,0.3053093874990196,0,RELIANCE,1
2025-04-01,1264.6,1277.9,1249.3,1252.6,12099648,-0.0176456748490314,-0.0380155134014285,0.0085784574515623,16102332.0,1244.7800000000002,1244.088,1,-0.419580404909774,50.44385731703397,23.213671799359144,0.192399808398531,0.1183937410186811,0.3107935494172122,0,RELIANCE,1
2025-04-02,1247.55,1255.55,1243.9,1251.15,10142590,-0.0011575922082067,-0.02668326267066,0.0084268243149431,15542003.3,1248.775,1243.002,1,0.309012849011788,50.00747132092459,22.38769524226205,0.1937817208168483,0.1173720177436759,0.3111537385605242,0,RELIANCE,1
2025-04-03,1233.05,1251.8,1233.05,1248.7,7434366,-0.0019581984574191,-0.0191272927222024,0.0081472917660289,14669200.0,1253.115,1242.502,0,0.8346666221511183,49.23247972501871,22.12785986781476,0.1961239689276847,0.1156402658765116,0.3117642348041963,0,RELIANCE,1
2025-04-04,1241.1,1245.45,1193.15,1204.7,17908652,-0.0352366461119564,-0.0575027382256297,0.0148440979293048,14862917.5,1254.5700000000002,1241.054,0,-0.6959846903253386,37.87894186392104,24.515155591542275,0.2398107412633849,0.0833402506848178,0.3231509919482028,0,RELIANCE,1
2025-04-07,1132.2,1171.25,1114.85,1165.7,22156106,-0.0323732049472897,-0.0857971923770684,0.0161577544152517,14900451.2,1252.375,1239.095,0,0.5939716206742611,31.04504513890045,29.181930192146407,0.2812902118898515,0.0526722141202711,0.3339624260101226,1,RELIANCE,1
2025-04-08,1172.0,1196.6,1163.3,1182.2,19555040,0.0141545852277602,-0.0562030975570811,0.0215355263751996,14826023.3,1248.995,1237.813,0,0.3063062971079208,36.28264518085473,29.47607803556452,0.2634072069023853,0.0658940957536796,0.3293013026560649,1,RELIANCE,1
2025-04-09,1169.5,1189.8,1168.0,1185.35,10223104,0.0026645237692437,-0.0525916157135436,0.0220479136976413,14476943.8,1246.3425,1236.933,0,0.7270641868319153,37.26237476309106,28.927786747309906,0.2600497743282575,0.0683764289028556,0.3284262032311131,1,RELIANCE,1
2025-04-11,1195.15,1222.65,1195.15,1218.95,11224242,0.0283460581262919,-0.0238247777688795,0.028283581109751,14391893.3,1244.925,1236.624,0,0.8654545139834705,46.680195852181406,29.52580197964493,0.2253168710775666,0.0940563599819517,0.3193732310595183,1,RELIANCE,1
2025-04-15,1251.0,1251.0,1237.1,1240.1,13378535,0.0173509988104514,0.0293849091060014,0.0233361999908897,14226941.2,1244.0775,1236.716,0,-0.7841726054552097,51.60489366198913,29.70610183824172,0.2044189984678655,0.1095072977985646,0.3139262962664301,0,RELIANCE,1
2025-04-16,1234.1,1240.9,1229.0,1239.3,8248464,-0.0006451092653817,0.0631380286523117,0.0116920782607121,13237074.7,1243.6474999999998,1236.441,0,0.4369747531953994,51.41146744424547,28.43423742122446,0.205196481884935,0.1089324618736383,0.3141289437585733,0,RELIANCE,1
2025-04-17,1240.2,1280.2,1227.6,1274.5,15398401,0.028403130799645,0.0780747758416511,0.0137837866176127,13566950.0,1245.4299999999998,1236.629,1,0.6520912423556773,58.739627647528685,30.16036331970844,0.1719105531581011,0.1335425657120439,0.3054531188701451,1,RELIANCE,1
2025-04-21,1270.0,1300.9,1267.0,1295.5,10429964,0.0164770498234601,0.092926139958662,0.0118916547121893,13595687.4,1248.265,1237.247,1,0.7522123671913736,62.3845535764147,30.42748022544356,0.1529139328444615,0.147587803936704,0.3005017367811655,1,RELIANCE,1
2025-04-22,1300.0,1303.9,1286.3,1291.2,13051707,-0.0033191817830953,0.0592723245416135,0.0133389959056564,14157421.5,1250.4675,1238.153,1,-0.4999999715909042,61.19252199662503,29.511231637911884,0.1567534076827756,0.1447490706319703,0.3015024783147459,0,RELIANCE,1
2025-04-23,1297.0,1306.0,1285.4,1300.0,10480888,0.0068153655514249,0.0483025562454642,0.0130428026915031,13414645.1,1252.01,1238.4489999999998,1,0.1456310608916967,62.76075454067823,28.874715092346744,0.1489230769230768,0.1505384615384615,0.2994615384615384,1,RELIANCE,1
2025-04-24,1292.4,1304.5,1290.3,1301.6,10468940,0.0012307692307691,0.0502703138868716,0.0126988034581263,12245928.5,1253.2725,1238.917,1,0.6478872783177825,63.053099123975855,27.826521157179123,0.1475107559926244,0.1515826674861708,0.2990934234787953,0,RELIANCE,1
2025-04-25,1303.5,1325.2,1288.1,1300.4,14431012,-0.0009219422249537,0.0203216947822675,0.0078906862841921,11733525.7,1253.1875,1239.294,1,-0.0835579492302412,62.65581472862305,28.488912503094912,0.1485696708705012,0.1507997539218702,0.2993694247923715,1,RELIANCE,1
2025-04-28,1340.0,1374.6,1320.2,1368.8,31104496,0.052599200246078,0.0565804708606714,0.0233998921367096,13821664.9,1257.355,1241.336,1,0.5294117549740491,73.0711354964488,31.753990181445264,0.0911747516072472,0.1932349503214494,0.2844097019286966,0,RELIANCE,1
2025-04-29,1371.0,1410.9,1370.0,1399.7,32538970,0.0225745178258329,0.0840303593556381,0.0221952105237606,15953137.7,1263.6875,1244.257,1,0.7017114742857826,76.28847054369339,32.49299088277061,0.0670858041008786,0.2110452239765664,0.2781310280774451,0,RELIANCE,1
2025-04-30,1402.0,1412.4,1369.0,1405.0,25480745,0.0037865256840752,0.0807692307692307,0.022562525084915,17163358.7,1270.0275,1247.66,1,0.0691244223704048,76.8004584759671,33.27206296257272,0.0630604982206405,0.2140213523131673,0.2770818505338078,0,RELIANCE,1
2025-05-02,1414.0,1426.7,1409.1,1422.4,17535402,0.0123843416370106,0.0928088506453597,0.0212696586367842,18092052.5,1277.3925000000002,1251.777,1,0.4772727001549616,78.4459199208168,32.44548703667467,0.0500562429696286,0.2236361079865017,0.2736923509561304,0,RELIANCE,1
2025-05-05,1431.0,1439.5,1426.9,1431.3,12685649,0.0062570303712035,0.1006613349738541,0.0198615820445141,17820777.3,1286.3275,1256.081,1,0.0238095219198757,79.25635606074304,31.34938081976933,0.0435268636903514,0.2284636344581848,0.2719904981485362,0,RELIANCE,1
2025-05-06,1431.0,1432.0,1410.6,1420.9,14084117,-0.0072661217075384,0.038062536528346,0.0110052252274816,18186192.6,1294.815,1260.154,1,-0.4719625947680967,75.67561211857478,30.638710761214384,0.0511647547329156,0.2228165247378423,0.2739812794707579,0,RELIANCE,1
2025-05-07,1420.9,1424.4,1402.7,1406.0,13440169,-0.0104863114927159,0.0045009644923912,0.0095557231980669,18225038.8,1302.68,1263.7759999999998,1,-0.6866359130582556,70.74423907380319,30.000231421127644,0.0623044096728306,0.2145803698435277,0.2768847795163584,0,RELIANCE,1
2025-05-08,1404.1,1420.8,1398.0,1407.0,16106175,0.0007112375533429,0.001423487544484,0.0094243745975425,18787567.5,1312.795,1267.408,1,0.1271929768775052,70.88138441284484,29.48592917676138,0.061549395877754,0.215138592750533,0.2766879886282871,0,RELIANCE,1
2025-05-09,1385.5,1394.8,1374.5,1377.2,13668904,-0.0211798152096659,-0.0317772778402699,0.0105671768218409,19107563.9,1323.37,1270.403,1,-0.40886697493266,61.61227800321944,29.70121994984985,0.0845193145512633,0.1981556781876271,0.2826749927388904,1,RELIANCE,1
2025-05-12,1400.0,1439.0,1400.0,1436.5,10674081,0.04305837932036,0.0036330608537693,0.0248052095714239,18731870.8,1336.0849999999998,1274.473,1,0.9358974119000664,70.0151941598949,31.993989953432003,0.0397493908806125,0.2312565262791507,0.2710059171597633,0,RELIANCE,1
2025-05-13,1433.5,1447.7,1412.4,1415.7,11407896,-0.0144796380090497,-0.0036596523330283,0.0256008197659515,16762210.8,1347.6025,1278.224,1,-0.5042492775000199,64.66806266008064,32.230133528186855,0.0550257822985094,0.2199618563254927,0.2749876386240022,1,RELIANCE,1
2025-05-14,1420.0,1429.9,1415.5,1424.4,5570160,0.0061453697817335,0.0130867709815079,0.02504943063616,14065329.8,1357.875,1282.421,1,0.3055555343364256,65.84308940346344,30.9565525618878,0.0485818590283626,0.224726200505476,0.2733080595338387,0,RELIANCE,1
2025-05-15,1425.0,1461.4,1412.7,1454.2,20177211,0.0209210895815781,0.033546552949538,0.0262209530665353,13534976.4,1368.5800000000002,1287.425,1,0.5995893100700351,69.5754696126084,32.2239416646101,0.0270939348095171,0.2406133956814744,0.2677073304909915,0,RELIANCE,1
2025-05-16,1453.2,1461.0,1447.3,1456.4,9036695,0.0015128593040847,0.0575079872204473,0.0217256845966465,12685105.7,1379.435,1292.4109999999998,1,0.2335766252863802,69.83750841674616,30.90080297428081,0.0255424333974181,0.2417605053556716,0.2673029387530897,0,RELIANCE,1
2025-05-19,1452.1,1454.6,1438.2,1440.8,6195791,-0.0107113430376271,0.0029933867037938,0.0141407471733733,12036119.9,1387.75,1297.225,1,-0.6890243482302256,65.52774389432255,29.99360276183219,0.036646307606885,0.2335508051082732,0.2701971127151582,0,RELIANCE,1
2025-05-20,1438.2,1445.0,1421.8,1424.6,11270560,-0.0112437534702942,0.006286642650279,0.0133240862748209,11754764.2,1394.2050000000002,1302.292,1,-0.5862068712841912,61.29734273311279,29.508345421701325,0.0484346483223361,0.224835041415134,0.2732696897374702,0,RELIANCE,1
2025-05-21,1423.9,1436.2,1418.1,1429.2,6136364,0.0032289765548225,0.0033698399326032,0.0131226167820848,11024383.7,1401.105,1307.638,1,0.2928176633802348,62.046606025445655,28.693463605865528,0.0450601735236495,0.2273299748110832,0.2723901483347327,0,RELIANCE,1
2025-05-22,1421.2,1423.8,1396.9,1409.4,12134466,-0.0138539042821158,-0.0308073167377251,0.0079493209005935,10627212.8,1406.575,1312.314,1,-0.4386616937300491,56.93707687612361,28.9510733483037,0.0597417340712358,0.2164750957854407,0.2762168298566765,0,RELIANCE,1
2025-05-23,1406.6,1433.8,1406.6,1426.8,6474883,0.0123456790123455,-0.0203240867893437,0.0113362456326634,9907810.7,1412.8349999999998,1316.658,1,0.7426470315203302,60.05053188032363,28.825996680567727,0.0468180543874404,0.2260302775441547,0.2728483319315951,0,RELIANCE,1
2025-05-26,1432.0,1441.0,1425.1,1434.8,4842944,0.0056069526212503,-0.004164353137146,0.0112867794862581,9324697.0,1419.555,1320.358,1,0.1761006178553032,61.43123480277554,27.902711203384325,0.0409813214385279,0.2303456927794814,0.2713270142180095,0,RELIANCE,1
2025-05-27,1426.1,1437.0,1413.9,1422.1,12640414,-0.0088514078617228,-0.0017548785624035,0.0107714175925021,9447948.8,1422.22,1324.0320000000002,0,-0.1731601656640627,58.00398700200154,27.55966040314258,0.0502777582448491,0.2234723296533295,0.2737500878981787,0,RELIANCE,1
2025-05-28,1420.1,1422.6,1410.7,1412.9,5944611,-0.0064693059559804,-0.0114049818080044,0.0108489298604503,9485393.9,1422.88,1327.344,0,-0.6050419659628516,55.58473776732983,26.44111323148953,0.0571165687592892,0.2184160237808763,0.2755325925401655,0,RELIANCE,1
2025-05-29,1412.1,1420.0,1408.6,1417.8,13771917,0.0034680444475898,0.0059599829714771,0.0087840547730924,8844864.5,1423.52,1330.559,0,0.4999999561403547,56.62245883179458,25.366748000668856,0.0534631118634503,0.2211172238679644,0.2745803357314148,0,RELIANCE,1
2025-05-30,1418.0,1430.6,1409.7,1420.9,13788484,0.0021864861052336,-0.004135127558172,0.0064255319133673,9320043.4,1423.4450000000002,1334.019,0,0.1387559742222074,57.30213933881068,25.047694572049643,0.0511647547329156,0.2228165247378423,0.2739812794707579,0,RELIANCE,1
2025-06-02,1412.1,1417.5,1395.6,1413.7,8098668,-0.0050672109226547,-0.0147058823529411,0.0054605274503273,9510331.1,1422.565,1337.516,0,0.0730593573945558,55.14106110488408,25.065716388331825,0.0565183560868641,0.2188583150597723,0.2753766711466364,1,RELIANCE,1
2025-06-03,1422.3,1426.5,1403.4,1405.5,11252626,-0.0058003819763741,-0.0116728781379649,0.0047614463429682,9508537.7,1421.7949999999998,1340.85,0,-0.7272726957890616,52.70323369879837,24.925308074879545,0.0626823194592671,0.2143009605122732,0.2769832799715403,1,RELIANCE,1
2025-06-04,1414.7,1425.7,1406.1,1423.5,8126827,0.0128068303094983,0.0075023002335621,0.0075599429823508,9707584.0,1422.6699999999998,1344.3770000000002,1,0.4489795689296084,57.17863215628487,24.58778606953101,0.0492448191078327,0.2242360379346681,0.2734808570425008,1,RELIANCE,1
2025-06-05,1428.0,1454.7,1423.6,1442.4,13716817,0.013277133825079,0.0173508252221752,0.0092712873371976,9865819.1,1424.44,1347.842,1,0.463022493150403,61.31756212507192,25.06008706456451,0.0354963948973931,0.2344009983361065,0.2698973932334996,0,RELIANCE,1
2025-06-06,1441.0,1451.5,1437.0,1443.5,8182161,0.0007626178591235,0.015905412062777,0.0093425667015733,10036546.9,1427.755,1351.185,1,0.1724137812128426,61.55049663816406,24.30579513138133,0.03470730862487,0.2349844128853481,0.2696917215102182,0,RELIANCE,1
2025-06-09,1457.0,1457.5,1445.3,1448.8,7885125,0.0036716314513334,0.0248284643135034,0.0081518378490382,10340765.0,1428.37,1354.119,1,-0.6721310924482724,62.71547143115625,23.569666907711238,0.0309221424627277,0.2377829928216455,0.2687051352843732,0,RELIANCE,1
2025-06-10,1450.0,1453.9,1436.0,1438.5,7913181,-0.0071093318608502,0.023479188900747,0.0085922508809108,9868041.7,1429.51,1357.18,1,-0.642458064667144,58.97570099502679,23.16469070001758,0.0383037886687521,0.232325338894682,0.2706291275634341,1,RELIANCE,1
2025-06-11,1445.8,1468.6,1443.1,1448.9,8195700,0.0072297532151548,0.0178433438707412,0.0075756522311531,10093150.6,1430.735,1360.697,1,0.1215686226835887,61.47378692380437,23.660069935730604,0.0308509904065151,0.2378355994202499,0.2686865898267651,0,RELIANCE,1
2025-06-12,1453.5,1457.0,1434.4,1441.6,8828114,-0.0050383049209746,-0.0005546311702718,0.0059626363848381,9598770.3,1430.105,1363.965,1,-0.526548649267765,58.768668634969934,23.584350654606983,0.0360710321864594,0.2339761376248612,0.2700471698113207,0,RELIANCE,1
2025-06-13,1424.0,1435.5,1414.3,1427.9,9757276,-0.0095033296337401,-0.0108070661586421,0.0072263389351454,9195649.5,1428.68,1367.021,0,0.1839622554734824,53.968880245130805,23.84975417927791,0.0460116254639679,0.2266265144617971,0.2726381399257651,1,RELIANCE,1
2025-06-16,1426.9,1442.4,1424.4,1437.8,8458093,0.0069332586315566,-0.0075924903368305,0.0079900861101586,9231592.0,1428.5300000000002,1370.725,1,0.6055555219135745,56.7197219009157,23.43191459504377,0.0388092919738489,0.2319515927110864,0.2707608846849353,1,RELIANCE,1
2025-06-17,1448.0,1448.0,1425.8,1431.2,10366599,-0.0045903463624982,-0.0050747306221758,0.0076185685402725,9142989.3,1428.86,1374.326,1,-0.7567567226686125,54.38628082945689,23.34392069539779,0.0435997764114029,0.2284097261039687,0.2720095025153716,0,RELIANCE,1
2025-06-18,1430.0,1442.8,1425.7,1430.1,6681735,-0.0007685858021241,-0.0129753606184003,0.0061603501099886,8998480.1,1428.905,1377.954,1,0.0058479528743834,53.98763203318812,22.897926360012228,0.04440248933641,0.2278162366268093,0.2722187259632193,0,RELIANCE,1
2025-06-19,1430.1,1439.9,1425.7,1433.3,10007230,0.0022376057618349,-0.0057574916759156,0.0062963051050526,8627521.4,1430.1,1382.526,1,0.2253520968061928,55.02052996266263,22.276645905725644,0.0420707458312983,0.2295402218656247,0.2716109676969231,1,RELIANCE,1
2025-06-20,1431.0,1471.0,1428.1,1466.2,29010635,0.0229540221865625,0.0268226066251138,0.0107044713793917,10710368.8,1432.07,1388.536,1,0.8205128013866474,63.97462890086416,23.74974262674525,0.0186877642886372,0.2468285363524758,0.265516300641113,0,RELIANCE,1
2025-06-23,1453.0,1463.8,1442.0,1456.8,5989078,-0.00641113081435,0.013214633467798,0.0118176873268688,10520764.1,1433.1699999999998,1394.0280000000002,1,0.1743119186095433,60.28219082168089,23.78190386769202,0.0252608456891817,0.2419686985172982,0.2672295442064799,1,RELIANCE,1
2025-06-24,1465.0,1475.0,1443.1,1450.8,16402744,-0.0041186161449753,0.0136948015651201,0.0117467613117388,11369720.4,1434.605,1399.3369999999998,1,-0.4451410518764562,57.98178169297105,24.3617678771426,0.0295009649848359,0.238833746898263,0.2683347118830989,1,RELIANCE,1
2025-06-25,1464.0,1472.4,1460.5,1467.3,7525851,0.0113730355665839,0.02601216698133,0.0120803784433865,11302735.5,1437.325,1404.304,1,0.2773109010663049,62.24826762308392,24.164498743060992,0.0179240782389422,0.2473931711306481,0.2653172493695904,1,RELIANCE,1
2025-06-26,1469.1,1498.8,1465.1,1495.3,14657893,0.0190826688475431,0.0432568199260448,0.013329557282076,11885713.4,1441.2,1409.408,1,0.7774480481469426,68.1571275211339,24.845605975699492,-0.0011368956062328,0.2614859894335585,0.2603490938273256,0,RELIANCE,1
2025-06-27,1499.4,1522.0,1496.9,1515.4,11117052,0.0134421186384003,0.0335561314963852,0.0112867692307036,12021691.0,1445.925,1414.93,1,0.6374501738067683,71.59425542890541,24.978062691720964,0.0031014913554175,0.2712815098323876,0.2743830011878052,0,RELIANCE,1
2025-06-30,1513.8,1524.8,1496.0,1500.6,8409527,-0.0097663983106771,0.0300658978583194,0.0123123570120685,12016834.4,1450.27,1419.4520000000002,1,-0.4583333174189843,65.94949790316991,25.25105821374089,0.0045315207250434,0.2640943622550979,0.2686258829801414,1,RELIANCE,1
2025-07-01,1500.6,1531.4,1500.1,1528.4,10368523,0.0185259229641479,0.0534877309070858,0.0118133171249957,12017026.8,1456.4150000000002,1424.11,1,0.8881788853616975,70.63322083007662,25.683125484187983,-0.0014394137660298,0.2774797173514787,0.2760403035854489,0,RELIANCE,1
2025-07-02,1528.4,1530.0,1508.7,1518.8,6361002,-0.0062810782517666,0.0350984802017311,0.0139448720768273,11984953.5,1461.18,1428.6619999999998,1,-0.4507042041922982,67.19588869623414,25.37004509246027,0.0008559388991308,0.2729128259151962,0.2737687648143271,1,RELIANCE,1
2025-07-03,1520.8,1531.9,1513.0,1517.8,11283291,-0.000658414537793,0.0150471477295526,0.0123751941120384,12112559.6,1464.95,1433.0179999999998,1,-0.1587301503317373,66.83104721978262,24.9078990144274,0.0015153511661615,0.2724337857425221,0.2739491369086836,1,RELIANCE,1
2025-07-04,1524.0,1530.0,1517.2,1527.3,6603501,0.0062590591645803,0.0078527121552065,0.0112316438089124,9871846.2,1469.14,1437.5320000000002,1,0.2578124798583974,68.57656184594467,24.04304908482544,-0.0007202252340731,0.2769593400117855,0.2762391147777123,0,RELIANCE,1
2025-07-07,1526.6,1544.8,1525.0,1541.5,7251074,0.0092974530216722,0.0272557643609223,0.0095048128032207,9998045.8,1473.775,1442.354,1,0.7525252145189348,71.03059658489795,23.73997415019505,0.0,0.2836198507946805,0.2836198507946805,0,RELIANCE,1
2025-07-08,1536.0,1544.9,1530.2,1537.6,7171261,-0.0025300032435939,0.0060193666579428,0.0064127699028442,9074897.5,1478.73,1445.73,1,0.1088435300106376,69.42692338536962,23.0942617108954,0.0025364203954214,0.281802809573361,0.2843392299687826,0,RELIANCE,1
2025-07-09,1536.7,1551.0,1510.1,1519.0,8870660,-0.0120967741935483,0.0001316829075586,0.0083482049476277,9209378.4,1482.235,1448.1159999999998,1,-0.432762825604821,62.21280578009774,24.366100160117163,0.0007241606319946,0.2730085582620145,0.2737327188940092,0,RELIANCE,1
2025-07-10,1519.7,1524.7,1507.5,1517.2,10047129,-0.0011849901250822,-0.0003953089998681,0.0083627520463267,8748302.0,1486.015,1450.36,1,-0.1453488287587886,61.54630368721526,23.85423586296594,0.0019114157658844,0.272146058528869,0.2740574742947534,0,RELIANCE,1
2025-07-11,1512.0,1515.0,1490.3,1495.2,7234991,-0.0145003954653308,-0.0210174818306815,0.0095199469262407,8360095.9,1489.38,1451.816,1,-0.6801619157829153,53.94009410206257,24.071790444182664,-0.0010700909577314,0.2614365971107544,0.260366506153023,0,RELIANCE,1
2021-09-23,313.2,324.0,313.2,321.5,52701665,0.0367623347307319,0.0316059682335954,0.0275682402001752,27294472.5,299.575,298.338,1,0.7685184473594033,66.88039853860772,8.664811065769323,2.089113530326594,0.0701399688958009,2.159253499222395,1,TATAMOTORS,2
2021-09-24,325.1,326.95,316.05,317.95,28901243,-0.0110419906687403,0.0302981205443939,0.0277592333315498,26782499.8,301.2575,298.478,1,-0.6559632425721841,63.12154963207698,8.82446741821437,2.1236043403050795,0.059757823557163,2.1833621638622427,1,TATAMOTORS,2
2021-09-27,323.15,333.6,323.15,331.65,56305136,0.0430885359333228,0.1093828399397891,0.0219033533498744,30779027.4,303.5525,298.92,1,0.813397051349561,70.10449713283924,9.31200545977049,1.9945725915875168,0.0985979194934418,2.093170511080959,1,TATAMOTORS,2
2021-09-28,334.0,336.0,324.5,329.3,28497009,-0.007085783205186,0.0905779102500414,0.0251729273741719,31305263.4,305.42,299.301,1,-0.4086956166351628,67.73523700145637,9.468290784072597,2.015942909201336,0.092165198906772,2.1081081081081083,0,TATAMOTORS,2
2021-09-29,325.0,333.0,324.0,330.25,19740150,0.0028849073792893,0.0649790390196709,0.0252671175410208,30598391.2,307.5675,299.681,1,0.5833332685185257,68.20307173437385,9.434841442353123,2.007267221801665,0.094776684330053,2.1020439061317187,1,TATAMOTORS,2
2021-09-30,331.25,337.9,329.1,333.35,30268517,0.0093868281604845,0.0368584758942458,0.0214938320713396,31000306.0,309.4725,300.171,1,0.2386363365186019,69.74472888974745,9.389495625042183,1.9793010349482525,0.1031948402579872,2.08249587520624,0,TATAMOTORS,2
2021-10-01,332.65,337.3,325.7,333.3,29877695,-0.000149992500375,0.0482780311369712,0.0196220192971056,31490868.6,311.48,300.79400000000004,1,0.056034477928065,69.68604195484508,9.54738879468203,1.9797479747974795,0.1030603060306031,2.082808280828083,1,TATAMOTORS,2
2021-10-04,336.8,343.25,335.15,342.0,29553072,0.026102610261026,0.0312075983717774,0.0125905739325736,32482907.0,313.8025,301.583,1,0.641975229385771,73.8148035428184,9.576146737919029,1.9039473684210528,-0.0885964912280702,1.8153508771929825,0,TATAMOTORS,2
2021-10-05,340.45,351.5,338.85,344.95,31861985,0.0086257309941519,0.0475250531430306,0.0101639208624479,33725172.5,316.1775,302.571,1,0.3557311971754001,75.05542888553322,9.795707685210523,1.8791129149152053,-0.0792868531671257,1.7998260617480792,0,TATAMOTORS,2
2021-10-06,347.0,348.7,335.0,336.05,25272592,-0.0258008407015508,0.0175624526873581,0.0189972320166438,33297906.4,318.25,303.42900000000003,1,-0.7992700146518237,65.04302785977075,10.074585707695489,1.9553637851510188,-0.1078708525517036,1.8474929325993152,1,TATAMOTORS,2
2021-10-07,341.1,383.0,339.25,376.5,163238084,0.1203689927094182,0.1294435278236088,0.0560677849801268,44351548.3,322.3125,305.13100000000003,1,0.8091428386481632,78.85156288697988,12.70854387143152,1.637848605577689,-0.0049136786188579,1.6329349269588311,1,TATAMOTORS,2
2021-10-08,385.9,397.55,380.0,382.95,93728117,0.0171314741035857,0.1489648964896488,0.0545788071597998,50834235.7,326.5125,307.101,1,-0.1680911585133235,80.19499181524408,13.30436216632927,1.5934195064629848,0.0006528267397832,1.5940723332027682,1,TATAMOTORS,2
2021-10-11,390.15,420.9,388.0,415.75,113404983,0.085650868259564,0.215643274853801,0.0599439291701267,56544220.4,332.23999999999995,309.558,1,0.7781154778688317,85.30659977999214,15.06476486873432,1.3888153938665062,0.0794948887552616,1.468310282621768,1,TATAMOTORS,2
2021-10-12,423.0,435.7,413.6,420.85,97349265,0.0122669873722189,0.2200318886795189,0.059469567162711,63429446.0,337.9775,312.096,1,-0.0972850634712632,85.91531030496968,15.567281663824724,1.359866935962932,0.0906498752524653,1.4505168112153974,1,TATAMOTORS,2
2021-10-13,462.9,523.85,462.9,506.9,197949387,0.2044671498158488,0.5084064871298912,0.0796487627591813,81250369.7,347.725,316.297,1,0.721903187499537,91.964258319984,21.81247583069439,0.9592621818899192,0.2450187413691063,1.2042809232590257,0,TATAMOTORS,2
2021-10-14,530.0,530.0,492.0,497.6,103630901,-0.0183468139672517,0.3216467463479415,0.0891386911794527,88586608.1,357.0225,320.175,1,-0.8526315565096954,87.58616670247639,22.96872755707336,0.9958802250803858,0.2309083601286174,1.2267885852090032,1,TATAMOTORS,2
2021-10-18,507.0,525.0,503.6,509.6,72322623,0.0241157556270097,0.3307220263742003,0.0883455853385752,92831100.9,367.0725000000001,324.404,1,0.1214953214254534,88.35642285948707,23.285247017282405,0.9488814756671898,0.2490188383045526,1.1979003139717426,0,TATAMOTORS,2
2021-10-19,512.45,517.4,476.05,481.9,57428637,-0.0543563579277865,0.1591100420926037,0.1002190342214976,95618657.4,376.22,328.04799999999994,1,-0.7388149760867018,76.54907347556102,24.575586516047945,1.0609047520232413,0.2058518364805976,1.2667565885038392,0,TATAMOTORS,2
2021-10-20,481.8,497.0,471.25,486.9,55444814,0.0103755965968044,0.1569442794344777,0.1003233401278598,97976940.3,385.4675,331.785,1,0.1980582447356008,77.14283435951032,24.659473193473094,1.0397412199630314,0.2140069829533785,1.25374820291641,0,TATAMOTORS,2
2021-10-21,491.75,510.4,485.75,508.0,52608672,0.0433353871431505,0.0021700532649437,0.03825293287528,100710548.3,395.3625,335.983,1,0.6592291821813725,79.50152149692585,24.658796536796444,0.95501968503937,0.2466535433070866,1.2016732283464568,0,TATAMOTORS,2
2021-10-22,509.9,510.7,487.4,490.9,42742785,-0.0336614173228346,-0.0134646302250804,0.0407250281581464,88661018.4,403.8325,339.917,1,-0.8154506087789434,72.93296178651545,24.561739641310982,1.0231207985333062,0.22041148910165,1.2435322876349564,0,TATAMOTORS,2
2021-10-25,493.9,496.0,473.25,479.9,33107841,-0.0224078223670808,-0.0582810047095762,0.0385101105708497,82598990.8,411.93,343.606,1,-0.6153845883347433,68.98450385535807,24.43232966693163,1.0694936445092729,0.2025421962908939,1.2720358408001669,1,TATAMOTORS,2
2021-10-26,483.5,510.0,483.25,508.65,58027770,0.0599083142321317,0.0555094417929031,0.0404580479493345,77061269.5,420.78,347.65899999999993,1,0.9401868807406764,73.08574966351641,24.8371632621508,0.9525213801238572,0.2476162390641895,1.2001376191880468,0,TATAMOTORS,2
2021-10-27,505.75,506.55,496.0,497.9,30361263,-0.0211343753071856,0.0225919079893202,0.043049994228535,70362469.3,429.2099999999999,351.472,1,-0.7440757588553797,69.39091524123901,23.9666516005686,0.9946776461136776,0.231371761397871,1.226049407511549,0,TATAMOTORS,2
2021-10-28,493.9,493.9,478.55,481.05,25182748,-0.0338421369752961,-0.0530511811023621,0.0396646951976953,53085805.4,436.75,355.019,1,-0.837133495952215,63.934890569655295,23.636890771956555,1.0645463049579045,0.2044486020164224,1.2689949069743272,0,TATAMOTORS,2
2021-10-29,482.0,491.6,467.7,483.7,31054342,0.0055087828708033,-0.0146669382766346,0.0376987148516641,45828149.5,444.2674999999999,358.73900000000003,1,0.0711297041368318,64.40885561539821,23.65568428824537,1.0532354765350425,0.2088071118461856,1.262042588381228,1,TATAMOTORS,2
2021-11-01,486.45,489.7,469.8,485.7,34315690,0.0041347942939837,0.012085851219004,0.0360066419085452,42027456.2,451.8875,362.586,1,-0.0376884403171638,64.78500083561192,23.38742112479928,1.044780728844966,0.2120650607370805,1.2568457895820466,1,TATAMOTORS,2
2021-11-02,506.5,510.0,486.5,487.85,51580720,0.0044266007823761,-0.0408925587339034,0.0181956342565109,41442664.5,459.18,366.681,1,-0.7936169875056591,65.2106512317147,23.45260533017076,1.0357691913498,0.2155375627754433,1.2513067541252434,0,TATAMOTORS,2
2021-11-03,483.8,495.0,481.6,484.9,22950198,-0.0060469406579892,-0.0261096605744125,0.0167000794701199,38193202.9,466.1775,370.84,1,0.082089546112718,64.06639344788817,22.73456209230142,1.0481542586100228,0.2107651062074654,1.2589193648174883,1,TATAMOTORS,2
2021-11-04,489.8,493.55,488.0,489.7,5531940,0.0098989482367499,0.017981498804698,0.0058598576724977,33485529.7,473.86,375.038,1,-0.0180180147715329,65.13830210362485,21.728521942851323,1.0280784153563407,0.2185011231366142,1.246579538492955,1,TATAMOTORS,2
2021-11-08,493.9,504.85,490.25,501.4,31736426,0.0238921788850317,0.0365929295017573,0.0109369002411083,32384893.8,480.105,379.37799999999993,1,0.5136985949521503,67.66989242721282,21.258627518361944,0.9807538891104908,0.2367371360191463,1.2174910251296371,1,TATAMOTORS,2
2021-11-09,505.0,520.65,503.5,509.65,50458762,0.0164539289988032,0.0493102738315831,0.0114329004127653,34119985.9,486.44,383.885,1,0.2711370104293278,69.35952825377429,21.115154124193232,0.9486902776415188,0.2490925144707151,1.197782792112234,0,TATAMOTORS,2
2021-11-10,506.25,515.95,500.2,510.75,26615777,0.0021583439615422,0.046940657989136,0.011736660954836,30978786.6,491.19,388.385,1,0.2857142675736963,69.58775047349702,20.731928829608005,0.9444933920704844,0.250709740577582,1.1952031326480668,0,TATAMOTORS,2
2021-11-11,510.0,519.0,501.0,503.45,29256213,-0.01429270680372,0.0382553103732727,0.0146459217494763,30868281.6,495.3200000000001,392.615,1,-0.3638888686728412,66.07064123236677,20.536791056064576,0.97268844969709,0.2398450690237362,1.2125335187208264,0,TATAMOTORS,2
2021-11-12,506.95,509.55,497.35,507.05,20731808,0.0071506604429436,0.0354298550132734,0.0145905783662288,30423187.6,495.3275,397.01,1,0.0081967206396149,66.95757123565132,19.94130598063139,0.9586825756828714,0.2452420865792328,1.2039246622621045,1,TATAMOTORS,2
2021-11-15,506.25,514.9,504.5,505.45,18014977,-0.0031555073464155,0.0080773833266853,0.0114775210309424,29119251.1,495.7200000000001,401.214,1,-0.0769230695266292,66.13017125343455,19.259784124872,0.9648827777228212,0.2428529033534474,1.2077356810762687,1,TATAMOTORS,2
2021-11-16,506.9,526.85,506.2,519.05,55897781,0.0269067167870213,0.0184440302168154,0.0151950372816619,31277460.2,496.1925,405.732,1,0.5883776954780756,69.57202544839556,19.412656687381148,0.9133994798189,0.2626914555437818,1.176090935362682,0,TATAMOTORS,2
2021-11-17,520.25,536.7,520.25,530.15,48463415,0.0213852230035642,0.0379833578071462,0.017014369923384,30965729.7,498.605,410.4239999999999,1,0.6018236716216582,72.06699832715618,19.2867526382825,0.8733377346034141,0.2781288314627935,1.1514665660662078,0,TATAMOTORS,2
2021-11-18,531.45,534.2,501.3,509.7,47197742,-0.0385739884938224,0.0124143410467771,0.0259457659573484,33390484.1,499.745,414.669,1,-0.6610942048299645,61.98324704841399,20.259127449833752,0.9484991171277222,0.2491661761820678,1.1976652933097902,0,TATAMOTORS,2
2021-11-22,512.25,512.25,478.4,486.1,40044849,-0.0463017461251715,-0.0413174243171284,0.0335679097237057,36841775.0,498.65,418.499,0,-0.7725258265132684,52.80131986870413,21.229904060559917,1.0430981279572102,0.2127134334499074,1.255811561407118,0,TATAMOTORS,2
2021-11-23,484.4,499.35,477.0,495.5,27553684,0.0193375848590824,-0.0196854288257988,0.0358034889719268,36423500.8,498.88,422.504,0,0.4966442730807936,55.62123029329742,21.309910913377063,1.0043390514631685,0.227648839556004,1.2319878910191726,0,TATAMOTORS,2
2021-11-24,499.0,501.8,485.3,488.65,20915837,-0.013824419778002,-0.058568538676428,0.0315512054984488,33469208.3,499.3175,426.298,0,-0.6272726892562019,53.13011616074001,20.96634584813584,1.0324363041031417,0.2168218561342474,1.249258160237389,0,TATAMOTORS,2
2021-11-25,490.8,495.15,486.5,492.75,15336539,0.0083904635219482,-0.0705460718664529,0.0285475610367456,32341284.5,498.5225,430.129,0,0.2254334999498837,54.445234454906505,20.08660685898328,1.015525114155251,0.2233384069000507,1.238863521055302,0,TATAMOTORS,2
2021-11-26,486.0,486.75,458.0,460.2,51787989,-0.0660578386605784,-0.0971159505591524,0.0360701792678863,34594462.1,496.6375,433.211,0,-0.897391273134217,43.91113480564153,21.133992083341617,1.1580834419817472,0.1684050412863972,1.3264884832681445,0,TATAMOTORS,2
2021-11-29,457.0,470.75,443.1,461.45,42819150,0.0027162103433289,-0.0507097305081259,0.0336067304735276,36803196.3,495.6575,436.201,0,0.1609403196766608,44.356377344262825,21.599421220245784,1.1522375121898365,0.1706577093943005,1.3228952215841372,0,TATAMOTORS,2
2021-11-30,466.55,478.0,455.65,458.6,35471800,-0.0061761837685555,-0.0744702320887991,0.0297788601103048,38548878.6,494.4025,439.14,0,-0.355704682071378,43.50834562397349,21.65303399022823,1.165612734409071,0.1655037069341474,1.3311164413432186,1,TATAMOTORS,2
2021-12-01,467.85,478.4,463.55,475.25,28256188,0.0363061491495857,-0.0274224905351477,0.0376645690576425,35784719.3,493.88,442.473,0,0.4983164647598336,49.57383728312024,21.52067441949764,1.0897422409258284,0.1947396107311941,1.2844818516570229,0,TATAMOTORS,2
2021-12-02,479.4,480.45,471.7,479.1,21012008,0.0081009994739611,-0.0277016742770166,0.037639124152022,33039578.6,493.4425,446.0760000000001,0,-0.0342857103673421,50.88697293911569,20.608483389533525,1.072949279899812,0.2012106032143603,1.2741598831141725,0,TATAMOTORS,2
2021-12-03,480.0,484.7,477.3,480.1,20948900,0.0020872469213106,0.0432420686657974,0.0163037572770639,30414694.4,493.2025,449.639,0,0.0135135116873663,51.24213154157253,19.665020290281127,1.0686315350968547,0.2028744011664237,1.2715059362632786,0,TATAMOTORS,2
2021-12-06,480.1,480.9,466.0,467.2,17473075,-0.0268694022078734,0.0124607216383139,0.0229785507781141,28157517.0,492.0775,452.781,0,-0.8657717539750537,46.564216506973374,19.324661698118184,1.1257491438356166,0.1808647260273972,1.306613869863014,1,TATAMOTORS,2
2021-12-07,476.85,484.9,471.0,481.8,21280797,0.03125,0.0505887483645879,0.02534261995069,27530228.3,491.0975,455.987,0,0.3561150822938788,51.91461433256762,19.208614433966886,1.061332503113325,0.2056870070568701,1.267019510170195,0,TATAMOTORS,2
2021-12-08,484.5,495.95,483.5,493.9,20581817,0.0251141552511415,0.0392425039452919,0.0228269729283512,27496826.3,490.31000000000006,459.5060000000001,1,0.7550200196771057,55.859282534217975,18.84728483154068,1.010832152257542,0.2251467908483498,1.235978943105892,0,TATAMOTORS,2
2021-12-09,498.0,498.5,489.55,493.95,16951593,0.0001012350678275,0.0309956167814651,0.023091391473949,27658331.7,489.47,462.752,1,-0.4525139159202347,55.87539075469968,18.14033591500206,1.010628606134224,0.2252252252252252,1.2358538313594494,0,TATAMOTORS,2
2021-12-10,487.75,496.8,486.55,494.45,14567815,0.0010122482032595,0.0298896063320139,0.0231457886984641,23936314.3,489.02,466.055,1,0.6536584728138065,56.04812175966239,17.576740492501912,1.008595409040348,0.2260086965314996,1.2346041055718475,0,TATAMOTORS,2
2021-12-13,499.45,506.4,494.2,495.35,21921272,0.0018202042673678,0.0602525684931507,0.0150697088609684,21846526.5,488.43500000000006,469.357,1,-0.3360655462241331,56.37913161382934,17.192687600180346,1.0049459977793478,0.2274149591198143,1.2323609568991625,0,TATAMOTORS,2
2021-12-14,491.95,491.95,483.3,489.4,17722547,-0.0120117088927022,0.0157741801577417,0.0134899820697485,20071601.2,487.6325,472.478,1,-0.2947976537806202,53.50995545737906,16.825352771596037,1.0293216183081324,0.2180220678381692,1.2473436861463016,0,TATAMOTORS,2
2021-12-15,487.8,497.7,487.25,491.65,16263723,0.0045974662852472,-0.0045555780522372,0.006437212334556,18872354.7,486.2625,475.645,1,0.3684210173759764,54.453886759404696,16.369970430767747,1.0200345774433033,0.2216007322282111,1.2416353096715145,0,TATAMOTORS,2
2021-12-16,495.0,496.5,487.4,491.95,13581352,0.0006101901759381,-0.0040489928130377,0.0064609064295944,18129289.1,484.3525,478.644,1,-0.335164798333539,54.58628763304535,15.850686828570051,1.0188027238540502,0.2220754141681065,1.2408781380221567,0,TATAMOTORS,2
2021-12-17,488.0,488.85,468.2,470.2,27341178,-0.0442118101433072,-0.0490443927596319,0.0202468819777256,18768516.9,482.3775,481.149,0,-0.8619854304123269,44.48880794276426,16.41492348367219,1.112186303700553,0.1860910250957039,1.298277328796257,0,TATAMOTORS,2
2021-12-20,459.9,460.0,440.0,447.05,33007516,-0.0492343683538919,-0.0975068133642879,0.0251717877887139,20321961.0,480.425,483.3689999999999,0,-0.6424999678749999,36.70590251428437,17.399571806267033,1.2215635834917793,0.1439436304663908,1.3655072139581703,1,TATAMOTORS,2
2021-12-21,452.1,460.9,449.85,453.6,18838054,0.0146516049658875,-0.073150796894156,0.0297148063553704,20077686.7,478.3299999999999,484.911,0,0.1357465940500825,39.90903674002303,17.146030962962243,1.1894841269841268,0.156305114638448,1.345789241622575,1,TATAMOTORS,2
2021-12-22,458.15,472.15,458.15,470.5,22730750,0.0372574955908289,-0.0430184074036407,0.0375728226007978,20292580.0,477.4225,486.662,0,0.8821427941326593,47.31720476358507,17.246314465607792,1.1108395324123272,0.1866099893730074,1.2974495217853348,1,TATAMOTORS,2
2021-12-23,476.0,478.0,470.95,472.35,12116814,0.0039319872476089,-0.0398414473015549,0.0377959311422642,19809102.1,476.4025,487.7939999999999,0,-0.5177304230169572,48.07190374943698,16.550149146635807,1.1025722451571929,0.189795702339367,1.2923679474965597,0,TATAMOTORS,2
2021-12-24,474.9,474.9,460.0,467.6,15487368,-0.0100561024663914,-0.005529561888558,0.0321753772506071,19901057.4,476.7725,488.729,0,-0.4899328530246384,46.24029740158448,16.432281350447532,1.1239307100085545,0.1815654405474765,1.3054961505560307,1,TATAMOTORS,2
2021-12-27,465.7,472.45,460.1,471.15,12557565,0.0075919589392641,0.0539089587294485,0.0173723518181062,18964686.7,477.2575,488.014,0,0.4412955108262748,47.83985197028636,16.140689825415564,1.10792741165234,0.187732144752202,1.2956595564045423,1,TATAMOTORS,2
2021-12-28,475.2,482.8,472.65,480.2,22860916,0.0192083200679189,0.0586419753086417,0.0177485374100511,19478523.6,478.3375,487.666,1,0.4926107889053394,51.778840880995816,15.819926266457312,1.0682007496876302,0.2030403998334027,1.271241149521033,0,TATAMOTORS,2
2021-12-29,478.75,481.6,474.25,476.0,10263884,-0.0087463556851311,0.0116896918172157,0.0121574852908781,18878539.7,478.375,486.994,0,-0.3741496089592357,49.89565133880847,15.214931533138934,1.086449579831933,0.1960084033613445,1.2824579831932774,0,TATAMOTORS,2
2021-12-30,472.55,476.4,468.6,470.4,11923961,-0.011764705882353,-0.0041282946967292,0.0135995565634498,18712800.6,477.94,486.764,0,-0.2756409903024431,47.41925661002301,14.68529356648615,1.1112882653061225,0.1864370748299319,1.297725340136055,1,TATAMOTORS,2
2021-12-31,472.7,483.6,471.85,482.4,15541446,0.0255102040816326,0.0316509837467919,0.016507833845666,17532827.4,478.055,486.6739999999999,1,0.8255318446355868,52.82267268739195,14.57920116888,1.058768656716418,0.2066749585406301,1.2654436152570483,1,TATAMOTORS,2
2022-01-03,493.5,500.85,492.0,497.6,32748423,0.03150912106136,0.0561392337896637,0.0200411719085218,17506918.1,479.575,486.466,1,0.4632767838105343,58.62294391372922,14.85568679967429,0.9958802250803858,0.2309083601286174,1.2267885852090032,0,TATAMOTORS,2
2022-01-04,496.8,499.0,484.05,489.6,24100985,-0.0160771704180063,0.0195751770095793,0.0225471270882933,18033211.2,479.965,486.44,1,-0.4816053189561656,54.80387645649593,14.862423456840412,1.0284926470588234,0.2183415032679739,1.2468341503267977,0,TATAMOTORS,2
2022-01-05,486.95,492.75,483.55,489.75,15420105,0.0003063725490195,0.0288865546218486,0.0216027408843281,17302146.7,479.7575,486.637,1,0.3043477930056763,54.8632517718306,14.45796463849467,1.0278713629402756,0.2185809086268504,1.2464522715671262,0,TATAMOTORS,2
2022-01-06,481.5,492.95,477.1,488.85,16563230,-0.0018376722817763,0.0392219387755103,0.0199680897703429,17746788.3,479.50250000000005,486.241,1,0.4637223682194114,54.40145468536488,14.557395735745049,1.0316047867444,0.2171422726807814,1.2487470594251815,1,TATAMOTORS,2
2022-01-07,490.05,495.5,483.75,490.6,15532165,0.003579830213767,0.0169983416252073,0.0173671583927438,17751268.0,479.31,486.095,1,0.0468085066545961,55.19124667991423,14.356867468906117,1.024357929066449,0.219934773746433,1.2442927028128823,1,TATAMOTORS,2
2022-01-10,493.1,504.9,491.3,503.7,25193771,0.0267019975540154,0.0122588424437297,0.0154566763186648,19014888.6,479.7275,486.548,1,0.7794117073961975,60.68132504169,14.35280550684139,0.97170935080405,0.2402223545761365,1.2119317053801868,0,TATAMOTORS,2
2022-01-11,503.0,507.9,498.15,501.3,16269193,-0.0047647409172125,0.0238970588235294,0.01261865603545,18355716.3,480.32249999999993,486.9,1,-0.1743589564760033,59.24906520247974,14.024033684924149,0.9811490125673248,0.2365848793137842,1.2177338918811091,1,TATAMOTORS,2
2022-01-12,505.85,511.85,503.5,507.25,16255334,0.0118691402353878,0.035732516590097,0.0126493892476232,18954861.3,481.1025,487.331,1,0.1676646505790806,61.664829536138974,13.77588842171528,0.9579103006407096,0.2455396747166092,1.203449975357319,0,TATAMOTORS,2
2022-01-13,504.0,513.8,494.8,511.95,27572553,0.0092656481025135,0.0472537588217243,0.0116185610846285,20519720.5,482.1025,487.8130000000001,1,0.4184210306094201,63.50523347725327,14.149039248735615,0.9399355405801348,0.2524660611387831,1.192401601718918,0,TATAMOTORS,2
2022-01-14,509.0,515.4,505.65,509.9,12655602,-0.0040042972946576,0.0393395841826333,0.0129730949385196,20231136.1,484.0875,488.31299999999993,1,0.0923076828402353,62.10473968512488,13.834822159540211,0.9477348499705824,0.2494606785644244,1.197195528535007,1,TATAMOTORS,2
2022-01-17,514.8,526.9,512.0,525.0,27942414,0.0296136497352421,0.042287075640262,0.0140532925467499,19750535.2,487.985,489.019,1,0.6845637124453926,67.74696061433045,14.060906291001627,0.8917142857142857,0.2710476190476191,1.1627619047619049,0,TATAMOTORS,2
2022-01-18,527.9,528.5,507.15,510.8,19353195,-0.0270476190476189,0.0189507281069221,0.0210577448616818,19275756.2,490.8450000000001,489.2070000000001,1,-0.8009367306352795,58.87015956738484,14.58155584164437,0.9443030540328896,0.2507830853563039,1.1950861393891934,0,TATAMOTORS,2
2022-01-19,510.0,522.2,504.8,520.85,21799071,0.019675019577134,0.0268112370625923,0.0220582102672631,19913652.8,493.3625,489.431,1,0.6235631825538401,62.60476979490217,14.782873281526918,0.9067869828165498,0.2652395123356053,1.172026495152155,0,TATAMOTORS,2
2022-01-20,519.95,523.2,512.0,515.7,18364451,-0.0098876835941249,0.0073249340755934,0.0228883574877048,20093774.9,495.53,489.53,1,-0.3794642518335474,59.61741208812416,14.526953761417856,0.925828970331588,0.2579018809385302,1.1837308512701183,0,TATAMOTORS,2
2022-01-21,510.4,513.85,494.25,501.85,17946821,-0.0268566996315687,-0.0157874092959402,0.026327873113442,20335240.5,497.2425,489.49799999999993,1,-0.4362244675395651,52.37869348350173,15.021457064173728,0.9789777822058384,0.2374215403008867,1.2163993225067251,0,TATAMOTORS,2
2022-01-24,499.7,504.3,473.35,478.45,25228959,-0.0466274783301784,-0.0886666666666666,0.0248240759520974,20338759.3,497.6075,488.926,0,-0.6865912540681341,42.9009267487806,16.15921013101846,1.075765492736963,0.2001254049534956,1.2758908976904588,0,TATAMOTORS,2
2022-01-25,473.8,492.5,467.65,490.55,22565698,0.0252899989549588,-0.0396436961628817,0.0305157486459077,20968409.8,498.125,488.62799999999993,0,0.674044238469044,48.12778086057388,16.779980835945715,1.024564264600958,0.2198552644990317,1.2444195290999898,0,TATAMOTORS,2
2022-01-27,480.75,502.7,476.6,494.4,26676094,0.0078483335032106,-0.0507823749640012,0.028238578373329,22010485.8,499.045,488.135,0,0.5229884857092532,49.70536672937951,17.44569649052102,1.0087985436893203,0.225930420711974,1.2347289644012946,0,TATAMOTORS,2
2022-01-28,500.5,509.35,495.3,497.3,21784640,0.0058656957928804,-0.0356796587163079,0.0291256531204503,21431694.5,500.39,487.478,0,-0.2277579909069035,50.91629241524158,17.267432455483807,0.997084254976875,0.230444399758697,1.2275286547355722,1,TATAMOTORS,2
2022-01-31,505.0,520.0,498.2,517.75,27306578,0.0411220591192438,0.0316827737371723,0.0330768079368588,22896792.1,502.1575,487.639,1,0.5848623584925521,58.50357894353303,17.65547299437782,0.918203766296475,0.2608401738290681,1.1790439401255433,0,TATAMOTORS,2
2022-02-01,508.0,514.75,493.0,504.3,48030231,-0.0259777885079671,0.0540286341310483,0.0250751289183552,24905573.8,502.4925,488.00299999999993,1,-0.1701149347073588,52.73029423588245,18.162224923350838,0.969363474122546,0.2411263137021614,1.2104897878247076,0,TATAMOTORS,2
2022-02-02,508.6,514.45,505.15,506.4,14311040,0.0041641879833431,0.0323106716950361,0.0237755940417147,24401358.3,503.3325,488.221,1,-0.2365591143484855,53.501833552275976,17.58992314311149,0.961196682464455,0.2442733017377567,1.205469984202212,0,TATAMOTORS,2
2022-02-03,509.1,514.3,502.85,504.5,15249245,-0.0037519747235386,0.0204288025889967,0.0241863155972626,23746375.7,504.07,488.538,1,-0.4017466898037869,52.6642843307186,17.151357204317808,0.9685827552031714,0.2414271555996036,1.210009910802775,0,TATAMOTORS,2
2022-02-04,503.8,507.8,499.0,500.6,12663199,-0.0077304261645192,0.0066358335009049,0.0247224446136387,23176250.5,504.6575,488.695,0,-0.3636363223140526,50.90279901706935,16.55483168972368,0.9839192968437872,0.235517379145026,1.2194366759888136,0,TATAMOTORS,2
2022-02-07,502.9,504.35,492.5,494.6,13392910,-0.0119856172592888,-0.0447126991791404,0.0111757861413846,22720859.4,504.8575000000001,489.383,0,-0.7004218818209331,48.23008673461946,16.21877228331485,1.0079862515163769,0.2262434290335625,1.234229680549939,0,TATAMOTORS,2
2022-02-08,498.0,498.5,479.15,492.75,23378623,-0.0037403962798221,-0.0229030339083878,0.005971088165259,22535825.8,504.31000000000006,490.009,0,-0.2713178154357715,47.40361656353827,16.442431405935217,1.015525114155251,0.2233384069000507,1.238863521055302,0,TATAMOTORS,2
2022-02-09,496.5,503.7,494.7,501.25,12430730,0.017250126839168,-0.0101698262243286,0.0112829048349455,21522329.0,504.30750000000006,490.862,0,0.5277777191358091,51.51465477605751,16.050114876939844,0.9813466334164588,0.2365087281795511,1.2178553615960102,0,TATAMOTORS,2
2022-02-10,506.7,510.5,504.2,507.45,14537945,0.012369077306733,0.0058473736372646,0.0128488335110088,20308514.1,504.3175,491.506,1,0.1190476001511743,54.31934804065664,15.564392385729857,0.9571386343482116,0.2458370282786481,1.20297566262686,0,TATAMOTORS,2
2022-02-11,503.25,507.0,497.0,498.85,13534899,-0.016947482510592,-0.0034958050339592,0.0149462199104296,19483540.0,503.6625,491.901,0,-0.4399999560000021,49.99891842645302,15.199078643892008,0.990879021750025,0.2328355216999098,1.2237145434499348,0,TATAMOTORS,2
2022-02-14,487.0,488.5,468.8,471.45,22157389,-0.0549263305602887,-0.0468054993934493,0.0289204182422402,18968621.1,501.74000000000007,491.728,0,-0.7893400614548202,39.27942422771808,16.259858740756865,1.106586064269806,0.1882490189839855,1.2948350832537916,0,TATAMOTORS,2
2022-02-15,476.15,505.5,467.3,504.0,30623088,0.069042316258352,0.0228310502283104,0.0457657215695734,17227906.8,500.69000000000005,492.464,1,0.7290575725377607,52.3492202334909,17.82701168784566,0.9705357142857144,0.2406746031746032,1.2112103174603177,0,TATAMOTORS,2
2022-02-16,504.0,507.9,496.6,498.45,20176993,-0.0110119047619048,-0.0055860349127182,0.0456748885605623,17814502.1,500.07249999999993,492.797,0,-0.491150399013242,50.35884322118277,17.360796567285252,0.9924766777008728,0.2322198816330625,1.2246965593339354,1,TATAMOTORS,2
2022-02-17,505.9,511.5,498.3,499.95,27943077,0.0030093289196508,-0.0147797812592374,0.0452156031353041,19083885.3,499.0275,492.918,1,-0.4507575416092767,50.9021814788355,17.06359681247916,0.9864986498649864,0.2345234523452345,1.2210221022102212,0,TATAMOTORS,2
2022-02-18,498.0,502.65,491.5,493.15,15476803,-0.0136013601360136,-0.0114262804450236,0.0449662218999942,19365245.7,497.9,492.902,0,-0.4349775394639008,48.32016427490805,16.64119704015922,1.0138902970698571,0.2239683666227314,1.2378586636925886,0,TATAMOTORS,2
2022-02-21,490.15,500.4,486.1,494.45,22592161,0.0026361147723816,0.0487856612578216,0.0338659660612281,20285170.8,497.53,492.902,0,0.3006992796713808,48.8542992213332,16.473968680147845,1.008595409040348,0.2260086965314996,1.2346041055718475,0,TATAMOTORS,2
2022-02-22,480.55,486.3,471.45,478.25,27957544,-0.03276367681262,-0.0510912698412698,0.0146670817352047,20743062.9,497.5200000000001,492.56,0,-0.1548821444523813,42.90345620587557,16.940113774423,1.076633559853633,0.199790904338735,1.276424464192368,0,TATAMOTORS,2
2022-02-23,481.75,485.4,475.3,477.0,17703998,-0.0026136957658128,-0.0430334035510081,0.0150477348422228,21270389.7,496.8425,492.31200000000007,0,-0.4702969831389141,42.47354977018305,16.45153421910707,1.0820754716981131,0.1976939203354298,1.2797693920335431,0,TATAMOTORS,2
2022-02-24,455.95,461.55,405.45,427.95,57265685,-0.1028301886792453,-0.144014401440144,0.0429993560394635,25543163.7,493.52,491.038,0,-0.4991087255060831,29.838594438962303,20.38713891774228,1.320715036803365,0.1057366514779764,1.4264516882813414,0,TATAMOTORS,2
2022-02-25,444.85,465.7,441.6,459.75,48876182,0.0743077462320365,-0.0677278718442664,0.0640942268950193,29077292.0,491.6425,490.394,0,0.6182572357569611,41.90474190805403,21.62734328076069,1.1601957585644371,0.1675910821098423,1.3277868406742797,0,TATAMOTORS,2
2022-02-28,445.0,457.35,440.45,454.05,34475468,-0.0123980424143556,-0.0817069471129537,0.0635716478145983,30309099.9,488.4575000000001,490.0710000000001,0,0.5355029268933175,40.558315334060886,21.461104474992077,1.187314172447968,0.1571412839995595,1.344455456447528,0,TATAMOTORS,2
2022-03-02,452.95,454.25,444.55,447.6,25791134,-0.0142054839775355,-0.0640878201777312,0.0628316276178979,29825904.5,485.6225,490.082,0,-0.5515463348921276,39.03008592096384,20.62102558392121,1.2188337801608575,0.1449955317247543,1.3638293118856122,0,TATAMOTORS,2
2022-03-03,458.5,458.5,435.0,437.1,29599672,-0.0234584450402144,-0.0836477987421383,0.0627821485523388,30768172.4,482.1575,489.752,0,-0.9106382591217752,36.611610135307416,20.826666613641123,1.27213452299245,0.1244566460764128,1.396591169068863,0,TATAMOTORS,2
2022-03-04,431.85,431.85,414.75,417.25,38765185,-0.0454129489819263,-0.0250029209019745,0.0458262291357213,31850383.2,477.795,488.687,0,-0.8538011196607533,32.5103293717478,20.935476141238187,1.3802276812462553,0.0828040742959856,1.463031755542241,0,TATAMOTORS,2
2022-03-07,401.75,401.75,387.5,394.0,44836205,-0.0557219892150988,-0.1430125067971723,0.0193712467041468,34786323.4,472.465,487.12,0,-0.5438596109572204,28.48530369250217,21.5650849882926,1.5206852791878172,0.0286802030456853,1.5493654822335026,0,TATAMOTORS,2
2022-03-08,390.5,395.45,376.35,391.75,55543383,-0.0057106598984771,-0.1372095584186763,0.0210676374282946,38081445.6,467.32249999999993,485.603,0,0.0654450227515696,28.122439164005076,21.38900748912884,1.5351627313337588,0.0231014677728143,1.558264199106573,1,TATAMOTORS,2
2022-03-09,394.95,409.25,389.5,405.9,48376222,0.0361199744735161,-0.0931635388739947,0.0363342506992978,40123313.4,462.9799999999999,484.298,0,0.554430351674412,33.83112348599752,21.27193552561964,1.4467849223946785,0.0571569352057156,1.5039418576003944,1,TATAMOTORS,2
2022-03-10,427.0,434.95,414.0,419.6,59776817,0.0337521557033753,-0.0400366048959047,0.0429253443737069,44330595.3,458.8974999999999,483.086,0,-0.3532219401803361,38.89161083647623,21.82751155950395,1.3668970448045756,0.0879408960915158,1.4548379408960916,0,TATAMOTORS,2
2022-03-11,413.6,421.15,407.4,418.15,51510243,-0.0034556720686369,0.0021569802276812,0.0373777550428824,43755051.1,454.4325,481.929,0,0.3309090668429736,38.55551954388076,21.25054644811081,1.3751046275260077,0.0847781896448642,1.459882817170872,0,TATAMOTORS,2
2022-03-14,418.75,419.0,404.0,411.7,40721277,-0.0154250866913786,0.0449238578680202,0.0240638661109787,42939560.6,450.075,480.755,0,-0.4699999686666695,37.02285323520079,20.80407884467433,1.4123147923245083,0.070439640514938,1.4827544328394464,1,TATAMOTORS,2
2022-03-15,409.85,424.2,408.0,413.65,47706136,0.0047364585863491,0.0559029993618378,0.0228858655726705,44262627.4,447.185,479.38,0,0.234567886755066,37.82752504561845,20.47521607005473,1.400942826060679,0.0748217091744228,1.4757645352351023,1,TATAMOTORS,2
2022-03-16,427.05,428.55,420.7,424.9,27191170,0.0271969055965188,0.0468095590046808,0.0206945135522492,44402631.0,443.2299999999999,477.926,0,-0.2738853154286257,42.400093144902414,20.07698635076511,1.337373499646976,0.099317486467404,1.43669098611438,1,TATAMOTORS,2
2022-03-17,432.0,435.7,429.55,433.8,26704541,0.0209461049658743,0.0338417540514774,0.0174609387954284,44113117.9,439.99750000000006,476.81,0,0.2926828792385591,45.796439766796105,19.4143444685676,1.289419087136929,0.1177962194559705,1.4072153065929,0,TATAMOTORS,2
2022-03-21,435.5,436.3,427.1,427.95,18270995,-0.0134854771784233,0.0234365658256607,0.0194018989877263,42063698.9,436.3974999999999,475.574,0,-0.8206520847117322,43.96153464407486,18.684748435098488,1.320715036803365,0.1057366514779764,1.4264516882813414,0,TATAMOTORS,2
2022-03-22,428.1,441.45,421.2,440.35,30441493,0.0289753475873351,0.0695895069225165,0.017940182352991,40624227.7,433.7575,474.6039999999999,1,0.6049382417314448,48.65734670515459,18.796552118305737,1.255365050527989,0.1309185874872261,1.3862836380152153,0,TATAMOTORS,2
2022-03-23,443.5,447.0,434.6,435.8,25466395,-0.0103326899057568,0.053547685241146,0.0208471955965772,37616528.9,430.825,473.508,1,-0.6209676918574445,47.09779616230889,18.33965553842675,1.278912345112437,0.1218448829738412,1.400757228086278,0,TATAMOTORS,2
2022-03-24,430.0,435.4,427.55,433.2,17109723,-0.0059660394676457,0.0195340080018828,0.0195027212722486,34489879.0,428.5725000000001,472.098,1,0.4076432601728334,46.18680207344341,17.618965857110556,1.292590027700831,0.1165743305632502,1.4091643582640814,0,TATAMOTORS,2
2022-03-25,437.0,437.0,427.65,432.1,15104414,-0.0025392428439519,-0.003918856615952,0.0170879545823317,30022638.7,426.3275,470.714,1,-0.524064115073353,45.78331812827473,17.02832543874552,1.2984262902105992,0.1143253876417496,1.412751677852349,0,TATAMOTORS,2
2022-03-28,432.0,434.95,426.5,432.7,16757901,0.0013885674612357,0.011099427503213,0.0155220430163863,26547404.5,426.56500000000005,469.223,1,0.0828402268828121,46.06011528703476,16.415587907406554,1.2952391957476312,0.1155535012710885,1.41079269701872,1,TATAMOTORS,2
2022-03-29,436.0,439.35,431.4,433.7,18710736,0.0023110700254218,-0.0151016237084138,0.0052497902437069,24346350.4,425.2625,467.658,1,-0.2893081397096677,46.5499060596825,15.810903056877518,1.289946967950196,0.117592806087157,1.4075397740373532,1,TATAMOTORS,2
2022-03-30,438.45,442.5,434.25,435.65,18149488,0.0044961955268618,-0.0003441945846719,0.0041685479440997,21390685.6,424.3425,466.173,1,-0.3393938982552865,47.55005553750711,15.310124267100552,1.2796970044760705,0.1215425226672787,1.401239527143349,0,TATAMOTORS,2
2022-03-31,436.0,438.3,432.6,433.75,14248045,-0.0043612992080798,0.001269621421976,0.0036269156228315,20096373.1,423.65,464.348,1,-0.3947367728531985,46.63441162087548,14.623686819450512,1.2896829971181556,0.1176945244956772,1.407377521613833,0,TATAMOTORS,2
2022-04-01,434.0,442.25,430.85,441.15,19380324,0.0170605187319883,0.0209442258736403,0.0079095910853711,19363951.4,423.8525000000001,462.955,1,0.6271929274392162,50.622523039878615,14.393423475204044,1.2512750765045904,0.1324946163436472,1.3837696928482377,0,TATAMOTORS,2
2022-04-04,444.4,449.5,441.3,446.75,18657201,0.0126940949790321,0.0324705338571758,0.0085059335940155,19402572.0,425.3275,461.473,1,0.2865853309042311,53.45717480319623,13.961750369832329,1.2230554001119194,0.1433687744823727,1.3664241745942922,0,TATAMOTORS,2
2022-04-05,450.0,461.9,448.3,458.05,28530470,0.0252937884722999,0.056144800553378,0.0114255689169775,19211469.7,428.53,460.32,1,0.591911721182964,58.61946082465117,14.046625343415732,1.1682130771749806,0.1645016919550267,1.3327147691300076,0,TATAMOTORS,2
2022-04-06,455.9,462.7,452.6,456.15,24974477,-0.0041480187752429,0.047056123034546,0.0131816804783186,19162277.9,431.75,459.406,1,0.0247524727967849,57.46532992963189,13.764723533171749,1.177244327523841,0.1610215937739778,1.338265921297819,0,TATAMOTORS,2
2022-04-07,456.5,459.1,448.5,449.5,19950241,-0.0145785377617011,0.0363112391930835,0.0162623922811186,19446329.7,433.93,458.827,1,-0.6603772961908198,53.49540363500832,13.53867185223091,1.2094549499443823,0.1486095661846496,1.3580645161290323,1,TATAMOTORS,2
2022-04-08,450.0,456.25,449.7,452.05,16315704,0.0056729699666295,0.024708149155616,0.0153174276699728,19567458.7,435.55250000000007,458.057,1,0.3129770514538864,54.78531326194975,13.053766719928705,1.1969914832430038,0.1534122331600487,1.350403716403053,0,TATAMOTORS,2
2022-04-11,457.0,458.9,451.0,452.05,14339854,0.0,0.0118634583100167,0.0147625678494002,19325654.0,437.24750000000006,457.21,1,-0.6265821991668106,54.78531326194975,12.68564052564808,1.1969914832430038,0.1534122331600487,1.350403716403053,0,TATAMOTORS,2
2022-04-12,450.8,450.8,435.0,438.3,22698696,-0.0304169892710983,-0.0431175635847614,0.01422302231237,19724450.0,438.5775,456.03,0,-0.7911391904342279,46.68705267782905,12.997380488101792,1.265913757700205,0.1268537531371207,1.392767510837326,0,TATAMOTORS,2
2022-04-13,441.8,442.85,430.1,431.05,16817981,-0.016541181838923,-0.0550257590704811,0.0143123095582681,19591299.3,439.4475000000001,454.296,0,-0.8431371887735539,43.071784986551705,12.979710453237375,1.304025055098016,0.1121679619533697,1.416193017051386,0,TATAMOTORS,2
2022-04-18,430.0,436.35,423.65,433.8,15298361,0.0063797703282681,-0.0349276974416017,0.0160312988443878,19696330.9,439.8925,452.886,0,0.2992125748651514,44.81731063580551,12.959731135148996,1.289419087136929,0.1177962194559705,1.4072153065929,0,TATAMOTORS,2
2022-04-19,436.75,440.25,417.0,424.95,12669041,-0.0204011065006916,-0.059949120672492,0.0150997556864216,19025202.6,439.45,451.257,0,-0.5075268598913183,40.51224086346674,13.694750339781212,1.3370984821743737,0.0994234615837157,1.4365219437580894,1,TATAMOTORS,2
2022-04-20,431.0,441.7,428.25,440.55,19639290,0.0367102012001412,-0.0254396637540095,0.0268586558554779,19123411.5,440.08,449.978,1,0.710037121930327,49.68674906112455,13.912982458368267,1.2543411644535238,0.1313131313131313,1.385654295766655,0,TATAMOTORS,2
2022-04-21,444.5,449.35,441.05,448.05,14124872,0.0170241743275452,0.0222450376454483,0.0237728400704476,17682851.7,440.465,448.927,1,0.4277107918420741,53.40719809683211,13.547769425627678,1.2166052895882151,0.1458542573373508,1.3624595469255665,0,TATAMOTORS,2
2022-04-22,442.05,447.25,438.0,438.85,14362036,-0.0205334226090837,0.0180953485674515,0.0247104122988705,16621607.6,440.6175,447.812,0,-0.345945908546387,48.65443007724124,13.29792875236856,1.2630739432607951,0.127948046029395,1.3910219892901905,0,TATAMOTORS,2
2022-04-25,432.75,436.0,423.15,425.15,14729009,-0.0312179560214197,-0.0199400645458737,0.0290774973135035,16099484.4,440.215,446.46,0,-0.5914396426895228,42.57798776811823,13.46950527005652,1.335999059155592,0.0998471127837233,1.4358461719393156,1,TATAMOTORS,2
2022-04-26,433.9,437.45,431.6,434.9,13577513,0.0229330824414912,0.0234145193552182,0.0293061754338315,15825665.3,440.355,445.133,0,0.1709401417196349,47.5941912865349,13.3859691793382,1.2836284203265118,0.1200275925500114,1.4036560128765234,0,TATAMOTORS,2
2022-04-27,429.25,432.95,425.1,430.25,13701069,-0.0106921131294549,-0.0233798660764953,0.0235856213314441,15761786.8,440.2325,443.589,0,0.1273885188040109,45.55046569541809,13.12982852367118,1.3083091226031376,0.1105171411969785,1.4188262638001163,1,TATAMOTORS,2
2022-04-28,434.8,439.2,430.8,436.05,13875650,0.0134805345729227,-0.0267827251422831,0.0228179957060093,14879482.2,440.35,442.333,0,0.1488095060941068,48.51986131552166,12.831269343408952,1.2776057791537665,0.122348354546497,1.399954133700264,0,TATAMOTORS,2
2022-04-29,440.2,447.75,436.0,437.6,21991752,0.0035546382295608,-0.0028483536515894,0.0212627283565727,15396859.3,440.4475000000001,441.656,0,-0.2212765769126288,49.31535852532168,12.75403581887974,1.2695383912248628,0.1254570383912249,1.3949954296160878,0,TATAMOTORS,2
2022-05-02,437.95,442.95,428.5,432.85,18945234,-0.0108546617915904,0.0181112548512289,0.0148707877557673,15761546.6,440.4025,440.233,0,-0.3529411520455929,46.92244931556476,12.875176117531186,1.2944438027030147,0.1158599976897309,1.4103038003927455,0,TATAMOTORS,2
2022-05-04,437.95,440.6,420.7,423.5,14934742,-0.0216010165184245,-0.026212922510922,0.013754411795046,15988116.7,439.52,438.734,0,-0.7261306167773541,42.5461503642406,13.376949251993247,1.3451003541912632,0.0963400236127509,1.4414403778040144,1,TATAMOTORS,2
2022-05-05,429.0,434.0,423.7,426.3,12240729,0.0066115702479339,-0.00918070889018,0.0142037077519894,15248260.6,438.4975,437.261,0,-0.2621358968800086,44.22381900355614,13.171452876850871,1.329697396199859,0.102275392915787,1.4319727891156464,0,TATAMOTORS,2
2022-05-06,418.85,420.2,407.0,408.55,25142225,-0.0416373445930096,-0.0630661621373696,0.0197301600067212,16349995.9,436.0225,435.569,0,-0.7803029711891705,36.87321441868719,13.609206242790098,1.4309142087871738,0.0632725492595766,1.4941867580467507,0,TATAMOTORS,2
2022-05-09,407.15,407.4,395.0,403.95,18076956,-0.0112593317831355,-0.0768967093235832,0.0176674789412124,16721487.9,433.4125,433.759,0,-0.2580644953173789,35.2385485789936,13.60497722544795,1.4585963609357595,0.0526055204852085,1.511201881420968,0,TATAMOTORS,2
2022-05-10,400.0,408.5,389.6,391.75,16540303,-0.0302017576432727,-0.0949520619152132,0.0184299857943642,16902617.3,430.525,432.029,0,-0.4365079134122802,31.27809469432744,13.98319313791595,1.5351627313337588,0.0231014677728143,1.558264199106573,0,TATAMOTORS,2
2022-05-11,396.0,397.0,377.55,388.15,29215175,-0.009189534141672,-0.0834710743801653,0.0189252381009616,18466383.5,427.33,430.252,0,-0.4035989509717776,30.199510131193943,14.373679342350526,1.5586757696766715,0.0140409635450212,1.572716733221693,0,TATAMOTORS,2
2022-05-12,382.0,384.65,366.2,372.3,33511538,-0.0408347288419425,-0.1266713581984517,0.0156539077195314,20447430.4,423.3425,429.139,0,-0.5257452289568978,25.955681859530685,14.9148451036112,1.667606768734891,0.0,1.667606768734891,1,TATAMOTORS,2
2022-05-13,387.0,419.35,387.0,404.3,71425747,0.085952189094816,-0.0104026434952881,0.0504293985816262,26202440.1,421.6425,428.03,0,0.5347758721862172,43.28438140653037,17.210213310496115,1.4564679693297051,0.0534256740044521,1.509893643334158,0,TATAMOTORS,2
2022-05-16,411.9,411.9,396.25,405.35,24938704,0.0025970813752165,0.0034657754672609,0.0501117180067425,26497135.3,420.3575000000001,427.056,0,-0.4185303246945456,43.74956471726465,17.098769502603535,1.4501048476625136,0.0558776366103368,1.5059824842728506,0,TATAMOTORS,2
2022-05-17,408.4,425.65,405.0,424.15,24651585,0.0463796718884912,0.0827058072750477,0.0496380884697661,27067770.4,419.875,426.587,1,0.7627118274715831,51.43086975373598,17.352428823846136,1.3415065424967585,0.0977248614876812,1.4392314039844396,0,TATAMOTORS,2
2022-05-18,424.0,427.35,414.05,415.15,20490516,-0.0212189084050453,0.0695607368285455,0.0514809497309961,27623347.8,419.38499999999993,426.148,0,-0.6654134838034986,48.048229175868336,17.06296962214284,1.3922678549921716,0.0781645188486089,1.4704323738407807,0,TATAMOTORS,2
2022-05-19,400.0,406.8,396.2,398.65,17706724,-0.0397446706009876,0.0707762557077624,0.0511891187808848,28169947.3,417.2900000000001,425.77600000000007,0,-0.1273584785510888,42.52602011800311,17.197757506275494,1.4912830803963375,0.0400100338642919,1.53129311426063,1,TATAMOTORS,2
2022-05-20,410.0,421.4,410.0,418.0,23504236,0.0485388185124797,0.0338857284194904,0.0396122044915764,28006148.4,415.7875,426.2560000000001,1,0.7017543244075168,49.81096121185207,17.594346255827244,1.375956937799043,0.0844497607655502,1.4604066985645934,0,TATAMOTORS,2
2022-05-23,421.65,431.15,419.55,421.45,16345308,0.0082535885167462,0.0397187615640803,0.0395246189500895,27832983.6,414.9175,426.85,1,-0.0172413778240182,51.0034199203401,17.27689295183958,1.3565072962391744,0.0919444773994542,1.4484517736386286,0,TATAMOTORS,2
2022-05-24,423.9,427.5,416.0,425.75,14525617,0.0102028710404555,0.0037722503831192,0.0337299638297435,27631515.0,414.9475000000001,427.247,1,0.1608695512287366,52.51767990725183,16.864257740993896,1.3327069876688198,0.1011156782149148,1.4338226658837347,0,TATAMOTORS,2
2022-05-25,428.45,429.0,413.45,417.0,13540006,-0.0205519671168525,0.0044562206431411,0.0336202507445286,26063998.1,414.05250000000007,427.195,1,-0.7363343577920015,49.186451209509016,16.77038218806576,1.3816546762589927,0.0822541966426858,1.4639088729016787,0,TATAMOTORS,2
2022-05-26,422.0,422.65,405.0,420.65,17712299,0.0087529976019185,0.05518625360592,0.0245861191896799,24484074.2,413.5725000000001,427.245,1,-0.0764872477910921,50.59426677018188,16.833212031775346,1.3609889456793058,0.0902175205039819,1.451206466183288,0,TATAMOTORS,2
2022-05-27,426.05,433.25,425.2,429.6,16867431,0.0212765957446809,0.0277511961722487,0.0155551399623675,19028242.6,413.25,427.603,1,0.4409937340380463,53.962432532229656,16.530839743791397,1.3118016759776534,0.109171322160149,1.4209729981378023,1,TATAMOTORS,2
2022-05-30,437.0,445.2,436.0,442.4,18500266,0.0297951582867783,0.0497093368133823,0.0190655040722616,18384398.8,413.49,428.17800000000005,1,0.5869564579395138,58.33702867165217,16.46435119066344,1.2449141048824597,0.1349457504520795,1.3798598553345391,0,TATAMOTORS,2
2022-05-31,443.95,449.5,440.4,443.55,22308219,0.0025994575045209,0.0418085731062831,0.019336129086196,18150062.2,414.025,428.551,1,-0.0439560391257073,58.71658286065545,15.938326105616053,1.239093676022996,0.1371885920414835,1.3762822680644795,0,TATAMOTORS,2
2022-06-01,445.1,446.0,439.6,444.6,11930669,0.0023672641190395,0.0661870503597121,0.0121432498553944,17294077.5,415.08,428.76700000000005,1,-0.0781249877929709,59.08310679672079,15.257017098072046,1.2338056680161942,0.1392262708052182,1.3730319388214125,0,TATAMOTORS,2
2022-06-02,445.0,445.6,435.65,439.15,12742438,-0.0122582096266308,0.0439795554498989,0.0167311645372564,16797648.9,415.7225,428.991,1,-0.5879396394030509,56.28961825765115,14.87794444820976,1.2615279517249232,0.1285437777524763,1.3900717294773997,0,TATAMOTORS,2
2022-06-03,444.9,445.05,430.5,431.9,12780122,-0.0165091654332232,0.0053538175046554,0.0181365790940074,15725237.5,416.89,428.82200000000006,1,-0.8934707289710833,52.71874203681092,14.854519844766203,1.2994906228293588,0.1139152581616114,1.4134058809909704,0,TATAMOTORS,2
2022-06-06,427.9,433.95,424.6,432.35,11896105,0.0010419078490391,-0.0227169981916816,0.0091196331766124,15280317.2,418.31000000000006,428.75299999999993,1,0.4759357779747897,52.91838638602989,14.461339855854332,1.297097259165028,0.1148375159014687,1.411934775066497,0,TATAMOTORS,2
2022-06-07,432.5,438.2,429.1,435.85,11153869,0.0080952931652595,-0.0173599368729567,0.0104335746215336,14943142.4,420.515,428.806,1,0.368131827677825,54.52667835135127,14.07838700900759,1.2786509120110128,0.1219456234943215,1.4005965355053345,0,TATAMOTORS,2
2022-06-08,438.7,440.4,432.0,435.65,12844475,-0.0004588734656419,-0.0201304543409807,0.0101110359116337,14873589.3,422.89,428.877,1,-0.363095194869622,54.41229646782656,13.672787936935618,1.2796970044760705,0.1215425226672787,1.401239527143349,0,TATAMOTORS,2
2022-06-09,431.9,435.65,426.1,428.5,13043367,-0.0164122575461952,-0.0242513947398382,0.0110815061488278,14406696.1,425.7,428.793,1,-0.3560209051287004,50.34621776080158,13.378303084297356,1.3177362893815636,0.1068844807467911,1.4246207701283549,0,TATAMOTORS,2
2022-06-10,423.0,428.85,422.0,428.05,11914234,-0.0010501750291714,-0.0089141004862235,0.0089702685771573,13911376.4,426.8875,428.68,1,0.7372261697480036,50.09250481414864,12.911995721133264,1.3201728770003502,0.1059455671066464,1.426118444106997,0,TATAMOTORS,2
2022-06-13,414.9,418.15,405.6,406.7,17442641,-0.0498773507767784,-0.0593269341968313,0.0229731429927868,13805613.9,426.955,428.101,0,-0.653386402120607,39.83558373569138,13.593281741052314,1.441971969510696,0.0590115564298008,1.5009835259404969,0,TATAMOTORS,2
2022-06-14,403.0,411.85,397.7,405.15,19626627,-0.0038111630194246,-0.0704370769760239,0.0209007024694079,13537454.7,426.005,427.529,0,0.1519434521594714,39.20790643863274,13.633047330977153,1.451314328026657,0.0554115759595211,1.5067259039861782,0,TATAMOTORS,2
2022-06-15,410.0,416.4,407.45,414.1,15192826,0.0220905837344194,-0.0494663147021691,0.0263597714459677,13863670.4,425.9525,426.988,0,0.4581005074748068,44.63282952437719,13.462829664478784,1.3983337358126056,0.0758270949046125,1.474160830717218,0,TATAMOTORS,2
2022-06-16,420.0,420.9,390.1,392.95,22261032,-0.0510746196570877,-0.0829638273045507,0.0323963334602026,14815529.8,425.6675,425.912,0,-0.8782467247322508,36.372588584260086,14.701198974158867,1.527420791449294,0.0260847436060567,1.5535055350553506,0,TATAMOTORS,2
2022-06-17,387.95,394.45,382.65,388.95,24824899,-0.010179412138949,-0.0913444691040766,0.0315365217416226,16020007.5,424.215,424.53,0,0.0847457555300206,35.05136143465158,14.493970476004664,1.5534130350944853,0.016068903458028,1.5694819385525134,0,TATAMOTORS,2
2022-06-20,390.55,392.95,376.65,382.7,17049013,-0.016068903458028,-0.0590115564298008,0.0263426384138772,16535298.3,422.2775,423.061,0,-0.4815950624788315,33.03231196497943,14.622972584861474,1.5951136660569638,0.0,1.5951136660569638,1,TATAMOTORS,2
2022-06-21,389.0,399.0,387.0,397.6,14743366,0.0389338907760647,-0.0186350734295939,0.0350754922956261,16894248.0,420.87,422.023,0,0.7166666069444514,41.660086443082186,14.74276025737137,1.497862173038229,0.0374748490945674,1.5353370221327969,1,TATAMOTORS,2
2022-06-22,396.4,397.0,390.5,393.1,12426604,-0.0113179074446679,-0.0507123883120019,0.0320945226205123,16852460.9,419.675,420.844,0,-0.5076922295858038,39.98461390367592,14.196848810416272,1.5264563724243192,0.0264563724243195,1.552912744848639,1,TATAMOTORS,2
2022-06-23,396.3,409.9,394.55,407.2,26514004,0.0358687356906639,0.0362641557450056,0.0274546408725657,18199524.6,419.0025,419.947,0,0.7100976736092722,47.15601466691457,14.38278818110082,1.43897347740668,0.0601669941060903,1.4991404715127703,1,TATAMOTORS,2
2022-06-24,410.0,412.85,406.15,409.3,14806456,0.0051571709233793,0.0523203496593394,0.0257998612814613,18488746.8,417.9875,419.367,0,-0.104477596346625,48.14976431747026,13.834017596736478,1.4264598094307352,0.0649890056193501,1.4914488150500855,1,TATAMOTORS,2
2022-06-27,417.55,419.45,412.35,414.5,12018949,0.0127046176398728,0.0830938071596552,0.0211840856657667,17946377.6,416.5925,419.036,0,-0.4295774042848763,50.62576379244985,13.57087348268387,1.3960193003618817,0.0767189384800965,1.4727382388419783,0,TATAMOTORS,2
2022-06-28,411.3,418.2,409.15,417.1,13238339,0.0062726176115803,0.0490442655935614,0.0170877168739712,17307548.8,415.27,418.70200000000006,1,0.6408839070846517,51.86350254290412,13.247953948206453,1.3810836729801006,0.0824742268041237,1.4635578997842245,0,TATAMOTORS,2
2022-06-29,412.05,419.9,411.55,416.95,13104313,-0.0003596259889715,0.0606715848384633,0.0141648789854116,17098697.5,413.8875,418.542,1,0.5868262770267929,51.78285017127947,12.898100094763134,1.3819402806091858,0.0821441419834512,1.464084422592637,0,TATAMOTORS,2
2022-06-30,418.3,424.0,410.0,411.8,20121916,-0.0123516009113802,0.0112966601178783,0.0094066867704309,16884785.9,412.52,417.967,0,-0.4642856811224514,48.96730710831882,12.97680723085148,1.4117289946576006,0.0706653715395823,1.4823943661971832,0,TATAMOTORS,2
2022-07-01,410.65,414.6,402.3,412.7,14725989,0.0021855269548323,0.0083068653799169,0.0092727457539183,15874894.9,411.56000000000006,417.26,1,0.166666653116533,49.48422693589794,12.928463857219231,1.4064695905015752,0.0726920281075842,1.4791616186091594,1,TATAMOTORS,2
2022-07-04,411.55,414.9,405.0,408.45,11525133,-0.0102980373152411,-0.0145958986731001,0.0080702569914859,15322506.9,410.365,416.652,0,-0.3131312815018938,47.06008249629,12.712145010275,1.4315093646713186,0.0630432121434692,1.4945525768147878,1,TATAMOTORS,2
2022-07-05,415.0,418.8,410.2,412.0,16771012,0.0086913942955073,-0.01222728362503,0.0087979978145176,15525271.5,409.1725,416.389,1,-0.3488371687398632,49.29453229879728,12.54342036668393,1.4105582524271845,0.0711165048543689,1.4816747572815534,1,TATAMOTORS,2
2022-07-06,414.0,417.3,410.65,416.35,12196920,0.0105582524271845,-0.0014390214654034,0.0106079002396602,15502303.1,408.2075,416.018,1,0.3533834055062564,51.96968375941727,12.122461769063651,1.3853728833913772,0.0808214242824547,1.4661943076738322,1,TATAMOTORS,2
2022-07-07,419.9,432.95,419.3,430.85,17616800,0.0348264681157679,0.0462603205439533,0.0164939035997258,14612582.7,408.325,416.03,1,0.8021977434287415,59.61768905535018,12.442285928416243,1.3050945804804457,0.1117558314958803,1.416850411976326,1,TATAMOTORS,2
2022-07-08,436.25,443.85,429.3,441.55,23730027,0.0248346292213066,0.0699055003634601,0.017184059374014,15504939.8,409.0,416.14,1,0.3642611433497501,64.15373183825767,12.592836933529371,1.2492356471520776,0.1332804891858227,1.3825161363379006,0,TATAMOTORS,2
2022-07-11,438.05,441.2,433.45,437.05,12621150,-0.0101913713056278,0.0700208103807076,0.0171468096875135,15565159.9,410.5175,416.129,1,-0.1290322414151946,61.04795318585552,12.271920009705848,1.2723944628761008,0.1243564809518362,1.3967509438279373,0,TATAMOTORS,2
2022-07-12,433.0,435.0,428.15,430.55,9518822,-0.0148724402242306,0.0450242718446602,0.0215543927365127,15193208.2,411.7875,416.083,1,-0.3576641813628903,56.77259186375404,12.031068580441143,1.3067007316223431,0.1111369178957148,1.4178376495180585,0,TATAMOTORS,2
2022-07-13,432.7,435.85,425.65,427.1,10181698,-0.0080130066194402,0.0258196229134142,0.022790122380032,14900946.7,412.4375,416.155,1,-0.549019554017685,54.587424321054485,11.900277967552496,1.3253336455162723,0.1039569187543901,1.4292905642706626,0,TATAMOTORS,2
2022-07-14,428.0,431.25,423.3,428.05,10744547,0.0022243034418167,-0.0064987814784728,0.0158408108032054,13963209.8,414.1925,416.19,1,0.0062893073849942,55.09991080582686,11.61811525558446,1.3201728770003502,0.1059455671066464,1.426118444106997,1,TATAMOTORS,2
2022-07-15,430.65,441.75,429.7,440.2,15774084,0.0283845345169955,-0.0030574113916884,0.0173109282152875,14068019.3,416.755,416.823,1,0.7925310545617384,61.14003710361048,11.766821308757,1.2561335756474332,0.1306224443434802,1.3867560199909137,0,TATAMOTORS,2
2022-07-18,443.95,453.8,443.2,450.9,21185764,0.0243071331213085,0.0316897380162453,0.0192462522511458,15034082.4,420.165,417.76200000000006,1,0.6556603155037414,65.5369216900196,11.897762643845786,1.2025948103792417,0.1512530494566422,1.3538478598358838,0,TATAMOTORS,2
2022-07-19,446.75,451.85,444.45,449.05,11553440,-0.00410290530051,0.0429682963651143,0.0167043343199462,14512325.2,422.7375,418.908,1,0.3108107688093556,64.18470324368911,11.57649388357109,1.2116690791671303,0.1477563745685336,1.3594254537356645,0,TATAMOTORS,2
2022-07-20,454.35,460.75,451.75,453.45,17154184,0.0097984634227814,0.0616951533598688,0.013960285357281,15008051.6,425.755,420.214,1,-0.0999999888888939,65.98245380220715,11.585315749030295,1.1902084022494213,0.1560260227147425,1.3462344249641638,0,TATAMOTORS,2
2022-07-21,452.95,455.5,450.1,454.85,10931800,0.0030874407321646,0.0626095082350193,0.0138118391595034,14339551.6,428.1375,421.865,1,0.3518517866941213,66.55765221629923,11.143507481242418,1.1834670770583708,0.1586237221061889,1.34209079916456,0,TATAMOTORS,2
2022-07-22,456.6,459.95,452.3,454.9,10340910,0.0001099263493458,0.0333939118582462,0.0110992796776253,13000639.9,430.4175,422.87700000000007,1,-0.2222221931735761,66.57938702188727,10.893971232582244,1.1832270828753573,0.1587162013629369,1.3419432842382943,0,TATAMOTORS,2
2022-07-25,456.0,457.6,446.3,449.55,12505062,-0.0117608265552867,-0.0029940119760478,0.0080476729720553,12989031.1,432.17,423.761,1,-0.570796409664033,61.94061553731628,10.9229732873978,1.209209209209209,0.1487042598153709,1.3579134690245802,0,TATAMOTORS,2
2022-07-26,448.7,448.7,439.75,441.15,11563528,-0.0186853520186853,-0.017592695690903,0.0115337629516523,13193501.7,433.37250000000006,424.10100000000006,1,-0.8435753247401896,55.41259028506521,10.842760909726527,1.2512750765045904,0.1324946163436472,1.3837696928482377,0,TATAMOTORS,2
2022-07-27,441.15,445.0,436.1,444.05,10081023,0.0065737277569988,-0.0207299592016759,0.0106621512197597,13183434.2,434.7275,424.679,1,0.3258426600176833,57.09382930224487,10.703992273317487,1.236572458056525,0.1381601171039297,1.3747325751604549,0,TATAMOTORS,2
2022-07-28,440.25,449.25,427.4,442.25,36380444,-0.0040535975678415,-0.0277014400351764,0.0099041623317514,15747023.9,436.25,425.551,1,0.0915331765888705,55.690191300583706,11.500135682366238,1.2456755228942904,0.1346523459581685,1.3803278688524592,1,TATAMOTORS,2
2022-07-29,445.15,452.7,445.15,449.6,16004096,0.0166195590729225,-0.0116509122884149,0.014122211006578,15770025.1,438.095,426.183,1,0.5894038954431978,60.0131641021234,11.425125990768649,1.2089635231316724,0.1487989323843417,1.3577624555160144,1,TATAMOTORS,2
2022-08-01,451.95,481.0,451.05,479.2,43084536,0.0658362989323841,0.0659548437326214,0.0321734604989192,17959902.3,441.6325,427.338,1,0.9098497192036824,71.90214925401851,12.851902705713744,1.0725166944908182,0.2013772954924874,1.2738939899833055,0,TATAMOTORS,2
2022-08-02,478.9,479.9,469.25,476.25,19065689,-0.0061560934891485,0.0795647738864333,0.0294349107249092,18711127.2,444.845,428.348,1,-0.2488262677158418,69.6786228493281,12.694623941019904,1.0853543307086613,0.1964304461942257,1.2817847769028872,0,TATAMOTORS,2
2022-08-03,475.0,476.25,459.6,467.8,19125906,-0.0177427821522309,0.0534849679090192,0.0331120811367892,18908299.4,447.4175,429.364,1,-0.432432406460516,63.61057347140624,12.977150802375622,1.123022659256092,0.1819153484395041,1.3049380076955963,0,TATAMOTORS,2
2022-08-04,473.15,473.95,456.45,468.9,18540405,0.0023514322359983,0.0602600339174674,0.0325072839767739,19669159.9,449.32,430.329,1,-0.2428571289795926,64.04948333759367,13.300211459348793,1.118042226487524,0.1838345062913201,1.3018767327788443,0,TATAMOTORS,2
2022-08-05,468.9,472.9,464.0,465.25,11917799,-0.0077841757304328,0.0348087188612098,0.0334915151889835,19826848.8,450.505,431.042,1,-0.4101123134705251,61.40296833156718,12.985910640823876,1.13465878559914,0.1774314884470715,1.3120902740462117,1,TATAMOTORS,2
2022-08-08,466.0,471.9,464.45,468.25,10561754,0.0064481461579795,-0.0228505843071785,0.0094296653265191,19632518.0,452.065,431.559,1,0.3020133822800834,62.76480624798381,12.5904884521936,1.1209823812066204,0.1827015483182061,1.3036839295248266,0,TATAMOTORS,2
2022-08-10,470.0,477.2,463.35,475.55,13360759,0.0155899626268019,-0.0014698162729658,0.0128966635609805,19812241.1,454.315,432.199,1,0.4007219927276558,65.91622087533467,12.680453562751197,1.0884239301861,0.1952476080328041,1.2836715382189046,0,TATAMOTORS,2
2022-08-11,482.55,485.0,475.6,476.65,12777503,0.0023131111344758,0.0189183411714406,0.008433814113668,20081889.1,456.7925,432.84,1,-0.6276595076958023,66.37799547358716,12.44970687969754,1.083604321829435,0.1971047938739116,1.2807091157033463,0,TATAMOTORS,2
2022-08-12,475.75,481.45,470.0,477.55,13482890,0.0018881779083186,0.0184474301556836,0.0084559974246823,17792133.7,459.2675,433.608,1,0.1572052264449595,66.7746264931713,12.378299245433428,1.0796775206784628,0.1986179457648414,1.2782954664433044,0,TATAMOTORS,2
2022-08-16,479.6,491.4,478.2,489.85,16796376,0.0257564652915924,0.0528747984954325,0.0102007692176767,17871361.7,461.75,434.767,1,0.7765150926882513,71.68993928801922,12.483420727902468,1.027457384913749,0.2187404307441054,1.2461978156578546,0,TATAMOTORS,2
2022-08-17,490.9,494.4,484.2,485.4,15948755,-0.0090844135959988,0.0366257341163906,0.0135274739870271,15157783.6,463.475,435.828,1,-0.5392156334102327,67.78295751304898,12.320319247338006,1.046044499381953,0.211578079934075,1.2576225793160285,0,TATAMOTORS,2
2022-08-18,484.0,486.8,479.25,484.8,12070974,-0.0012360939431396,0.019451161812638,0.0130311301268429,14458312.1,465.2625,436.807,1,0.1059602508661932,67.2507801195165,11.979582158242437,1.0485767326732671,0.2106023102310231,1.2591790429042904,0,TATAMOTORS,2
2022-08-19,486.75,488.1,468.1,471.0,16636593,-0.0284653465346534,-0.0118535613133325,0.019598889357184,14209380.8,466.14,437.514,1,-0.7874999606250019,56.30186247638797,12.552469146939403,1.1085987261146495,0.1874734607218683,1.296072186836518,0,TATAMOTORS,2
2022-08-22,468.5,468.95,452.55,454.6,15050653,-0.0348195329087048,-0.0480577949952883,0.024042784608164,13860405.6,466.1275,438.036,0,-0.8475609239292117,46.59345080206754,12.973721350729445,1.1846678398592168,0.1581610206775187,1.3428288605367356,0,TATAMOTORS,2
2022-08-23,449.0,462.1,447.6,460.45,17779238,0.0128684557853056,-0.0600183729713178,0.0195865548016083,14446549.5,466.405,438.684,0,0.7896551179548187,49.91133755264225,13.08274125424877,1.156911716798784,0.1688565533717016,1.3257682701704856,0,TATAMOTORS,2
2022-08-24,459.0,464.9,457.7,463.2,12214113,0.0059724182864588,-0.0457354758961681,0.0212610935358495,14611785.4,467.0875,439.814,0,0.5833332523148254,51.438620719930384,12.662545450373855,1.1441062176165804,0.1737910189982729,1.3178972366148534,0,TATAMOTORS,2
2022-08-25,466.0,468.8,457.4,459.2,11255809,-0.008635578583765,-0.0528052805280528,0.0208268308361274,14401290.4,467.99,440.895,0,-0.5964911757463873,49.09375301667493,12.572363632490012,1.1627831010452965,0.1665940766550522,1.3293771777003485,1,TATAMOTORS,2
2022-08-26,465.0,470.45,463.95,465.05,11252560,0.0127395470383275,-0.0126326963906581,0.0201391064123377,14248796.1,469.04,441.914,0,0.0076923065088776,52.503859268968974,12.477909087312154,1.1355768196968066,0.1770777335770347,1.3126545532738416,0,TATAMOTORS,2
2022-08-29,451.0,456.9,450.15,453.35,11647725,-0.0251585850983765,-0.0027496700395952,0.0163562716077208,14065279.6,469.595,443.122,0,0.3481480965706557,45.88367997216964,12.650915581075576,1.1906915186941656,0.1558398588287196,1.346531377522885,1,TATAMOTORS,2
2022-08-30,458.65,472.4,457.1,471.1,14421066,0.0391529723171941,0.0231295471821044,0.0240965156714859,13827748.6,470.67,444.765,1,0.8137254370114148,55.12757921637283,13.107993039570172,1.1081511356399911,0.1876459350456379,1.2957970706856294,0,TATAMOTORS,2
2022-09-01,462.5,474.4,462.15,466.9,13385159,-0.0089153046062407,0.0079879101899826,0.0248263765604402,13571389.0,470.055,446.449,0,0.3591836441482721,52.82810981397444,13.046707822458018,1.1271150139216106,0.1803384022274576,1.3074534161490683,0,TATAMOTORS,2
2022-09-02,470.85,471.8,460.15,461.75,10806707,-0.0110301991861211,0.0055531358885017,0.0251004835453299,13444962.3,469.33,447.732,0,-0.7811158127797583,50.07019638291549,12.946942977996732,1.1508391987005957,0.1711965349214943,1.32203573362209,0,TATAMOTORS,2
2022-09-05,459.75,463.95,457.0,459.0,9378108,-0.0059556036816459,-0.0130093538329212,0.0243627421152492,12719113.8,468.89,449.05,0,-0.1079136535376039,48.610848254037,12.518589908139822,1.1637254901960783,0.1662309368191721,1.3299564270152506,0,TATAMOTORS,2
2022-09-06,462.7,463.7,456.6,457.75,9805875,-0.0027233115468409,0.0097055255321494,0.0209452783800415,12194636.0,468.3325,450.061,0,-0.6971830003967623,47.92705881111544,12.131547771844115,1.1696340797378482,0.1639541234298198,1.333588203167668,0,TATAMOTORS,2
2022-09-07,453.2,456.5,443.65,445.85,20764508,-0.0259967231021299,-0.05359796221609,0.0089884560685727,12493163.0,467.3625,450.792,0,-0.5719843912852578,41.8864054359136,12.27215150242668,1.227542895592688,0.1416395648760794,1.3691824604687677,0,TATAMOTORS,2
2022-09-08,452.45,452.55,440.0,442.2,19336014,-0.0081866098463609,-0.0529021203683872,0.0090349592050542,13205353.1,466.06000000000006,451.34600000000006,0,-0.8167330026507561,40.2122636161404,12.29199782368192,1.245929443690638,0.134554500226142,1.38048394391678,1,TATAMOTORS,2
2022-09-09,447.5,449.65,440.6,445.9,14294289,0.0083672546359112,-0.034325933946941,0.0124274481298644,13509201.1,464.5775,451.922,0,-0.1767955605750795,42.711901529385685,12.06042655056178,1.2272931150482171,0.1417358152052029,1.3690289302534202,0,TATAMOTORS,2
2022-09-12,447.7,453.0,447.0,451.0,8962633,0.0114375420497869,-0.0174291938997821,0.014938208537075,13280208.4,463.295,452.603,0,0.5499999083333504,46.05949807443935,11.706110368378798,1.202106430155211,0.1514412416851441,1.353547671840355,0,TATAMOTORS,2
2022-09-13,454.3,458.95,453.55,456.8,10661280,0.0128603104212861,-0.0020753686510103,0.0166478609233953,13181563.9,462.2575,453.50299999999993,0,0.4629628772290987,49.66202275408217,11.437816770637454,1.1741462346760068,0.162215411558669,1.336361646234676,0,TATAMOTORS,2
2022-09-14,447.6,454.7,447.0,450.2,10360461,-0.0144483362521892,0.0097566446114163,0.0124686614926834,12775503.4,460.275,454.25299999999993,0,0.3376622938100878,45.904929845952736,11.320829858449065,1.2060195468680588,0.1499333629498001,1.3559529098178589,0,TATAMOTORS,2
2022-09-15,452.4,455.85,446.05,447.25,10356713,-0.0065526432696578,0.0114201718679329,0.0121521302888209,12472658.8,458.3675,455.029,0,-0.525510150458145,44.291999616651566,11.212199154274131,1.2205701509223028,0.1443264393515931,1.364896590273896,0,TATAMOTORS,2
2022-09-16,446.0,446.4,429.1,432.5,20992324,-0.0329793180547791,-0.0300515810719891,0.0191005393668454,13491220.5,455.75250000000005,455.439,0,-0.7803467757025006,37.245345586401456,11.707756357540262,1.296300578034682,0.1151445086705202,1.4114450867052024,0,TATAMOTORS,2
2022-09-19,431.5,431.6,424.05,425.45,15236142,-0.0163005780346821,-0.0566518847006651,0.0166658268672925,14077023.9,453.475,455.621,0,-0.8013243971755768,34.42613384830318,11.475059474858814,1.3343518627335764,0.1004818427547303,1.434833705488307,1,TATAMOTORS,2
2022-09-20,430.6,443.35,430.6,434.25,17557661,0.0206839816664707,-0.0493651488616462,0.0196271020382695,14852202.5,452.4575,455.689,0,0.2862744873510188,40.482075768583385,11.933983798083188,1.2870466321243523,0.1187104202648244,1.405757052389177,0,TATAMOTORS,2
2022-09-21,433.95,436.0,425.5,427.65,10831068,-0.0151986183074266,-0.0500888494002665,0.0196731979304311,13858858.5,450.8175,455.41100000000006,0,-0.5999999428571494,37.67201501887965,11.831556383934387,1.322343037530691,0.1051093183678241,1.4274523558985153,0,TATAMOTORS,2
2022-09-22,425.0,434.6,422.55,432.2,13600786,0.0106395416812814,-0.0336500838457238,0.0218261226546933,13285335.7,449.2675,455.314,0,0.5975103238580629,40.726684998634525,11.847159499367647,1.2978944932901435,0.1145303100416473,1.412424803331791,0,TATAMOTORS,2
2022-09-23,431.9,431.9,420.55,423.1,13441609,-0.0210550670985654,-0.0217341040462427,0.0186473910576834,13200067.7,447.4625,455.165,0,-0.7753303281647271,36.83808772824807,11.83307667798424,1.3473174190498698,0.0954857007799575,1.4428031198298277,0,TATAMOTORS,2
2022-09-26,416.0,417.9,393.15,397.5,33230938,-0.0605057905932404,-0.0656951463156657,0.0317014144368129,15626898.2,444.085,454.573,0,-0.7474747172737488,28.57291829196957,13.1271426295568,1.498490566037736,0.0372327044025157,1.5357232704402517,0,TATAMOTORS,2
2022-09-27,403.9,404.0,390.35,398.8,21932747,0.0032704402515724,-0.0816350028785262,0.027777474856027,16754044.9,441.3575,453.98800000000006,0,-0.3736263462544782,29.438701814160112,13.164489584588454,1.4903460381143427,0.0403711133400201,1.5307171514543632,0,TATAMOTORS,2
2022-09-28,394.9,406.6,392.85,399.1,18114880,0.0007522567703108,-0.0667602010990294,0.0288688544031279,17529486.8,437.7575,453.166,0,0.3054545232396743,29.65062050693787,13.206311757117849,1.4884740666499623,0.0410924580305688,1.5295665246805312,0,TATAMOTORS,2
2022-09-29,411.0,413.25,399.6,402.25,20725995,0.0078927587070909,-0.0692966219342896,0.0283184014936455,18566415.0,434.525,452.193,0,-0.6410255940640601,31.961263894601345,13.273718060180858,1.4689869484151648,0.0486016159105034,1.517588564325668,0,TATAMOTORS,2
2022-09-30,398.0,408.25,392.5,404.6,20951277,0.0058421379738968,-0.0437248877333963,0.0291682914893875,18562310.3,431.6675,451.304,0,0.4190475924414241,33.710542990510305,13.450595341596513,1.454646564508156,0.0541275333662877,1.508774097874444,0,TATAMOTORS,2
2022-10-03,405.5,406.55,395.5,397.65,20332430,-0.0171774592189818,0.0003773584905659,0.0100335148355138,19071939.1,428.6,450.18799999999993,0,-0.7104071755287638,31.15908082788347,13.27912424576819,1.4975480950584683,0.0375958757701496,1.5351439708286183,1,TATAMOTORS,2
2022-10-04,406.0,408.95,402.9,407.9,12761425,0.0257764365648183,0.0228184553660981,0.0154101265936258,18592315.5,426.1075,449.249,0,0.3140495348678411,38.54651531980424,13.137758228213318,1.434787938220152,0.0617798480019612,1.4965677862221134,0,TATAMOTORS,2
2022-10-06,409.6,417.65,409.5,414.1,12771199,0.0151998038734986,0.0375845652718616,0.0158524023870365,18786328.6,424.52,448.433,0,0.552147171515686,42.56166147588181,12.895775497626651,1.3983337358126056,0.0758270949046125,1.474160830717218,0,TATAMOTORS,2
2022-10-07,413.4,414.0,408.7,412.15,10670854,-0.0047090074861145,0.0246115599751397,0.0167519335326459,18493335.4,423.0175,447.685,0,-0.2358490121039594,41.64016248249238,12.360362962081895,1.4096809414048284,0.0714545675118281,1.481135508916657,0,TATAMOTORS,2
2022-10-10,403.4,403.4,393.05,395.95,32914630,-0.0393060778842654,-0.0213791398912507,0.0258646793157939,20440637.5,420.52,446.781,0,-0.719806693738485,34.883119333621394,12.841765607647472,1.5082712463694912,0.0334638211895441,1.541735067559035,0,TATAMOTORS,2
2022-10-11,397.0,399.5,391.3,393.35,14641301,-0.0065664856673821,-0.0108135294857285,0.0249362561782846,18581673.8,417.6375,445.767,0,-0.4451218969363519,33.93144224665697,12.51021092138694,1.5248506419219523,0.0270751239354265,1.5519257658573788,0,TATAMOTORS,2
2022-10-12,394.55,398.2,391.1,396.55,14287344,0.0081352485064192,-0.0278254474135817,0.0209702348247923,17817133.5,414.625,444.853,0,0.2816901011704096,36.2371452536804,12.123767284145012,1.5044761064178538,0.034926238809734,1.539402345227588,1,TATAMOTORS,2
2022-10-13,396.55,403.5,394.55,399.0,12584114,0.0061782877316858,-0.0364646220719633,0.0190495451525688,17264056.9,412.065,443.841,0,0.2737429861739671,38.02057845551045,11.897069620991797,1.489097744360902,0.0408521303258145,1.5299498746867168,0,TATAMOTORS,2
2022-10-14,407.0,409.2,395.3,396.25,12875470,-0.006892230576441,-0.0385781875530752,0.0190015985898226,16479004.4,409.515,442.182,0,-0.773381239325092,36.77715648918269,12.040136076635235,1.506372239747634,0.0341955835962145,1.540567823343849,0,TATAMOTORS,2
2022-10-17,394.0,398.9,392.5,396.1,9543556,-0.0003785488958989,0.0003788357115799,0.0069834271015423,15338232.3,407.695,440.579,0,0.3281249487304815,36.70664048382055,11.637269214018431,1.5073213834890178,0.0338298409492553,1.5411512244382732,1,TATAMOTORS,2
2022-10-18,401.0,406.7,400.7,404.25,14215544,0.0205756122191365,0.0277106902249903,0.010281057901028,14726543.7,406.635,439.3080000000001,0,0.5416665763889039,43.09131996418802,11.563178555874256,1.4567717996289424,0.053308596165739,1.5100803957946816,0,TATAMOTORS,2
2022-10-19,406.2,406.95,397.3,399.05,8648435,-0.0128633271490413,0.006304375236414,0.012902267743226,14315244.7,404.875,437.911,0,-0.7409325657064694,40.298155316626826,11.42652294474038,1.4887858664327775,0.0409723092344318,1.5297581756672096,0,TATAMOTORS,2
2022-10-20,397.0,399.9,393.1,398.1,10747183,-0.0023806540533767,-0.0022556390977442,0.0126627662804799,14112843.1,403.3975,436.568,0,0.1617646820934335,39.790705241998495,11.096057020116064,1.494724943481537,0.0386837478020598,1.5334086912835971,1,TATAMOTORS,2
2022-10-21,397.0,402.25,394.7,398.05,10279618,-0.0001255965837729,0.0045425867507886,0.0121448205802285,14073719.5,401.69,435.164,0,0.1390728292618782,39.76232533217921,10.842767232964915,1.4950383117698778,0.0385629945986685,1.5336013063685467,1,TATAMOTORS,2
2022-10-24,406.0,406.0,400.15,401.6,2871205,0.0089184775781936,0.0138853824791718,0.0125910996954341,11069377.0,400.615,433.685,1,-0.7521366235663823,42.87748102520133,10.636141002038851,1.4729830677290834,0.0470617529880478,1.5200448207171315,1,TATAMOTORS,2
2022-10-25,404.35,410.5,403.2,404.55,17979661,0.0073456175298804,0.0007421150278292,0.0087247604627174,11403213.0,400.9675,432.243,1,0.0273972565209221,45.4041566123745,10.512130930464648,1.454949944382647,0.0540106290940551,1.5089605734767026,1,TATAMOTORS,2
2022-10-27,408.55,411.7,404.0,407.7,14614841,0.0077864293659621,0.0216764816439041,0.0051715075817192,11435962.7,401.4125,430.846,1,-0.1103895960533023,48.04673686426452,10.311264435431456,1.43598233995585,0.0613195977434388,1.4973019376992889,1,TATAMOTORS,2
2022-10-28,408.0,411.2,406.1,409.9,12488938,0.0053961246014226,0.0296407937704092,0.0035817221015543,11426445.1,401.9525,429.24700000000007,1,0.3725489465590281,49.87167687635123,9.939031261472064,1.4229080263478897,0.0663576482068797,1.4892656745547697,1,TATAMOTORS,2
2022-10-31,414.35,416.3,411.6,412.75,9928218,0.0069529153452061,0.0369300339153373,0.0012846552054938,11131719.9,402.4775,427.794,1,-0.3404254594839504,52.21346791592912,9.68624331422406,1.4061780738946092,0.0728043609933374,1.4789824348879468,1,TATAMOTORS,2
2022-11-01,414.9,422.4,412.8,421.35,17324893,0.0208358570563296,0.0491782868525896,0.0063102158720189,11909853.6,403.315,426.525,1,0.6718749300130353,58.51182864671904,9.683654506065198,1.357066571733713,0.0917289664174677,1.4487955381511808,0,TATAMOTORS,2
2022-11-02,423.05,425.1,420.15,422.15,12433578,0.0018986590720302,0.0435051291558521,0.0072156148384068,11731657.0,404.54,425.548,1,-0.1818181450872486,59.052490498667744,9.345536327060543,1.352599786805638,0.0934501954281653,1.446049982233803,0,TATAMOTORS,2
2022-11-03,419.4,423.3,414.5,416.25,10987519,-0.0139760748549093,0.020971302428256,0.0124641942550864,11965565.4,404.9575,424.78100000000006,1,-0.3579545047778941,53.51372099190512,9.306569446556225,1.385945945945946,0.0806006006006006,1.4665465465465466,1,TATAMOTORS,2
2022-11-04,418.2,426.0,416.9,425.35,12277023,0.021861861861862,0.0376921200292754,0.0148071199120678,12118549.4,405.52,424.079,1,0.7857141993720679,59.77976876072606,9.338243057516491,1.3349006700364403,0.100270365581286,1.4351710356177263,0,TATAMOTORS,2
2022-11-07,428.25,437.5,428.25,435.0,15058076,0.0226871987774772,0.0539067231980618,0.0162586942456423,12596395.2,406.6625,423.515,1,0.7297296508400378,65.14517305019963,9.539082839122456,1.283103448275862,0.1202298850574712,1.4033333333333335,0,TATAMOTORS,2
2022-11-09,439.2,441.2,432.0,433.15,14471443,-0.0042528735632184,0.0280052213124479,0.016205035405256,13756419.0,408.5225,422.994,1,-0.6576086241729777,63.39906998564012,9.514862636327994,1.2928546692831584,0.1164723536880987,1.4093270229712571,0,TATAMOTORS,2
2022-11-10,420.5,420.55,409.2,412.2,26251660,-0.0483666166455037,-0.0235698211536183,0.029360634907124,14583618.9,409.465,421.937,1,-0.7312774686099143,47.78066161961676,10.545943876590275,1.4093886462882097,0.071567200388161,1.4809558466763708,1,TATAMOTORS,2
2022-11-11,420.0,425.5,414.7,423.5,19296401,0.0274138767588549,0.0174174174174173,0.0317283523872146,15051774.9,410.8125,421.34,1,0.3240740440672178,54.31769885442217,10.742662171119544,1.3451003541912632,0.0963400236127509,1.4414403778040144,0,TATAMOTORS,2
2022-11-14,424.0,437.7,423.5,433.7,17996083,0.0240850059031876,0.0196308922064181,0.0320574098473723,15602489.4,412.5475,420.592,1,0.6830985434437643,59.2736955573451,10.989614873182433,1.289946967950196,0.117592806087157,1.4075397740373532,0,TATAMOTORS,2
2022-11-15,434.9,438.5,434.1,437.15,10696024,0.0079548074706017,0.0049425287356321,0.0305898773769953,15679270.0,414.5925,419.99700000000007,1,0.5113635201446571,60.82190584399356,10.547499525097974,1.2718746425712,0.124556788287773,1.3964314308589731,0,TATAMOTORS,2
2022-11-16,436.95,438.2,429.6,431.55,8206169,-0.0128102481985588,-0.003693870483666,0.0312158826105606,14767397.6,416.365,419.393,1,-0.6279069037317553,57.03201029628447,10.408392416162402,1.3013555787278412,0.1131966168462519,1.4145521955740934,0,TATAMOTORS,2
2022-11-17,422.0,427.55,419.6,423.15,15621809,-0.0194647201946472,0.0265647743813681,0.0211549540196099,15086220.7,417.31000000000006,418.676,1,0.1446540698548313,51.81634259482477,10.518507243579371,1.347040056717476,0.0955925794635471,1.4426326361810236,1,TATAMOTORS,2
2022-11-18,424.0,426.45,421.15,423.8,9851962,0.0015360983102918,0.0007083825265643,0.0172363378487513,14972665.0,418.5475,417.99700000000007,1,-0.0377358419366313,52.180771280640265,10.145756726180847,1.343440302029259,0.0969797074091553,1.4404200094384143,0,TATAMOTORS,2
2022-11-21,425.6,427.6,420.0,421.1,9497812,-0.0063709296838131,-0.0290523403274152,0.0109453458254693,14694743.9,419.69749999999993,417.502,1,-0.592105185249316,50.47308635197968,9.963916960025074,1.3584659225837092,0.0911897411541202,1.4496556637378295,1,TATAMOTORS,2
2022-11-22,421.0,426.4,420.5,424.7,6407614,0.0085490382331987,-0.0284799267985816,0.0111340555173894,13829697.7,421.03,417.152,1,0.6271185377765195,52.69598017691735,9.67363717716614,1.3384742170944195,0.0988933364728043,1.437367553567224,1,TATAMOTORS,2
2022-11-23,426.85,429.3,422.85,424.05,6568241,-0.001530492112079,-0.0173792144595064,0.010458555185547,13039377.5,422.1525,416.715,1,-0.4341084598281483,52.240072646363934,9.443377378797129,1.342058719490626,0.0975120858389341,1.4395708053295602,0,TATAMOTORS,2
2022-11-24,424.5,425.25,420.7,423.4,6768613,-0.0015328381087136,0.0005908070424198,0.0054918500630599,11091072.8,423.095,416.163,1,-0.2417581886245783,51.75783615197505,9.093850423168762,1.3456542276806802,0.096126594237128,1.4417808219178083,1,TATAMOTORS,2
2022-11-25,425.0,435.15,424.0,433.2,18764073,0.0231459612659423,0.0221802737140159,0.0117791576098082,11037840.0,424.37,415.691,1,0.7354259430111267,58.0460406490951,9.283575392942424,1.292590027700831,0.1165743305632502,1.4091643582640814,0,TATAMOTORS,2
2022-11-28,435.0,440.35,432.4,433.25,10701208,0.0001154201292705,0.0288530040370458,0.0105859325089264,10308352.5,425.5375,415.352,1,-0.2201257584747461,58.07606616763356,9.188320007732251,1.2923254472013848,0.1166762839007501,1.4090017311021352,0,TATAMOTORS,2
2022-11-29,432.5,437.9,429.55,433.15,8630105,-0.0002308136180034,0.0198963974570285,0.0107326138859878,10101760.6,426.5575,415.07,1,0.0778443020545722,57.98668202030449,9.128440007179949,1.2928546692831584,0.1164723536880987,1.4093270229712571,0,TATAMOTORS,2
2022-11-30,435.0,441.0,433.3,439.4,14727892,0.0144291815768209,0.0361985614903901,0.0110476739969962,10753932.9,427.46,415.208,1,0.5714284972170761,61.93040390170989,9.037122863809952,1.260241238051889,0.1290395994538006,1.3892808375056898,0,TATAMOTORS,2
2022-12-01,443.0,443.6,436.85,438.25,8909310,-0.0026172052799271,0.0350732168162495,0.0112700109649457,10082683.0,428.265,415.464,1,-0.7037035994513186,60.79950994266046,8.873756944966384,1.2661722760981176,0.1267541357672561,1.3929264118653737,0,TATAMOTORS,2
2022-12-02,439.0,441.15,435.0,435.4,8352658,-0.0065031374786082,0.005078485687904,0.0079374754074283,9932752.6,429.2225,415.487,1,-0.5853657584771182,57.97408622240475,8.679202877468784,1.281005971520441,0.1210381258612769,1.402044097381718,0,TATAMOTORS,2
2022-12-05,435.5,437.5,427.8,428.75,12857807,-0.015273311897106,-0.0103866128101558,0.010838362406128,10268752.1,429.3925,415.509,0,-0.6958762169199785,51.912117129078986,8.752116957649585,1.3163848396501456,0.1074052478134111,1.423790087463557,0,TATAMOTORS,2
2022-12-06,428.8,431.35,425.35,427.1,8461831,-0.0038483965014576,-0.0139674477663626,0.0108081795443334,10474173.8,428.99750000000006,415.407,0,-0.2833332861111171,50.50111472874234,8.55553717496033,1.3253336455162723,0.1039569187543901,1.4292905642706626,0,TATAMOTORS,2
2022-12-07,428.0,428.0,419.1,420.1,12133315,-0.0163896043081245,-0.0439235320892125,0.0064700650681675,11030681.2,428.345,415.347,0,-0.8876403497033313,44.92255325867094,8.580141662463161,1.3640799809569149,0.0890264222804095,1.4531064032373244,0,TATAMOTORS,2
2022-12-08,421.0,421.4,415.35,417.2,9539923,-0.0069031183051655,-0.048031945236737,0.0056582126001193,11307812.2,428.595,415.741,0,-0.6280990697356975,42.8125783849637,8.399417258001503,1.3805129434324066,0.0826941514860978,1.4632070949185043,0,TATAMOTORS,2
2022-12-09,419.3,420.95,409.55,413.3,9920219,-0.0093480345158196,-0.0507579237482773,0.0053821827695407,10423426.8,428.0849999999999,416.031,0,-0.5263157433056377,40.0857714499184,8.61374459671568,1.4029760464553591,0.0740382288894266,1.477014275344786,0,TATAMOTORS,2
2022-12-12,412.0,416.9,408.0,414.15,8009229,0.0020566174691507,-0.0340524781341108,0.0068113479349972,10154228.9,427.1075,416.3320000000001,0,0.2415730065648288,40.968257023244455,8.634191411235987,1.3980441868888085,0.0759386695641675,1.4739828564529762,0,TATAMOTORS,2
2022-12-13,419.95,421.5,417.25,418.5,9717894,0.0105034407823252,-0.020135799578553,0.0104590029546362,10263007.8,426.175,416.657,0,-0.3411763903114349,45.40047887802289,8.54246345329056,1.3731182795698924,0.0855436081242533,1.458661887694146,0,TATAMOTORS,2
2022-12-14,420.55,421.35,417.35,417.9,6314883,-0.0014336917562725,-0.0052368483694359,0.0078484635502964,9421706.9,425.4925,416.923,0,-0.6624998343750499,44.899722809476685,8.21800177805552,1.3765254845656856,0.0842306771955013,1.460756161761187,0,TATAMOTORS,2
2022-12-15,418.85,422.8,415.7,416.7,7542601,-0.0028715003589375,-0.0011984659635666,0.0072801043250314,9285036.0,425.17,417.304,0,-0.3028168587581927,43.85781930145508,8.138144508194413,1.383369330453564,0.0815934725221982,1.464962802975762,0,TATAMOTORS,2
2022-12-16,417.35,427.8,413.1,421.6,50949198,0.0117590592752581,0.0200822646987659,0.0067641881073977,13544690.0,425.06000000000006,417.578,0,0.2891156265907739,49.056271826919954,8.60684847189481,1.3556688804554078,0.0922675521821632,1.4479364326375712,0,TATAMOTORS,2
2022-12-19,421.9,422.85,415.5,418.0,9809103,-0.00853889943074,0.0092961487383798,0.0088610136183752,13239819.6,424.905,417.65600000000006,0,-0.5306121727058221,45.70765935344825,8.517073581045183,1.375956937799043,0.0844497607655502,1.4604066985645934,0,TATAMOTORS,2
2022-12-20,418.0,418.0,408.0,410.5,12341042,-0.0179425837320573,-0.019115890083632,0.010851446236827,13627740.7,424.195,417.6230000000001,0,-0.7499999250000076,39.63725806728694,8.622996896684814,1.4193666260657734,0.0677222898903776,1.4870889159561511,0,TATAMOTORS,2
2022-12-21,412.6,414.4,401.0,402.6,11606059,-0.0192448233861144,-0.0366116295764535,0.0126522198206064,13575015.1,423.1225,417.756,0,-0.7462686010247326,34.44760876796806,8.964211404064468,1.4668405365126675,0.0494287133631396,1.5162692498758072,0,TATAMOTORS,2
2022-12-22,404.1,404.7,390.2,394.45,14908929,-0.0202434177844015,-0.0533957283417326,0.0134677813601429,14111915.7,421.675,417.778,0,-0.6655171954815751,30.073113065505467,9.35962487520272,1.517809608315376,0.0297883128406642,1.5475979211560402,0,TATAMOTORS,2
2022-12-23,390.0,390.0,377.0,378.35,19902886,-0.0408163265306121,-0.1025853889943073,0.0118356314244078,15110182.4,418.9325,417.414,0,-0.8961537772189385,23.676624228488865,9.93750881268824,1.6249504427117747,0.0,1.6249504427117747,0,TATAMOTORS,2
2022-12-26,380.25,390.7,375.2,384.8,16979026,0.0170477071494647,-0.0794258373205741,0.0208567877551225,16007162.1,416.5100000000001,417.13,0,0.2935483681581705,30.09181814309865,10.334829611781938,1.5809511434511432,0.0054573804573805,1.586408523908524,1,TATAMOTORS,2
2022-12-27,390.0,397.45,388.5,394.15,14372461,0.0242983367983367,-0.0398294762484775,0.0274936896297211,16472618.8,414.56,417.088,0,0.4636870990293725,38.20088783774129,10.500198925226083,1.5197259926423952,0.0290498541164531,1.5487758467588484,0,TATAMOTORS,2
2022-12-28,394.0,395.9,390.4,391.3,8443917,-0.0072307497145756,-0.0280675608544461,0.0267576392300383,16685522.2,412.155,416.992,0,-0.4909090016529067,36.799672408534526,10.143041859138506,1.5380782008688982,0.021978021978022,1.5600562228469206,0,TATAMOTORS,2
2022-12-29,389.0,390.0,383.05,385.9,15627403,-0.0138001533350371,-0.0216757510457599,0.0260080480462838,17494002.4,409.5375,416.625,0,-0.4460431012887664,34.23717760614083,10.007824583485757,1.5735941953874062,0.0082923037056231,1.5818864990930297,1,TATAMOTORS,2
2022-12-30,391.0,392.2,387.0,387.95,9198673,0.0053122570614148,0.0253733315712962,0.0159736410499866,13318949.9,407.165,416.403,0,-0.5865383487426287,36.057520888555935,9.742979970379633,1.5599948446964818,0.0135326717360484,1.5735275164325302,1,TATAMOTORS,2
2023-01-02,392.5,396.0,391.0,394.8,10501357,0.0176569145508442,0.0259875259875259,0.0160892196752947,13388175.3,405.4675,416.3370000000001,0,0.4599999080000206,41.84975120730465,9.622052829638232,1.5155775075987838,0.0306484295845998,1.546225937183384,0,TATAMOTORS,2
2023-01-03,396.0,398.35,393.0,393.9,9431220,-0.0022796352583587,-0.0006342762907523,0.0121232020390109,13097193.1,403.8075,416.254,0,-0.3925232911171444,41.32014290039236,9.31690619894979,1.5213252094440215,0.0284336125920284,1.54975882203605,0,TATAMOTORS,2
2023-01-04,394.8,394.8,385.0,385.6,16121049,-0.0210713379030209,-0.0145668285203168,0.0153248441075276,13548692.1,402.0825,415.934,0,-0.9387754144106698,36.706677665110746,9.351412899024805,1.5755964730290457,0.0075207468879668,1.5831172199170125,0,TATAMOTORS,2
2023-01-05,387.9,388.75,382.5,386.9,10443908,0.0033713692946057,0.0025913449080072,0.0141312008719752,13102190.0,400.5675,415.581,0,-0.1599999744000041,37.87663586778301,9.12988340623732,1.566942362367537,0.0108555182217627,1.5777978805892998,0,TATAMOTORS,2
2023-01-06,386.1,388.4,381.0,382.0,8715469,-0.0126647712587231,-0.0153370279675215,0.0148980067160954,11983448.3,399.0025,415.067,0,-0.5540539791818995,35.23301215629253,9.006320305791794,1.599869109947644,0.0,1.599869109947644,1,TATAMOTORS,2
2023-01-09,386.35,392.7,385.0,389.45,14693099,0.0195026178010471,-0.0135511651469099,0.0155464748726971,11754855.6,397.7675,414.658,0,0.4025973503120286,41.8755216537377,9.127297426806663,1.5501348054949289,0.0173321350622673,1.5674669405571962,1,TATAMOTORS,2
2023-01-10,400.0,417.75,400.0,412.9,54021379,0.0602131210681731,0.0482355927900481,0.032150550820877,15719747.4,397.4875,414.661,1,0.7267605224360256,56.86994463537611,10.496776182034765,1.4053039476870914,0.0731411964155969,1.4784451441026885,1,TATAMOTORS,2
2023-01-11,415.75,420.0,413.55,418.2,22224361,0.0128360377815452,0.0845435684647302,0.0271850468394731,17097791.8,397.5025,414.598,1,0.3798449023496264,59.41807166713051,10.254149311889424,1.3748206599713058,0.0848876135820181,1.459708273553324,0,TATAMOTORS,2
2023-01-12,420.3,420.5,410.05,412.25,12479034,-0.0142276422764227,0.065520806409925,0.0302957412792018,16782954.9,397.28,414.4,1,-0.770334854513413,55.45691052113904,10.268138646754466,1.409096422073984,0.0716798059429957,1.48077622801698,0,TATAMOTORS,2
2023-01-13,413.0,416.35,408.0,411.5,10449630,-0.0018192844147968,0.0772251308900524,0.0283102150418126,16908050.6,396.775,414.305,1,-0.1796406970490178,54.95954455563594,10.131128743414862,1.4134872417982989,0.0699878493317132,1.4834750911300123,0,TATAMOTORS,2
2023-01-16,413.5,414.9,407.6,413.0,11462140,0.0036452004860267,0.0604698934394658,0.0286084982327646,17004128.9,396.525,414.0580000000001,1,-0.0684931413023098,55.81309396125678,9.92890526174237,1.4047215496368035,0.073365617433414,1.478087167070218,0,TATAMOTORS,2
2023-01-17,413.0,419.45,412.5,415.3,12337969,0.0055690072639225,0.0058125454105111,0.0100944641701081,17294803.8,396.765,413.664,1,0.3309352041819872,57.1538775208974,9.716126314475058,1.3914038044786898,0.0784974717071996,1.4699012761858898,0,TATAMOTORS,2
2023-01-18,415.9,415.95,407.45,408.4,13310316,-0.0166144955453889,-0.0234337637494022,0.0101995590322302,17013730.5,397.055,413.1689999999999,1,-0.8823528373702545,52.05116100292954,9.629260149155412,1.4318070519098924,0.0629285014691478,1.4947355533790403,0,TATAMOTORS,2
2023-01-19,406.5,407.8,400.1,400.75,13126520,-0.0187316356513221,-0.0278956943602183,0.0113828023404663,17281991.7,397.37,412.94,1,-0.7467531497723193,47.03706145565361,9.534312995644308,1.478228321896444,0.04504054897068,1.5232688708671245,1,TATAMOTORS,2
2023-01-20,404.0,412.5,401.2,403.15,23906114,0.0059887710542732,-0.0202916160388821,0.0125093267801437,18801056.2,398.61,412.533,1,-0.0752212322813088,48.7064587463146,9.692576353098287,1.4634751333250653,0.0507255364008433,1.5142006697259087,1,TATAMOTORS,2
2023-01-23,407.0,410.95,405.0,408.4,13113183,0.0130224482202654,-0.0111380145278451,0.0144930851966994,18643064.6,399.79,412.027,1,0.2352940781018322,52.2519469445086,9.557392327876984,1.4318070519098924,0.0629285014691478,1.4947355533790403,1,TATAMOTORS,2
2023-01-24,410.0,424.0,410.0,422.15,30197475,0.0336679725759059,0.0164941006501324,0.0218277950778267,16260674.2,401.19,411.727,1,0.8678570808673498,60.0420715402576,9.989007161600057,1.352599786805638,0.0934501954281653,1.446049982233803,1,TATAMOTORS,2
2023-01-25,423.75,427.25,417.7,419.05,22975581,-0.0073433613644438,0.026077375122429,0.0200138977182378,16335796.2,402.5775,411.477,1,-0.4921465453249673,57.75427929340669,9.957649507200054,1.370003579525116,0.0867438253191743,1.4567474048442908,1,TATAMOTORS,2
2023-01-27,438.0,453.4,435.15,445.6,63360467,0.0633575945591218,0.1119151590767311,0.0275873137900416,21423939.5,405.5625,411.926,1,0.4164383333458459,68.74016567517677,11.69996025668576,1.2287926391382404,0.1411579892280072,1.3699506283662477,0,TATAMOTORS,2
2023-01-30,445.6,450.0,437.65,443.65,18316743,-0.0043761220825854,0.1004588862706188,0.0293967544403422,22210650.8,408.3475,412.323,1,-0.1578947240571107,67.35476475239082,11.746391666922491,1.2385889777978136,0.1373830722416319,1.3759720500394457,0,TATAMOTORS,2
2023-01-31,443.7,454.8,440.9,452.1,25154475,0.0190465457004396,0.1070029382957886,0.0291790559192861,23579884.3,411.2125,412.943,1,0.6043165032865835,70.16118822395977,11.900220833570888,1.1967485069674848,0.1535058615350586,1.3502543685025437,0,TATAMOTORS,2
2023-02-01,456.8,461.5,437.65,446.65,23798589,-0.0120548551205486,0.0580362430415728,0.0312564389155924,24725946.3,413.85,413.382,1,-0.425576502072265,66.20782086651833,12.753776488315824,1.2235531176536438,0.1431769842158289,1.3667301018694729,0,TATAMOTORS,2
2023-02-02,446.75,449.2,440.7,444.8,11344554,-0.0041419455949848,0.0614485144970766,0.0307975708890128,24529370.1,416.81000000000006,413.797,1,-0.2294117377162648,64.87158038598666,12.44993531057898,1.2328012589928057,0.139613309352518,1.3724145683453235,0,TATAMOTORS,2
2023-02-03,447.0,450.8,442.35,445.45,13067403,0.0014613309352518,-0.0003366247755836,0.0116890037512991,24523458.4,419.7375,414.238,1,-0.1834319309548026,65.1378099664865,12.164225645537623,1.2295431586036594,0.1408687843753507,1.37041194297901,0,TATAMOTORS,2
2023-02-06,444.45,447.0,439.55,442.0,6795084,-0.0077449769895611,-0.0037191479770088,0.01209346899951,22812355.4,422.7375,414.41399999999993,1,-0.3288590162605337,62.43320555774797,11.827495242284938,1.246945701357466,0.1341628959276018,1.381108597285068,0,TATAMOTORS,2
2023-02-07,441.7,443.4,432.9,435.45,9023645,-0.0148190045248869,-0.0368281353682814,0.0064410496755464,22403401.6,425.0375,414.458,1,-0.5952380385487582,57.54774203209208,11.7326741535503,1.280744057871168,0.1211390515558617,1.4018831094270297,0,TATAMOTORS,2
2023-02-08,435.45,441.0,431.55,440.1,8668267,0.010678608336204,-0.0146647262957572,0.0096239004664224,20250480.8,426.3975,414.597,1,0.492063439993291,59.94410665570857,11.56962599972528,1.256646216768916,0.1304249034310384,1.3870711201999546,0,TATAMOTORS,2
2023-02-09,440.0,440.7,433.55,436.75,7349418,-0.0076119063849126,-0.0180980215827338,0.0098569487927149,18687864.5,427.325,414.544,1,-0.454545390972674,57.428980635677206,11.25393842831633,1.2739553520320548,0.1237550085861477,1.3977103606182026,0,TATAMOTORS,2
2023-02-10,437.95,447.8,431.2,445.85,14798390,0.0208357183743561,0.0008979683466159,0.0148772497036027,13831656.8,429.005,414.696,1,0.475903585788942,62.08300295081396,11.63579996915088,1.227542895592688,0.1416395648760794,1.3691824604687677,0,TATAMOTORS,2
2023-02-13,445.5,446.9,438.9,441.05,8333767,-0.0107659526746664,-0.0021493212669683,0.0153382153543166,12833359.2,430.4825,414.809,1,-0.5562499304687574,58.45300969809575,11.376099971354389,1.2517855118467291,0.1322979254052829,1.3840834372520123,0,TATAMOTORS,2
2023-02-14,442.0,444.3,434.4,440.55,8565559,-0.0011336583153837,0.0117120220461592,0.0131764789185698,11174467.6,431.86,415.045,1,-0.1464646316702375,58.072106924017554,11.270664259114792,1.2543411644535238,0.1313131313131313,1.385654295766655,0,TATAMOTORS,2
2023-02-15,438.5,444.9,438.15,444.15,9857016,0.0081716036772214,0.00920245398773,0.0128257577020195,9780310.3,433.30250000000007,415.386,1,0.837036913031565,60.0887090174143,10.94775966917802,1.236068895643364,0.1383541596307553,1.3744230552741192,0,TATAMOTORS,2
2023-02-16,445.0,448.25,440.5,441.6,7670688,-0.0057413036136438,0.0111047510017172,0.0125021668975026,9412923.7,434.9625,415.816,1,-0.4387096208116589,57.96211890150455,10.719348264236734,1.2489809782608694,0.1333786231884058,1.3823596014492754,0,TATAMOTORS,2
2023-02-17,436.0,442.45,436.0,439.9,6955445,-0.0038496376811595,-0.0133452955029719,0.007004809488567,8801727.9,436.92,416.27,1,0.6046510690463434,56.52586391189517,10.414394816791251,1.2576721982268697,0.1300295521709479,1.387701750397818,0,TATAMOTORS,2
2023-02-20,441.8,445.3,436.25,443.0,9717197,0.0070470561491249,0.0044212674299966,0.0063534291964555,9093939.2,438.9125,416.864,1,0.1325966704313057,58.54321006192277,10.316938044163308,1.2418735891647854,0.136117381489842,1.3779909706546276,0,TATAMOTORS,2
2023-02-21,445.2,445.2,435.25,436.5,8957930,-0.0146726862302483,-0.0091930541368744,0.0095281663708704,9087367.7,440.3175,417.311,0,-0.8743717714199224,52.99074499638782,10.290728183865928,1.2752577319587628,0.1232531500572737,1.3985108820160368,0,TATAMOTORS,2
2023-02-22,435.3,435.85,428.25,429.45,7209130,-0.0161512027491409,-0.0330969267139479,0.0093663050248221,8941454.0,440.6825,417.53,0,-0.7697367408241137,47.70579498483133,10.14496188501836,1.3126091512399582,0.1088601699848643,1.4214693212248226,0,TATAMOTORS,2
2023-02-23,428.65,436.45,427.2,433.2,9278920,0.0087320991966468,-0.0190217391304348,0.0116777554029472,9134404.2,441.39,417.83600000000007,0,0.491891838714397,50.53192848201492,10.081036036088475,1.292590027700831,0.1165743305632502,1.4091643582640814,0,TATAMOTORS,2
2023-02-24,435.4,436.7,427.0,427.75,7895024,-0.0125807940904894,-0.0276199136167309,0.0123258067864176,8444067.6,440.49750000000006,418.057,0,-0.7886597125093067,46.59106271767673,10.05381917636787,1.3218001168907072,0.1053185271770894,1.4271186440677968,0,TATAMOTORS,2
2023-02-27,427.75,428.05,413.05,417.95,10438928,-0.0229105786090005,-0.0565462753950338,0.011962498690603,8654583.7,439.2125,417.9839999999999,0,-0.6533332897777815,40.47799730344785,10.407117806627308,1.3762411771743033,0.0843402320851776,1.4605814092594809,1,TATAMOTORS,2
2023-02-28,419.0,424.8,419.0,420.7,9652088,0.0065797344179925,-0.036197021764032,0.0141385133884376,8763236.6,437.6425,418.038,0,0.2931033977407909,42.74806041924028,10.153037963296788,1.3607083432374616,0.0903256477299738,1.4510339909674357,1,TATAMOTORS,2
2023-03-01,421.5,428.0,421.5,426.0,7595114,0.0125980508676015,-0.0080335312609151,0.0154104554319698,8537046.4,436.61,418.348,0,0.6923075857988329,46.94752484714389,9.949249537347017,1.331338028169014,0.1016431924882629,1.4329812206572772,0,TATAMOTORS,2
2023-03-02,426.0,426.25,419.55,420.45,5661103,-0.0130281690140845,-0.0294321329639889,0.0148553040748435,8336087.9,435.3925,418.705,0,-0.8283580853196918,43.360763963459405,9.717160284679371,1.3621120228326795,0.0897847544297776,1.4518967772624571,1,TATAMOTORS,2
2023-03-03,422.6,430.5,421.95,428.0,8027522,0.0179569508859556,0.0005844535359438,0.0174556409086844,8443295.6,434.52,419.376,0,0.6315788734995436,49.06201468355529,9.740934550059418,1.3204439252336448,0.1058411214953271,1.426285046728972,0,TATAMOTORS,2
2023-03-06,430.95,441.45,430.0,440.1,11307064,0.0282710280373832,0.0529967699485585,0.0153684546577201,8602282.3,434.425,420.611,1,0.7991265677618756,56.60163126367854,10.005867796483743,1.256646216768916,0.1304249034310384,1.3870711201999546,0,TATAMOTORS,2
2023-03-08,439.0,441.25,436.1,439.3,7850052,-0.0018177686889343,0.0442120275730926,0.0163294348335102,8491494.5,434.6175,421.7010000000001,1,0.0582524158733197,56.01133138642069,9.659020096734904,1.2607557477805598,0.1288413384930571,1.389597086273617,0,TATAMOTORS,2
2023-03-09,439.1,442.05,431.3,432.2,5696737,-0.0161620760300478,0.0145539906103286,0.0194269388723467,8340255.2,434.2225,422.462,0,-0.6418604054083376,50.93432887334712,9.736947232682413,1.2978944932901435,0.1145303100416473,1.412424803331791,0,TATAMOTORS,2
2023-03-10,433.0,437.8,430.8,435.85,10417015,0.0084451642757983,0.0366274229991676,0.0172355828520036,8454064.7,434.1775,423.353,1,0.4071427989796033,53.27890168828551,9.541451001776524,1.2786509120110128,0.1219456234943215,1.4005965355053345,0,TATAMOTORS,2
2023-03-13,436.1,437.0,419.1,422.4,8780169,-0.0308592405644144,-0.0130841121495327,0.0226825297969725,8542579.2,433.005,424.083,0,-0.7653630857339093,44.78622579978255,10.138490215935343,1.3512073863636365,0.0939867424242424,1.445194128787879,0,TATAMOTORS,2
2023-03-14,422.85,424.2,413.4,416.65,9189043,-0.0136126893939394,-0.0532833446943877,0.0149172134762857,8417590.7,431.785,424.657,0,-0.5740740209190758,41.72420851823894,10.185740914797108,1.3836553462138486,0.0814832593303731,1.465138605544222,0,TATAMOTORS,2
2023-03-15,422.0,425.0,410.1,411.35,7681009,-0.0127205088203526,-0.0636239471887092,0.0140472250758039,8220482.8,430.325,424.988,0,-0.7147650527003316,39.07249258695439,10.522473706597312,1.4143673270937156,0.0696487176370488,1.4840160447307646,0,TATAMOTORS,2
2023-03-16,413.3,418.5,405.0,415.7,11854885,0.0105749361857299,-0.0381767700138824,0.0172564044477275,8646459.9,428.9025,425.424,0,0.1777777646090527,42.31301339667173,10.735154156126075,1.3891027183064713,0.0793841712773634,1.4684868895838346,0,TATAMOTORS,2
2023-03-17,419.0,423.45,414.55,419.0,8658701,0.0079384171277363,-0.0386600894803258,0.0171394486254493,8946219.7,427.7725,426.092,0,0.0,44.71525180095468,10.604071716402784,1.3702863961813845,0.0866348448687351,1.456921241050119,0,TATAMOTORS,2
2023-03-20,415.6,416.95,405.5,410.75,10075022,-0.0196897374701671,-0.0275804924242423,0.0137685759631266,9150969.7,426.315,426.569,0,-0.4235807490322514,40.20740648589535,10.810923736659728,1.4178940961655508,0.0682897139379184,1.4861838101034694,0,TATAMOTORS,2
2023-03-21,412.85,413.9,407.7,412.55,7391950,0.0043822276323797,-0.0098403936157445,0.0134670245026206,8759458.3,424.7925,427.18,0,-0.0483870889698262,41.59096208743855,10.481572041184032,1.407344564295237,0.0723548660768392,1.479699430372076,0,TATAMOTORS,2
2023-03-22,416.0,418.4,413.75,416.1,5728054,0.0086050175736274,0.0115473441108544,0.012528811417983,8547258.5,423.7724999999999,427.713,0,0.0215053717192798,44.32707368213733,10.150745466813742,1.3868060562364817,0.0802691660658496,1.4670752223023311,0,TATAMOTORS,2
2023-03-23,416.0,422.5,416.0,419.15,9817460,0.0073299687575101,0.008299254269906,0.0120727794012294,8959330.8,423.2575,427.838,0,0.4846153100591795,46.63981597334024,9.889977933469904,1.3694381486341407,0.0869617082190146,1.456399856853155,0,TATAMOTORS,2
2023-03-24,419.0,420.55,414.8,416.5,6877960,-0.0063223189788857,-0.0059665871121717,0.0119179478222802,8605425.3,422.4225,427.8039999999999,0,-0.4347825330812986,44.89475921492697,9.594265223936338,1.3845138055222088,0.0811524609843937,1.4656662665066027,0,TATAMOTORS,2
2023-03-27,416.0,418.5,410.25,412.05,7433933,-0.0106842737094837,0.003164942178941,0.0086445368264436,8470801.7,421.6375,427.8,0,-0.4787878207529901,42.0495580063949,9.498246279369456,1.410265744448489,0.0712292197548841,1.4814949642033737,0,TATAMOTORS,2
2023-03-28,414.15,414.5,400.45,401.6,9553659,-0.0253609998786554,-0.026542237304569,0.0140119946096133,8507263.3,420.82,427.602,0,-0.8932383705880124,36.24111362657107,9.82337154512878,1.4729830677290834,0.0470617529880478,1.5200448207171315,1,TATAMOTORS,2
2023-03-29,401.6,410.6,401.6,409.2,10478506,0.0189243027888446,-0.0165825522710887,0.0170090828087674,8787013.0,420.245,427.526,0,0.8444443506172906,42.46565759071762,9.764559291905297,1.4270527859237538,0.0647605083088954,1.4918132942326492,1,TATAMOTORS,2
2023-03-31,411.35,421.75,411.0,420.8,11037881,0.0283479960899315,0.0039365382321365,0.0221033517049612,8705312.6,419.985,427.636,1,0.8790696856679352,50.42154904898361,9.96351934248349,1.3601473384030416,0.090541825095057,1.450689163498099,1,TATAMOTORS,2
2023-04-03,423.0,424.95,419.5,424.25,6948329,0.0081986692015207,0.0186074429771909,0.0218564566734776,8534275.4,420.175,427.953,1,0.2293577560811461,52.5242583829343,9.641125103734668,1.3409546258102534,0.0979375368296995,1.438892162639953,1,TATAMOTORS,2
2023-04-05,424.25,428.75,423.15,426.55,8821326,0.0054213317619329,0.0351899041378473,0.0203041423885153,8408905.8,420.1025,428.469,1,0.4107142123724624,53.92715210436069,9.352473310610764,1.3283319657718906,0.1028015472980893,1.43113351306998,1,TATAMOTORS,2
2023-04-06,426.5,439.3,423.75,437.65,10907492,0.0260227405931308,0.0897659362549798,0.010303947184318,8760460.0,419.98,429.159,1,0.7170417545310749,60.06096357027404,9.79515378842428,1.2692791043070948,0.1255569519022049,1.3948360562092998,1,TATAMOTORS,2
2023-04-10,452.05,473.3,452.0,461.3,50462653,0.0540386153318863,0.1273216031280548,0.0194893578291022,13233919.9,421.08,430.217,1,0.4342722800811133,69.40655183151381,11.64192851782255,1.1529373509646648,0.1703880338174724,1.3233253847821376,1,TATAMOTORS,2
2023-04-11,463.75,463.75,455.8,458.7,14495222,-0.0056362453934533,0.0900665399239544,0.0233202858055764,13701696.1,422.405,430.948,1,-0.6352200458842733,67.53557441737362,11.37821933797808,1.1651406147809027,0.1656856333115326,1.330826248092435,1,TATAMOTORS,2
2023-04-12,459.35,468.6,458.2,465.5,13552440,0.0148245040331371,0.0972304065998821,0.0228350683123871,14369144.1,423.8875,431.87700000000007,1,0.5913460969859481,69.82651486313252,11.308346528122504,1.1335123523093449,0.1778732545649839,1.3113856068743288,1,TATAMOTORS,2
2023-04-13,464.95,472.0,463.25,469.5,12733670,0.0085929108485498,0.1006915953581057,0.0224058826981403,14899117.8,426.2425,432.355,1,0.5199999405714367,71.11765758390641,11.125607490399467,1.115335463258786,0.184877529286475,1.300212992545261,1,TATAMOTORS,2
2023-04-17,471.0,473.0,465.8,472.15,10710167,0.0056443024494141,0.0788301153890094,0.0227885082478126,15014768.6,429.0175,432.925,1,0.1597222000385804,71.97329809014497,10.845206955370935,1.103462882558509,0.1894525045006883,1.2929153870591974,1,TATAMOTORS,2
2023-04-18,475.0,483.35,468.1,473.0,16140056,0.0018002753362278,0.0253631042705397,0.0076354890992074,15580923.6,432.1,433.343,1,-0.1311475323837683,72.25719911710601,11.159835029987295,1.0996828752642709,0.1909090909090909,1.2905919661733616,0,TATAMOTORS,2
2023-04-19,473.0,475.5,467.85,469.4,7368610,-0.0076109936575052,0.0233267931109657,0.0083442886390924,15213996.5,434.785,433.798,1,-0.470588173779328,69.06618521356707,10.909132527845346,1.1157861099275672,0.1847038772901576,1.300489987217725,1,TATAMOTORS,2
2023-04-20,473.7,479.7,469.4,476.8,14264206,0.0157648061354922,0.0242749731471536,0.0086364023951244,15945584.2,437.675,434.43799999999993,1,0.3009708445659393,71.8209690707647,10.86562306157068,1.0829488255033557,0.1973573825503356,1.280306208053691,0,TATAMOTORS,2
2023-04-21,476.7,476.7,467.2,471.2,8478118,-0.011744966442953,0.0036208732694356,0.0109147828664692,15911263.4,440.69749999999993,434.953,1,-0.5789473074792308,66.96117251555222,10.775221414315633,1.1077037351443124,0.1878183361629881,1.2955220713073006,1,TATAMOTORS,2
2023-04-24,471.2,476.0,468.3,475.2,8020593,0.0084889643463497,0.0064598115005825,0.0112996815242076,15622573.5,443.83,435.617,1,0.5194804520155265,68.59577285855379,10.555562741864517,1.089962121212121,0.1946548821548821,1.2846170033670037,1,TATAMOTORS,2
2023-04-25,475.2,476.4,471.9,473.55,6888352,-0.0034722222222222,0.0011627906976743,0.011490354174312,11265143.4,446.7025,436.379,1,-0.3666665851851982,67.12057170700126,10.12302254601705,1.0972442191954386,0.1918488016048992,1.289093020800338,1,TATAMOTORS,2
2023-04-26,473.0,479.5,472.6,478.2,7791425,0.009819448843839,0.0187473370259907,0.011134448675312,10594763.7,449.655,437.141,1,0.7536230791850618,69.13509601219154,9.892806649872975,1.0768506900878294,0.1997072354663321,1.2765579255541617,1,TATAMOTORS,2
2023-04-27,478.5,482.0,476.5,481.6,7085793,0.0071099958176494,0.0100671140939596,0.0093303766859656,9948099.0,452.91,438.038,1,0.5636362611570476,70.55565976517732,9.57903474631062,1.06218853820598,0.2053571428571429,1.267545681063123,0,TATAMOTORS,2
2023-04-28,481.4,488.0,478.35,484.95,9947813,0.0069559800664451,0.0291808149405772,0.0053012042946336,9669513.3,456.555,438.82,1,0.367875609546571,71.92666881408783,9.584103693002715,1.047943086916177,0.2108464790184555,1.2587895659346326,0,TATAMOTORS,2
2023-05-02,482.5,484.0,474.55,480.25,11542592,-0.0096917207959583,0.0106271043771044,0.0083419874721997,9752755.8,460.4875,439.604,1,-0.2380952128999778,67.19908143432245,9.642382000645378,1.0679854242581988,0.2031233732431025,1.2711087975013016,1,TATAMOTORS,2
2023-05-03,480.25,485.1,477.75,483.7,8529233,0.0071837584591358,0.0214338507021434,0.0078977201257372,8991673.5,464.2125,440.467,1,0.4693876912397668,68.81918579013883,9.47864042917071,1.0532354765350425,0.2088071118461856,1.262042588381228,0,TATAMOTORS,2
2023-05-04,483.6,486.4,478.75,480.8,5650101,-0.0059954517262765,0.0054370556252614,0.0082799540970562,8819822.6,467.2125,441.2,1,-0.3660130240505876,65.87385777902517,9.348023255658514,1.0656198003327786,0.2040349417637271,1.269654742096506,0,TATAMOTORS,2
2023-05-05,481.65,484.7,476.15,477.1,4830674,-0.0076955074875207,-0.0093438538205979,0.0082462321654716,7876469.4,469.855,441.91,1,-0.5321636804486863,62.21530136382778,9.29102159454005,1.0816390693774889,0.1978620834206665,1.2795011527981557,1,TATAMOTORS,2
2023-05-08,480.0,502.3,478.1,500.5,23515333,0.0490463215258856,0.032065161356841,0.0246498145666055,9380190.9,473.5525,443.122,1,0.8471074030120912,72.58530474055895,10.427377194930044,0.9843156843156844,0.2353646353646354,1.21968031968032,0,TATAMOTORS,2
2023-05-09,502.0,512.8,501.55,503.65,19818780,0.0062937062937062,0.0487246225923998,0.0229945431395859,10560009.6,476.8525,444.335,1,0.1466666536296295,73.634318805757,10.561135966720752,0.9719050928223966,0.2401469274297627,1.2120520202521594,1,TATAMOTORS,2
2023-05-10,508.0,512.9,504.35,509.5,12481404,0.0116152089744863,0.053338846392392,0.0229554737334897,11119314.8,479.2625,445.795,1,0.1754385759720973,75.50862705213275,10.467483397669271,0.9492639842983316,0.2488714425907753,1.1981354268891071,1,TATAMOTORS,2
2023-05-11,512.0,514.15,505.5,511.6,11454020,0.0041216879293426,0.0640599001663893,0.0215222780530088,11485574.3,481.9075,447.43799999999993,1,-0.0462427692204866,76.1636989860232,10.337663154978609,0.9412627052384674,0.2519546520719312,1.1932173573103988,1,TATAMOTORS,2
2023-05-12,513.9,520.5,510.3,515.95,19766717,0.0085027365129006,0.0814294697128485,0.0187267577062218,12753666.7,484.43,449.093,1,0.2009803724529116,77.50584623707655,10.327830072480136,0.9248958232386856,0.2582614594437446,1.1831572826824304,1,TATAMOTORS,2
2023-05-15,523.85,537.15,521.5,530.85,38270067,0.0288787673224149,0.0606393606393607,0.0098973755065766,15585892.1,487.49750000000006,451.155,1,0.4472843164674565,81.37443418587542,11.104413638731549,0.8708674766883299,0.2790807196006405,1.1499481962889706,0,TATAMOTORS,2
2023-05-16,533.95,535.95,518.85,521.15,16514882,-0.0182725817085807,0.0347463516330786,0.016950089547643,16083121.1,489.9475000000001,453.219,1,-0.7485379679217592,72.6185404870356,11.532669807393583,0.9056893408807446,0.2656624772138539,1.1713518180945983,0,TATAMOTORS,2
2023-05-17,522.5,523.95,512.5,515.5,13684847,-0.0108414084236783,0.0117762512266927,0.0183302547523554,16598682.5,492.0725000000001,455.115,1,-0.611353658397058,68.02703172998879,11.526764821151188,0.926576139670223,0.2576139670223085,1.1841901066925316,0,TATAMOTORS,2
2023-05-18,518.8,520.9,507.1,508.45,12293322,-0.0136760426770126,-0.0061571540265833,0.019614323945441,17263004.6,494.025,456.764,1,-0.7499999456521779,62.69982464299181,11.68913876249753,0.9532894089881012,0.2473202871472121,1.2006096961353134,0,TATAMOTORS,2
2023-05-19,509.8,526.4,504.75,524.95,19343560,0.0324515684924773,0.0174435507316601,0.0247830408484578,18714293.2,496.4325,458.854,1,0.6997690207958904,68.8484405121475,12.40062885089056,0.8918944661396322,0.2709781883988952,1.1628726545385275,0,TATAMOTORS,2
2023-05-22,524.95,527.0,519.35,522.5,9978339,-0.0046671111534433,-0.0157294904398606,0.0204224771227144,17360593.8,498.99750000000006,460.744,1,-0.3202613960442688,67.08025425154068,12.06129821868409,0.9007655502392344,0.2675598086124402,1.1683253588516749,0,TATAMOTORS,2
2023-05-23,522.5,531.0,521.15,528.5,12256902,0.0114832535885167,0.0141034251175284,0.0191559885156002,16604406.0,501.6625,462.51200000000006,1,0.6091369939962429,69.16857566648645,11.903348345920945,0.8791863765373699,0.2758751182592242,1.1550614947965945,0,TATAMOTORS,2
2023-05-24,527.15,529.65,519.15,520.2,7648284,-0.015704824976348,0.0091173617846751,0.0201300588298584,16121094.0,503.99500000000006,464.13,1,-0.6619046988662127,63.19624720986805,11.80310917835516,0.9091695501730102,0.2643214148404461,1.1734909650134564,0,TATAMOTORS,2
2023-05-25,518.0,518.0,509.1,514.85,11543712,-0.0102845059592464,0.0125872750516276,0.019518586350195,16130063.2,505.8275,465.783,1,-0.3539325445019596,59.62264301967226,11.752887094186937,0.9290084490628338,0.2566767019520249,1.1856851510148587,1,TATAMOTORS,2
2023-05-26,514.9,519.75,512.2,518.45,8360570,0.0069923278624841,-0.0123821316315839,0.011459467762729,14989448.5,507.67,467.435,1,0.4701986132187385,61.21208611566019,11.45268087317358,0.9156138489728998,0.261838171472659,1.177452020445559,1,TATAMOTORS,2
2023-05-29,525.0,525.1,519.7,521.45,6596504,0.0057864789275725,-0.0020095693779903,0.0118959761888419,11822092.2,509.49500000000006,469.41600000000005,1,-0.6574072856653118,62.53560239636443,11.109632239375468,0.904592961933071,0.2660849554127913,1.1706779173458626,0,TATAMOTORS,2
2023-05-30,521.45,523.5,518.0,518.8,5134688,-0.0050819829322084,-0.0183538315988648,0.0099208362193491,10684072.8,511.4225,471.459,1,-0.4818180942149085,60.56954374267649,10.70894422227722,0.9143215111796454,0.2623361603700848,1.1766576715497303,0,TATAMOTORS,2
2023-05-31,519.95,527.5,516.4,526.3,12327284,0.0144564379336931,0.0117262591311031,0.0099346455069387,10548316.5,513.5525,473.758,1,0.5720720205340428,64.01749124633515,10.736876777828847,0.8870416112483376,0.2728481854455633,1.159889796693901,1,TATAMOTORS,2
2023-06-01,527.5,536.25,522.85,535.2,12511265,0.0169105073152195,0.0395260755559871,0.0086307702707019,10570110.8,516.2725,476.148,1,0.5746268227890475,67.63431294645216,10.927099865126788,0.8556614349775783,0.2849402092675636,1.140601644245142,1,TATAMOTORS,2
2023-06-02,537.0,541.25,532.75,535.9,12294728,0.0013079222720477,0.0336580190953803,0.00912603450588,9865227.6,519.2125,478.486,1,-0.1294117494809733,67.90754479503823,10.753735589046302,0.8532375443179698,0.2858742302668408,1.1391117745848107,1,TATAMOTORS,2
2023-06-05,539.0,548.8,537.9,546.25,15008325,0.0193133047210301,0.0475596893278358,0.0106707156123211,10368226.2,521.5,481.196,1,0.6651375536571066,71.71032667183644,10.907040189828708,0.8181235697940503,0.2994050343249428,1.1175286041189931,1,TATAMOTORS,2
2023-06-06,549.45,557.0,545.35,555.75,15395092,0.0173913043478259,0.0712220508866616,0.0072357336851427,10682045.2,524.105,484.06,1,0.5407724857705992,74.67646096558823,10.960108747698085,0.7870445344129554,0.3113810166441745,1.09842555105713,1,TATAMOTORS,2
2023-06-07,558.8,575.0,552.15,567.95,20855239,0.0219523166891588,0.0791373741212237,0.0081098286144396,12002740.7,527.0275,487.097,1,0.4004376192368692,77.88347381662663,11.80938669429108,0.7486574522405139,0.3261730786160754,1.0748305308565895,0,TATAMOTORS,2
2023-06-08,570.0,576.55,557.0,559.7,21527339,-0.0145259265780438,0.0457772795216742,0.0154688356160305,13001103.4,529.4325000000001,489.908,1,-0.5268541929997844,71.30708079984858,12.362287644698856,0.774432731820618,0.3162408433089155,1.0906735751295338,1,TATAMOTORS,2
2023-06-09,564.4,566.45,559.3,562.3,9361533,0.0046453457209216,0.0492629221869751,0.0151172155970159,13101199.7,531.75,492.824,1,-0.2937062526284956,72.10645520296322,11.989981384363231,0.7662279921749957,0.3194024542059399,1.0856304463809356,1,TATAMOTORS,2
2023-06-12,567.0,568.9,560.65,564.15,7599572,0.0032900586875332,0.0327688787185354,0.0142584610305721,13201506.5,533.415,495.866,1,-0.3454545035812751,72.68948198326217,11.722839856908717,0.7604360542408934,0.3216343171142427,1.082070371355136,1,TATAMOTORS,2
2023-06-13,567.7,571.05,560.75,562.2,12845897,-0.0034565275192767,0.0116059379217274,0.0133126911256516,13972627.4,535.4675,499.078,1,-0.5339805306815043,71.00479189871231,11.621208438558089,0.7665421558164353,0.3192813945215226,1.085823550337958,1,TATAMOTORS,2
2023-06-14,566.0,571.2,564.0,570.3,12713256,0.0144076840981854,0.004137688176776,0.0107136849759933,14011224.6,538.2075,502.3,1,0.5972221392746928,73.7285445745923,11.433979264375369,0.7414518674381905,0.3289496756093283,1.070401543047519,0,TATAMOTORS,2
2023-06-15,571.8,575.0,567.75,568.45,12475759,-0.0032439067157634,0.0156333750223334,0.0073061116684482,14007674.0,541.2075000000001,505.253,1,-0.4620689017835872,72.06349130781726,11.13512360263427,0.7471193596622392,0.3267657665581846,1.073885126220424,0,TATAMOTORS,2
2023-06-16,569.65,572.2,566.05,569.8,8736313,0.002374879057085,0.0133380757602703,0.0072586729290717,13651832.5,543.45,508.164,1,0.0243902399365422,72.55065088515464,10.779043345303256,0.7429799929799931,0.3283608283608283,1.0713408213408215,0,TATAMOTORS,2
2023-06-19,570.65,573.2,564.2,566.05,6280388,-0.0065812565812566,0.0033678986085261,0.0083149510167313,12779038.8,545.6274999999999,510.954,1,-0.5111110543209966,68.95366564179184,10.651968820638738,0.754526985248653,0.3239113152548361,1.0784383005034892,0,TATAMOTORS,2
2023-06-20,566.05,583.95,562.5,583.25,18074902,0.0303860083031535,0.0374421913909639,0.0150952041602232,13047019.8,548.365,513.866,1,0.8018647644818295,75.06107392206265,11.423256762021689,0.7027861123017574,0.3438491213030433,1.0466352336048008,0,TATAMOTORS,2
2023-06-21,584.95,585.9,574.5,581.4,9146332,-0.0031718816973853,0.0194634402945819,0.0151222052012423,11876129.1,551.425,516.268,1,-0.3114034814558415,73.38881145524878,11.421595564734424,0.7082043343653251,0.3417612659098727,1.0499656002751978,0,TATAMOTORS,2
2023-06-22,584.0,584.7,568.2,569.35,11229179,-0.0207258341933264,0.0015832527047232,0.0187805890397735,10846313.1,554.15,518.481,1,-0.887878734067954,63.470028958720654,11.784338738681964,0.744357600772811,0.327829981557917,1.072187582330728,0,TATAMOTORS,2
2023-06-23,570.0,571.15,557.7,559.65,9362695,-0.0170369719855977,-0.0178132678132677,0.0202349632270873,10846429.3,556.21,520.364,1,-0.7695166714114056,56.81347801345278,11.90331454306182,0.7745912623961405,0.3161797552041454,1.090771017600286,1,TATAMOTORS,2
2023-06-26,560.0,569.0,557.8,567.85,6986621,0.0146520146520148,0.0031799311014928,0.0215899456527674,10785134.2,558.53,522.331,1,0.7008927945631426,60.57749505902344,11.853077789985978,0.748965395791142,0.3260544157788149,1.075019811569957,1,TATAMOTORS,2
2023-06-27,570.0,576.9,568.45,573.1,9404450,0.0092453993131988,-0.0174024860694385,0.0155883341982757,10440989.5,561.245,524.35,1,0.3668638619096078,62.81226690527306,11.65285794784412,0.7329436398534286,0.332228232420171,1.0651718722735997,1,TATAMOTORS,2
2023-06-28,579.0,590.0,575.5,586.65,16720940,0.0236433432210783,0.0090299277605778,0.0197475541065208,10841757.9,564.2625,526.623,1,0.5275861705112971,67.87411140389821,12.027653808712396,0.6929174124264894,0.3476519219296002,1.0405693343560898,1,TATAMOTORS,2
2023-06-30,588.35,599.0,588.0,595.55,12488047,0.0151708855365209,0.0460173882497583,0.0155108485704581,10842986.7,567.28,529.146,1,0.6545453950413216,70.69559421241374,12.050678536661511,0.6676181680799262,0.3574007220216606,1.0250188901015869,0,TATAMOTORS,2
2023-07-03,600.0,602.3,590.0,590.8,11131048,-0.0079758206699689,0.0556597873671043,0.0117657772868463,11082460.2,570.025,531.4259999999999,1,-0.747967418864444,67.29843790694004,12.068487212614258,0.6810257278266758,0.3522342586323628,1.0332599864590388,0,TATAMOTORS,2
2023-07-04,594.4,596.4,589.5,591.45,6917886,0.0011002031144213,0.0415602711983797,0.012249902784521,11146210.0,572.2850000000001,533.831,1,-0.4275361699222857,67.52838688017411,11.69930955457038,0.6791782906416433,0.3529461492941078,1.0321244399357512,0,TATAMOTORS,2
2023-07-05,592.0,593.0,584.95,588.25,8715919,-0.0054104319891792,0.0264351771069621,0.0136245323288902,10210311.7,573.9100000000001,536.092,1,-0.4658384514486422,65.1013613138903,11.438644586386776,0.6883127921801955,0.3494262643433914,1.037739056523587,1,TATAMOTORS,2
2023-07-06,590.8,604.95,588.55,600.8,14356681,0.0213344666383339,0.0241200034091877,0.0128656252013697,10731346.6,575.5525,538.637,1,0.6097560603807246,69.70073319763057,11.814455687359152,0.6530459387483356,0.3630159786950732,1.016061917443409,1,TATAMOTORS,2
2023-07-07,600.0,624.8,592.2,618.2,21066726,0.0289613848202399,0.0380320711946942,0.0165761063409373,11715101.3,578.4775,541.437,1,0.5582821914637395,74.68266936537574,13.29913742397635,0.6065189259139435,0.380944678097703,0.9874636040116468,0,TATAMOTORS,2
2023-07-10,624.0,634.8,617.55,618.65,23802524,0.0007279197670655,0.0471394719025051,0.0149038867249829,13159084.2,581.295,544.178,1,-0.3101449095568181,74.7980804729122,13.581341893692324,0.6053503596540856,0.3813949729249171,0.9867453325790028,1,TATAMOTORS,2
2023-07-11,624.95,630.45,622.15,628.5,12051173,0.015921765133759,0.0626426578747145,0.0143170589677914,13665539.4,584.5125,547.049,1,0.4277107918420643,77.2434501074643,13.45410318700002,0.5801909307875894,0.3910898965791567,0.9712808273667464,0,TATAMOTORS,2
2023-07-12,629.95,630.8,619.35,621.45,10785502,-0.0112171837708829,0.0564385890352741,0.0162222771591557,13803644.6,587.475,549.873,1,-0.7423580137678635,71.86835481924003,13.310952959357156,0.5981173062997827,0.3841821546383459,0.9822994609381286,0,TATAMOTORS,2
2023-07-13,625.0,626.5,615.5,620.65,9689708,-0.0012873119317725,0.0330392809587216,0.0158198263105198,13100521.4,589.9925000000001,552.612,1,-0.3954545095041376,71.2623581361539,13.145884890831644,0.6001772335454766,0.383388383146701,0.9835656166921776,0,TATAMOTORS,2
2023-07-14,623.0,626.0,619.5,624.9,7010179,0.0068476597115927,0.0108379165318666,0.010052819927967,12552734.6,592.8149999999999,555.494,1,0.2923076473372815,72.58489005426566,12.67117882720081,0.5892942870859338,0.3875820131220995,0.9768763002080334,0,TATAMOTORS,2
2023-07-17,626.9,627.0,617.15,618.5,7580645,-0.0102416386621858,-0.0002424634284328,0.011540867452853,12197694.3,595.25,558.322,1,-0.8527917915947377,67.54388861602098,12.469666053829323,0.6057396928051738,0.3812449474535166,0.9869846402586904,0,TATAMOTORS,2
2023-07-18,620.4,620.85,607.0,612.1,10359400,-0.0103476151980598,-0.026093874303898,0.0078829829944401,12541845.7,597.5525,560.554,1,-0.599277935070181,62.843682460549054,12.56826133569866,0.6225289985296519,0.3747753635026957,0.9973043620323476,1,TATAMOTORS,2
2023-07-19,614.0,625.3,610.15,620.6,11128348,0.0138866198333604,-0.0013677689275082,0.010642945611197,12783088.6,599.4200000000001,562.893,1,0.4356435356010889,66.20709408691002,12.752671240291614,0.600306155333548,0.383338704479536,0.983644859813084,1,TATAMOTORS,2
2023-07-20,622.65,623.6,616.2,621.65,7834891,0.0016919110538187,0.0016112140497865,0.0106522374691156,12130909.6,601.4325,565.136,1,-0.1351351168736332,66.60918973241823,12.370337580270784,0.5976031528995416,0.3843802782916432,0.9819834311911848,1,TATAMOTORS,2
2023-07-21,621.0,631.0,617.7,625.75,12914610,0.0065953510817984,0.0013602176348215,0.0106143949760196,11315698.0,604.2525,567.419,1,0.357142830290014,68.20032029395063,12.436742038822867,0.5871354374750299,0.3884139033160207,0.9755493407910508,1,TATAMOTORS,2
2023-07-24,627.95,634.45,626.25,629.25,12247844,0.0055932880543347,0.0173807599029911,0.0089004109847016,10160230.0,607.7325,569.685,1,0.1585365660321196,69.53491714041506,12.169831893192663,0.5783075089392133,0.3918156535558204,0.9701231624950338,1,TATAMOTORS,2
2023-07-25,636.0,642.5,633.35,639.45,13988137,0.0162097735399284,0.044682241463813,0.0060507591619593,10353926.4,611.3125,571.857,1,0.3770491391203186,73.08066959633857,12.24698675796462,0.5531315974665727,0.4015169286105247,0.9546485260770976,1,TATAMOTORS,2
2023-07-26,640.0,665.4,639.0,641.1,31673714,0.0025803424818202,0.0330325491459877,0.0057789819510223,12442747.6,614.7125,574.256,1,0.0416666650883847,73.61562951139031,13.25791627525286,0.5491343004211511,0.4030572453595383,0.9521915457806894,0,TATAMOTORS,2
2023-07-27,647.0,648.45,636.75,643.7,11696851,0.0040555295585711,0.035470119842355,0.0053657607003096,12643461.9,617.565,576.82,1,-0.2820512579443319,74.47637246053151,13.146636541306227,0.5428771166692558,0.4054683858940501,0.948345502563306,0,TATAMOTORS,2
2023-07-28,646.0,646.0,631.8,635.3,9299530,-0.0130495572471649,0.0152616859768277,0.0104889403662421,12872397.0,619.5525,579.357,1,-0.7535210736956999,66.8845951376756,13.221876788355786,0.5632771918778531,0.3976074295608374,0.9608846214386906,1,TATAMOTORS,2
2023-07-31,640.2,645.55,635.9,644.3,7502361,0.0141665354950417,0.0239173619388159,0.011640473032406,12864568.6,622.2275000000001,581.744,1,0.4248704222932121,70.36965010751625,13.0095998749018,0.5414403228309794,0.4060220394226292,0.9474623622536088,0,TATAMOTORS,2
2023-08-01,645.0,652.9,642.0,643.65,8924219,-0.0010088468104919,0.0065681444991789,0.0098235509734087,12721050.5,624.8375,584.1669999999999,1,-0.1238531996464978,69.7983291952838,12.858914169551667,0.5429969704031694,0.4054222015070302,0.9484191719101998,0,TATAMOTORS,2
2023-08-02,644.0,644.3,616.45,622.65,15762687,-0.032626427406199,-0.0287786616752457,0.0179645812302567,13184484.4,626.5575,586.05,0,-0.7666067947358455,54.42456218980988,13.929706014583688,0.5950373403999036,0.3853689873925962,0.9804063277925,0,TATAMOTORS,2
2023-08-03,623.0,626.45,614.15,618.95,11458920,-0.0059423432104712,-0.0384495883175391,0.0171460673266024,13546887.3,627.465,588.025,0,-0.3292682659131436,52.24124951133827,13.81329844211343,0.6045722594716858,0.3816948057193635,0.9862670651910492,0,TATAMOTORS,2
2023-08-04,624.85,625.0,613.3,615.0,11806739,-0.0063817755876889,-0.0319534078388162,0.0168824880404146,13436100.2,627.3050000000001,590.028,0,-0.841880269924762,49.93804458746568,13.662348553391045,0.6148780487804878,0.3777235772357724,0.9926016260162602,0,TATAMOTORS,2
2023-08-07,619.0,619.0,608.5,609.5,9893466,-0.0089430894308942,-0.0540121061617258,0.0124364622430333,13200662.4,626.8475000000001,591.849,0,-0.9047618185941124,46.84134779363562,13.436466513863111,0.629450369155045,0.3721082854799016,1.0015586546349466,0,TATAMOTORS,2
2023-08-08,612.55,614.75,605.25,607.3,8863640,-0.0036095159967186,-0.0564747922007302,0.0119604267540111,12688212.7,625.7875,593.566,0,-0.5526315207756294,45.62266008730101,13.155290334301464,0.6353532027004776,0.3698336901037378,1.0051868928042156,1,TATAMOTORS,2
2023-08-09,610.6,624.0,605.35,622.55,13362350,0.0251111477029475,-0.0001606038705532,0.0141386412436637,10857076.3,625.8425,595.641,0,0.6407506358846815,54.46624516936496,13.547769596137073,0.5952935507188178,0.3852702594169143,0.9805638101357322,0,TATAMOTORS,2
2023-08-10,623.0,628.3,598.0,618.25,53116980,-0.0069070757368885,-0.0011309475725018,0.0142469758008853,14999089.2,625.7225,597.48,0,-0.1567656713938724,51.90302244969025,14.74435748212728,0.6063890012131015,0.38099474322685,0.9873837444399516,0,TATAMOTORS,2
2023-08-11,619.75,624.75,610.0,611.8,9347707,-0.0104326728669632,-0.0052032520325203,0.0147948771949263,15003906.9,625.0675,599.012,0,-0.5389830143062394,48.2360583234568,14.744760519118188,0.6233246158875451,0.3744687806472703,0.9977933965348156,0,TATAMOTORS,2
2023-08-14,612.0,612.0,594.5,607.35,14492164,-0.0072736188296828,-0.0035274815422476,0.0145869432550672,15702887.2,624.51,600.441,0,-0.2657142705306118,45.83030160332385,14.941563339181174,0.6352185724870337,0.369885568453116,1.0051041409401498,0,TATAMOTORS,2
2023-08-16,606.7,621.35,597.3,618.75,14562074,0.0187700666831316,0.018853943685164,0.0167189192703567,16266672.7,624.8425,601.8910000000001,0,0.5010394802062553,52.38235373435644,15.592165957811094,0.605090909090909,0.3814949494949495,0.9865858585858588,0,TATAMOTORS,2
2023-08-17,620.0,622.0,611.0,613.75,12119293,-0.0080808080808081,-0.0141354108103766,0.0121273718344401,15902333.3,624.5,603.051,0,-0.5681817665289304,49.55143748727248,15.264154103681731,0.6181670061099795,0.3764562118126273,0.994623217922607,0,TATAMOTORS,2
2023-08-18,612.8,620.1,610.9,615.8,11190760,0.0033401221995925,-0.0039627982207844,0.0121224331109653,15875517.3,624.2075,604.008,0,0.326086921077507,50.72719520108429,14.831000239133038,0.6127801234166939,0.3785319909061383,0.9913121143228324,0,TATAMOTORS,2
2023-08-21,617.0,623.3,614.8,620.5,9580365,0.0076323481649887,0.0142203334423014,0.0111638479652317,15652879.9,623.9449999999999,605.224,0,0.4117646574394521,53.40825614847946,14.37878593633782,0.6005640612409346,0.3832393231265109,0.9838033843674456,0,TATAMOTORS,2
2023-08-22,621.8,626.5,618.6,620.2,8534395,-0.0004834810636582,0.0211574874454598,0.0099693798006261,15516972.8,623.4925000000001,606.3820000000001,0,-0.2025316199326954,53.209237159889405,13.916015512313688,0.6013382779748466,0.3829409867784586,0.9842792647533054,0,TATAMOTORS,2
2023-08-23,622.75,622.75,613.15,613.9,8248333,-0.0101580135440181,-0.0078383838383838,0.0075185707908539,15455442.1,622.215,607.377,0,-0.9218749039713644,49.07363877683092,13.607728690005567,0.6177716240430038,0.3766085681707118,0.9943801922137157,0,TATAMOTORS,2
2023-08-24,618.0,619.0,609.65,610.95,7096025,-0.0048053428897213,-0.0045621181262728,0.0069266780630968,14828809.6,620.7075,608.352,0,-0.7540106145443126,47.22279746319448,13.30360521214803,0.6255831082739993,0.3735984941484573,0.9991816024224568,0,TATAMOTORS,2
2023-08-25,610.85,616.7,593.3,605.1,16075509,-0.0095752516572551,-0.0173757713543357,0.0073479227993533,11124662.5,618.7774999999999,609.048,0,-0.2457264852253629,43.70275222653252,14.024776268423178,0.6412989588497768,0.3675425549495951,1.008841513799372,1,TATAMOTORS,2
2023-08-28,605.4,608.5,601.55,602.4,7479254,-0.0044620723847298,-0.0291700241740532,0.0040075769274409,10937817.2,617.1324999999999,609.727,0,-0.4316546141504124,42.141409749407046,13.519435106392953,0.6486553784860558,0.3647078353253652,1.013363213811421,1,TATAMOTORS,2
2023-08-29,603.6,610.5,603.6,607.15,6956667,0.0078851261620185,-0.0210415994840375,0.0072607503315864,10184267.5,615.275,610.474,0,0.5144926790590271,45.80939764929597,13.132332598793456,0.635757226385572,0.3696780037881907,1.0054352301737628,0,TATAMOTORS,2
2023-08-30,611.2,612.9,605.0,605.55,5676055,-0.0026352631145516,-0.0136015637726014,0.0064585953840778,9295665.6,613.37,611.264,0,-0.7151897828873828,44.779601351806114,12.758594556022496,0.6400792667822641,0.3680125505738584,1.0080918173561226,0,TATAMOTORS,2
2023-08-31,608.8,609.65,599.05,601.0,10544271,-0.0075138304021137,-0.0162861117931091,0.0067828199816219,9138163.4,612.2875,611.619,0,-0.735848987184052,41.89531545135964,12.60440923059232,0.6524958402662229,0.3632279534109817,1.0157237936772048,1,TATAMOTORS,2
2023-09-01,604.2,614.9,601.9,611.2,10297492,0.0169717138103162,0.0100809783506858,0.0101554402388309,9048836.6,611.9,612.215,0,0.5384614970414233,49.71470025150912,12.696951428407152,0.6249181937172773,0.3738547120418848,0.9987729057591624,1,TATAMOTORS,2
2023-09-04,615.6,615.6,606.0,609.0,8392665,-0.0035994764397906,0.0109561752988047,0.0100236475563583,8930066.6,611.6,613.008,0,-0.687499928385425,48.2077951628943,12.475740612092356,0.6307881773399014,0.3715927750410509,1.0023809523809524,1,TATAMOTORS,2
2023-09-05,610.0,618.9,608.05,611.15,8560651,0.0035303776683086,0.0065881577863788,0.0095882625535776,8932692.2,611.6825,614.038,0,0.105990773641401,49.80893030035134,12.35961628265719,0.6250511331097113,0.3738034852327579,0.9988546183424692,0,TATAMOTORS,2
2023-09-06,611.15,612.55,605.6,610.25,6520064,-0.0014726335596825,0.0077615390966889,0.0094809292018072,8759865.3,611.83,614.886,0,-0.1294963842451225,49.12431153573488,11.973215119610243,0.6274477673084801,0.3728799672265465,1.0003277345350268,1,TATAMOTORS,2
2023-09-07,610.9,616.5,609.05,614.9,6520293,0.0076198279393691,0.0231281198003328,0.0081766519945735,8702292.1,611.4475,615.7220000000001,1,0.536912679609033,52.73875834281326,11.650128325352371,0.6151406732802082,0.3776223776223776,0.992763050902586,1,TATAMOTORS,2
2023-09-08,617.95,628.9,614.2,627.25,16190749,0.0200845665961946,0.0262598167539265,0.0093827376226355,8713816.1,611.8975,616.534,1,0.6326530181868694,60.72047724733085,11.867976302112911,0.58333997608609,0.3898764447987246,0.9732164208848147,0,TATAMOTORS,2
2023-09-11,634.65,635.4,630.5,634.85,8780510,0.0121163810282982,0.0424466338259441,0.0082481576199731,8843941.7,613.05,617.32,1,0.0408163182007608,64.67426888606634,11.602406566247703,0.5643852878632747,0.397180436323541,0.961565724186816,0,TATAMOTORS,2
2023-09-12,638.0,639.0,615.25,620.8,12541377,-0.0221312120973459,0.0157899042788185,0.0161834770505573,9402412.7,613.7225,617.92,1,-0.7242104958227179,53.87732143353325,12.470091811515726,0.5997905927835052,0.3835373711340206,0.983327963917526,1,TATAMOTORS,2
2023-09-13,621.0,628.5,619.55,625.9,6988358,0.0082152061855671,0.0256452273658336,0.0160571403574007,9533643.0,614.0799999999999,618.609,1,0.5474859723479307,56.70289643420058,12.218656682121749,0.5867550726953188,0.3885604729189966,0.9753155456143155,1,TATAMOTORS,2
2023-09-14,628.1,630.8,623.3,624.6,5722295,-0.002077009106886,0.015774922751667,0.0162730699094244,9051445.4,614.6225,619.336,1,-0.4666666044444527,55.765091321940496,11.88160977625591,0.5900576368876079,0.3872878642331092,0.9773455011207172,1,TATAMOTORS,2
2023-09-15,628.7,636.5,627.15,634.25,18917805,0.015449887928274,0.0111598246313271,0.015168320715195,9913476.7,615.545,620.005,1,0.5935828242157345,60.93059624837762,11.8829233636662,0.5658651951123373,0.3966101694915254,0.9624753646038628,0,TATAMOTORS,2
2023-09-18,635.9,644.2,633.15,640.65,11108349,0.0100906582577846,0.0091360163818223,0.0148650889603152,10185045.1,616.5525,620.4540000000001,1,0.4298642144919237,63.93827524684592,11.823428837690049,0.5502224303441817,0.40263794583626,0.9528603761804418,0,TATAMOTORS,2
2023-09-20,640.7,647.0,637.0,638.5,11777925,-0.0033559665964254,0.0285115979381445,0.0081109582776757,10506772.5,617.4675,620.851,1,-0.2199999780000067,62.20579336066863,11.693183920712189,0.5554424432263116,0.4006264682850431,0.9560689115113548,0,TATAMOTORS,2
2023-09-21,638.5,641.7,624.0,627.05,9266854,-0.0179326546593578,0.0018373542099376,0.0130070264766977,10781451.5,618.125,620.822,1,-0.6468926188196269,53.83904272754375,12.12224221208989,0.5838449884379237,0.3896818435531456,0.9735268319910696,0,TATAMOTORS,2
2023-09-22,628.0,630.8,619.0,620.45,6551917,-0.0105254764372855,-0.0066442523214856,0.0139308757848293,10784613.9,618.6,620.802,1,-0.6398304542516551,49.6902626280061,12.099224911226324,0.6006930453702956,0.3831896204367798,0.9838826658070756,0,TATAMOTORS,2
2023-09-25,623.85,625.2,617.9,618.7,6390681,-0.0028205334837617,-0.0245171462357114,0.0104034097900426,9804607.1,619.28,620.763,0,-0.7054793554137772,48.62041833433464,11.75642313185302,0.6052206238887989,0.3814449652497172,0.9866655891385162,1,TATAMOTORS,2
2023-09-26,618.7,625.7,617.95,619.8,6271108,0.0017779214481976,-0.0325450714118473,0.007727095316654,9553666.9,620.15,620.661,0,0.1419354655567024,49.35848449883269,11.470250051006376,0.6023717328170378,0.382542755727654,0.984914488544692,0,TATAMOTORS,2
2023-09-27,619.95,621.9,616.75,620.15,5960490,0.0005646982897709,-0.0287392325763508,0.008311770525983,8895578.2,620.8,620.694,0,0.0388349439155317,49.60653436744587,11.018803618791631,0.6014673869225188,0.3828912359912924,0.9843586229138112,0,TATAMOTORS,2
2023-09-28,622.9,623.8,612.25,614.1,6768196,-0.009755704265097,-0.0206522605852801,0.0057272750380457,8873562.0,621.2275,620.734,0,-0.7619046959389865,45.46132552886634,11.056746217449373,0.6172447484123106,0.3768115942028986,0.9940563426152093,1,TATAMOTORS,2
2023-09-29,618.7,633.0,617.0,630.2,8969405,0.0262172284644195,0.0157144008381013,0.0136277013047416,9198273.0,622.6875,620.9259999999999,1,0.7187499550781278,55.99861791530486,11.6169786304887,0.5759282767375434,0.3927324658838464,0.96866074262139,0,TATAMOTORS,2
2023-10-03,632.6,632.65,618.6,620.45,6894577,-0.0154712789590606,0.0028285113948602,0.0159932454315446,7995950.2,623.15,620.902,0,-0.8647686217246545,49.73212065531988,11.790765871168077,0.6006930453702956,0.3831896204367798,0.9838826658070756,0,TATAMOTORS,2
2023-10-04,620.8,620.8,608.3,613.6,7612709,-0.0110403739221532,-0.0100032268473699,0.0167786424454376,7646386.2,623.3799999999999,620.659,0,-0.5759999539199983,45.850094806545926,11.841425451798928,0.6185625814863102,0.3763037809647979,0.9948663624511084,1,TATAMOTORS,2
2023-10-05,619.0,621.35,614.65,619.6,7893892,0.0097783572359844,-0.0008868822059178,0.0176023340875891,7257982.9,623.8025,620.466,0,0.0895522254399691,49.563813856137344,11.549180776670434,0.6028889606197546,0.38234344738541,0.9852324080051648,0,TATAMOTORS,2
2023-10-06,627.0,627.35,620.0,622.45,7922379,0.0045997417688832,0.0135971340172611,0.0167757064971941,7123535.4,624.4125,620.126,0,-0.6190475348234565,51.27326597538628,11.277810721193974,0.5955498433609123,0.385171499718853,0.9807213430797654,0,TATAMOTORS,2
2023-10-09,620.8,622.0,613.7,617.35,6381189,-0.0081934291910997,-0.020390352269121,0.0107531304433836,7106462.6,624.5350000000001,619.6510000000001,0,-0.4156626005225723,48.12959620027559,11.097252812537262,0.6087308657973596,0.3800923301206771,0.9888231959180368,1,TATAMOTORS,2
2023-10-10,620.0,632.5,617.6,630.55,9833429,0.0213817121567991,0.0162785075348534,0.0133074402044349,7450737.4,624.7,619.388,1,0.7080536437547871,55.70028372006774,11.386734754498884,0.5750535247006582,0.3930695424629292,0.9681230671635876,1,TATAMOTORS,2
2023-10-11,633.0,637.8,632.6,634.0,7701931,0.005471413845056,0.0332464146023467,0.0106386203315284,7593819.7,624.6575,619.3620000000001,1,0.1923076553254534,57.4483656549945,11.091253700606106,0.5664826498422713,0.3963722397476341,0.9628548895899054,1,TATAMOTORS,2
2023-10-12,637.0,640.2,635.05,636.95,5928732,0.0046529968454258,0.0280019367333763,0.0105027789161004,7590643.9,625.465,619.215,1,-0.0097087359788772,58.94034808084923,10.741878436277103,0.5592275688829577,0.39916790956904,0.9583954784519978,0,TATAMOTORS,2
2023-10-13,633.95,669.0,633.0,667.1,28011678,0.04733495564801,0.0717326692907061,0.0213206273449603,9714992.1,627.525,619.684,1,0.9208333077546298,70.3737245242934,12.546029976543023,0.4887573077499624,0.4263228901214211,0.9150801978713836,0,TATAMOTORS,2
2023-10-16,668.55,677.8,661.25,666.2,20005816,-0.0013491230700044,0.0791285332469426,0.019686174666462,10818633.2,629.605,620.555,1,-0.1419939491242275,69.74935839856545,12.832027835361377,0.4907685379765835,0.4255478835184629,0.9163164214950466,0,TATAMOTORS,2
2023-10-17,670.0,670.9,654.65,655.7,10263992,-0.015761032722906,0.0398858139719293,0.0235414703370812,11155574.7,630.6775,621.29,1,-0.8799999458461544,62.75412009850764,13.076168704264136,0.5146408418484062,0.4163489400640537,0.93098978191246,0,TATAMOTORS,2
2023-10-18,658.6,672.25,653.8,668.5,14908778,0.0195211224645417,0.054416403785489,0.0239880409392018,11885181.6,632.07,622.36,1,0.5365853367704398,67.0875155013183,13.4600137968167,0.4856394913986536,0.4275243081525804,0.9131637995512342,0,TATAMOTORS,2
2023-10-19,662.95,672.3,658.6,668.8,10633043,0.0004487658937919,0.0500039249548629,0.0243320908466778,12159096.7,633.585,623.5459999999999,1,0.4270072681016548,67.18388358696382,13.477155668472646,0.484973086124402,0.4277811004784689,0.912754186602871,0,TATAMOTORS,2
2023-10-20,666.65,676.4,660.5,663.2,11759568,-0.0083732057416267,-0.0058461999700194,0.0131865157997884,12542815.6,635.3925,624.664,1,-0.2169811184288565,63.4492295820393,13.650215977867456,0.497512062726176,0.4229493365500604,0.9204613992762364,0,TATAMOTORS,2
2023-10-23,663.65,667.25,645.0,647.35,8564004,-0.0238992762364295,-0.0282948063644551,0.0166842614453909,12761097.1,636.7375,625.16,1,-0.732584236737785,54.25616548369561,14.264486265162637,0.5341778018073684,0.4088205761952576,0.942998378002626,0,TATAMOTORS,2
2023-10-25,650.0,651.9,636.05,637.85,8229559,-0.0146752143353672,-0.0272228153118804,0.0165254582651773,12600710.1,637.6949999999999,625.552,1,-0.7665614658320816,49.61598791492731,14.37773724622245,0.5570275143058712,0.4000156776671631,0.9570431919730344,0,TATAMOTORS,2
2023-10-26,635.0,635.65,624.15,626.55,8889373,-0.0177157638943326,-0.062752430815258,0.0093004325548028,12719454.3,638.0325,625.8470000000001,0,-0.7347825448015218,44.7170882818453,14.329327442920851,0.5851089298539622,0.3891947969036788,0.9743037267576412,1,TATAMOTORS,2
2023-10-27,630.0,643.95,628.45,641.05,10232856,0.023142606336286,-0.0414922248803827,0.0184477651218149,13149866.7,639.0775,626.521,1,0.7129031798126951,51.35443349564759,14.54866119699794,0.5492551283051245,0.4030106855939474,0.952265813899072,0,TATAMOTORS,2
2023-10-30,643.8,643.8,621.85,628.5,12786883,-0.0195772560642695,-0.0523220747889023,0.0191262364917963,11627387.2,639.7975,626.716,0,-0.6970386926178272,46.18583599484465,15.077328254355226,0.5801909307875894,0.3910898965791567,0.9712808273667464,1,TATAMOTORS,2
2023-10-31,642.0,642.0,627.3,628.65,11395766,0.0002386634844868,-0.0288870008496177,0.0179211707338797,10766382.2,639.72,627.0139999999999,0,-0.9081632035263116,46.25546037377756,15.050376236187,0.5798138869005011,0.391235186510777,0.9710490734112782,0,TATAMOTORS,2
2023-11-01,630.0,633.8,626.3,627.7,8785264,-0.0015111747395211,-0.0159128321705729,0.0172298052832856,10618509.4,640.0825,627.252,0,-0.3066666257777771,45.85085725533337,14.511063647887928,0.582204874940258,0.3903138441930859,0.972518719133344,1,TATAMOTORS,2
2023-11-02,632.0,638.2,630.1,636.45,9934305,0.0139397801497531,0.0158008139813263,0.0163003656248524,10121062.1,641.225,627.571,0,0.5493826482243686,50.173924864934,14.22455910161022,0.5604525100164977,0.3986958912718988,0.9591484012883966,1,TATAMOTORS,2
2023-11-03,662.0,666.0,646.2,647.5,23087856,0.0173619294524314,0.010061617658529,0.0146587432083714,11366543.4,642.6200000000001,628.117,1,-0.732323195337214,55.05403942341291,15.319233451495204,0.5338223938223938,0.4089575289575289,0.9427799227799228,0,TATAMOTORS,2
2023-11-06,652.85,652.85,643.2,646.05,10801301,-0.0022393822393823,0.0279236276849641,0.0093361492495596,11270716.7,643.8,628.76,1,-0.704663139413155,54.30244571474859,14.91428820495983,0.5372649175760391,0.407630988313598,0.9448959058896372,0,TATAMOTORS,2
2023-11-07,645.0,649.9,643.3,645.0,6588073,-0.0016252612026932,0.0260081126222859,0.009634101562012,11073123.6,645.1825,629.441,0,0.0,53.730413992263415,14.320410476034128,0.5397674418604651,0.4066666666666667,0.9464341085271318,0,TATAMOTORS,2
2023-11-08,648.0,649.05,641.9,642.55,6551864,-0.0037984496124031,0.0236577983112951,0.0100757351186623,10905354.1,645.7825,630.19,0,-0.7622376556311059,52.344820275856925,13.808238299174546,0.5456384717142636,0.4044043265115555,0.9500427982258192,1,TATAMOTORS,2
2023-11-09,644.0,653.65,642.7,649.35,10155047,0.0105828340206988,0.0202686778222955,0.0093974499928933,11031921.5,646.55,631.129,1,0.4885844302662672,55.7552198946274,13.614792706376363,0.5294525294525294,0.4106414106414107,0.94009394009394,1,TATAMOTORS,2
2023-11-10,649.35,652.95,644.0,651.05,6425792,0.0026180026180024,0.0054826254826254,0.005805202818714,10651215.1,647.2549999999999,632.007,1,0.1899441128553978,56.59158098471937,13.281593227349486,0.5254588741264112,0.4121803240918516,0.9376391982182628,1,TATAMOTORS,2
2023-11-12,657.95,657.95,652.4,653.55,2245583,0.003839950848629,0.0116090085906663,0.0055604391798368,9597085.1,646.5775000000001,632.967,1,-0.7927926499472769,57.85332391256937,12.825765139681671,0.5196235942162039,0.4144288883788539,0.934052482595058,0,TATAMOTORS,2
2023-11-13,653.0,654.0,649.3,653.25,3279829,-0.0004590314436537,0.0127906976744185,0.0053747530361516,8785491.4,645.9300000000001,634.012,1,0.0531914780443658,57.63682143916821,12.245353343990129,0.5203214695752009,0.41415996938385,0.934481438959051,1,TATAMOTORS,2
2023-11-15,660.0,673.5,656.55,671.55,11324434,0.0280137772675086,0.0451326745000388,0.0114108023878194,9039408.4,646.7225,635.2189999999999,1,0.6814158890020079,65.9962390068288,12.817113819419404,0.4788921152557517,0.4301243392152483,0.909016454471,1,TATAMOTORS,2
2023-11-16,674.0,685.5,670.9,680.4,17501373,0.0131784677239223,0.0478170478170476,0.0115634375252529,9796115.2,647.3174999999999,636.6469999999999,1,0.4383561343591666,69.16512448987672,12.94446283231802,0.4596560846560846,0.4375367430922986,0.8971928277483834,0,TATAMOTORS,2
2023-11-17,682.5,687.65,679.6,681.55,9563220,0.0016901822457378,0.0468474003532755,0.0117068028112693,8443651.6,647.955,638.055,1,-0.1180124077003283,69.56207276357249,12.594858344295302,0.4571931626439733,0.4384858044164038,0.8956789670603772,0,TATAMOTORS,2
2023-11-20,682.0,686.75,670.7,674.3,8324354,-0.0106375174235199,0.0317496748527275,0.0147698977520106,8195956.9,648.51,639.336,1,-0.4797507489251911,63.97094597575083,12.841654176845635,0.4728607444757527,0.4324484650748925,0.9053092095506452,1,TATAMOTORS,2
2023-11-21,677.0,683.3,675.0,681.7,7291057,0.0109743437639033,0.0435514734022197,0.0143292765552881,8266255.3,650.2275,640.672,1,0.5662649920162747,66.8957017618037,12.567250307070948,0.4568725245709255,0.4386093589555523,0.895481883526478,0,TATAMOTORS,2
2023-11-22,683.95,687.35,676.05,681.2,9279642,-0.0007334604664808,0.014369741642469,0.0096017165301174,8539033.1,652.395,641.751,1,-0.2433628103218737,66.50287583523883,12.476732427994458,0.4579418672930122,0.4381972988843218,0.8961391661773341,0,TATAMOTORS,2
2023-11-23,683.2,685.9,677.05,679.95,5885370,-0.0018349970640046,-0.0006613756613755,0.0077507460785519,8112065.4,655.0649999999999,642.653,1,-0.3672315969229824,65.46784176515192,12.21768011170914,0.4606221045665121,0.4371644973895139,0.8977866019560262,0,TATAMOTORS,2
2023-11-24,681.4,681.95,671.25,673.7,6951690,-0.0091918523420839,-0.0115178636930525,0.0086007140799684,8164655.2,656.6975,643.711,1,-0.7196261009695138,60.40556529369064,12.109274389444206,0.4741724803324921,0.4319430013359062,0.9061154816683984,1,TATAMOTORS,2
2023-11-28,677.45,699.45,674.25,697.5,16015860,0.0353272970164761,0.0344060507192645,0.0174515669448445,9541682.9,660.1475,645.143,1,0.7956348890621043,69.9382248173361,13.083611933055334,0.4238709677419354,0.4513261648745519,0.8751971326164876,0,TATAMOTORS,2
2023-11-29,702.75,714.4,694.35,712.35,16122864,0.0212903225806451,0.0449611265952765,0.0186229390194785,10825986.4,664.3325,646.898,1,0.4788029686382581,74.1242933463111,13.581211080694237,0.3941882501579279,0.4627640906857584,0.8569523408436864,0,TATAMOTORS,2
2023-11-30,716.3,717.25,697.0,706.4,24275245,-0.0083526356425914,0.0369935408103345,0.0198845662702897,12121067.5,668.2675,648.341,1,-0.4888888647462278,69.92296392218643,14.057553146358932,0.4059314835787089,0.4582389580973952,0.8641704416761042,1,TATAMOTORS,2
2023-12-01,708.0,711.0,703.0,705.45,10565415,-0.0013448471121176,0.0375027575557025,0.0198284917809087,11427471.7,671.7175,649.637,1,-0.3187499601562493,69.2480859297234,13.624870778761863,0.4078247926855197,0.4575093911687576,0.8653341838542774,1,TATAMOTORS,2
2023-12-04,716.0,717.0,704.8,705.6,9348036,0.0002126302360194,0.0473504527237642,0.0182250963724095,11405953.3,674.6225,650.979,1,-0.8524589465197535,69.29847284286804,13.523094294564592,0.4075255102040815,0.457624716553288,0.8651502267573696,1,TATAMOTORS,2
2023-12-05,705.9,714.9,705.0,708.95,9601509,0.0047477324263038,0.016415770609319,0.0110977187273599,11533668.8,677.7675,652.6170000000001,1,0.3080807769615453,70.46248569851241,13.264301844952834,0.4008745327597149,0.460187601382326,0.861062134142041,1,TATAMOTORS,2
2023-12-06,709.05,724.8,709.0,722.45,12148825,0.019042245574441,0.0141784235277602,0.0101960912148696,12019445.6,681.64,654.6569999999999,1,0.8481012121455012,74.63589504649642,13.44899457031334,0.3746972108796455,0.4702747594989273,0.844971970378573,0,TATAMOTORS,2
2023-12-07,725.0,727.5,716.0,721.95,10451801,-0.0006920894179528,0.0220130237825595,0.0085291081910499,12136661.5,685.61,656.722,1,-0.265217368241964,74.21763625600046,13.309780672433815,0.3756492831913566,0.4699078883579196,0.8455571715492762,0,TATAMOTORS,2
2023-12-08,722.05,727.6,707.5,714.55,8557203,-0.0102500173142185,0.0128995676518532,0.0106843319178166,12403844.8,688.87,658.617,1,-0.3731343097943125,68.13214307082504,13.794796338688544,0.3898957385767266,0.4644181652788468,0.8543139038555736,0,TATAMOTORS,2
2023-12-11,717.8,726.5,716.55,720.8,6403209,0.0087467636974318,0.0215419501133786,0.0108849683707514,12348996.7,692.3575000000001,660.63,1,0.3015075073861788,70.34389186668378,13.663025171639369,0.3778440621531632,0.469062153163152,0.8469062153163153,0,TATAMOTORS,2
2023-12-12,724.8,724.8,713.0,715.4,6461539,-0.0074916759156492,0.009097961774455,0.0120755537076763,11393564.6,695.45,662.6560000000001,1,-0.796610101982196,66.07681498582963,13.529951945093694,0.388244338831423,0.4650545149566676,0.8532988537880907,1,TATAMOTORS,2
2023-12-13,716.0,721.45,713.5,720.3,5807736,0.0068493150684931,-0.0029759844971971,0.0084183657878368,10362051.8,698.8025,664.4580000000001,1,0.5408804351093704,67.97517197255921,13.131383949015577,0.3788004997917535,0.4686935998889351,0.8474940996806887,0,TATAMOTORS,2
2023-12-14,724.0,724.7,718.6,719.75,6732352,-0.0007635707344161,-0.0030473024447676,0.008418690866398,8607762.5,701.2125,666.444,1,-0.6967211972588175,67.51844674620031,12.629142238371609,0.3798541160125043,0.4682875998610629,0.8481417158735672,1,TATAMOTORS,2
2023-12-15,723.9,734.0,721.25,732.4,12082079,0.017575547064953,0.0249807571198656,0.0095506793569064,8759428.9,703.8125,668.82,1,0.6666666143790891,72.15288785571576,12.744917792773636,0.3560212998361551,0.4774713271436374,0.8334926269797925,0,TATAMOTORS,2
2023-12-18,732.9,734.75,728.1,730.8,5450397,-0.0021845985800109,0.0138734739178689,0.0097233938420405,8369665.0,706.275,671.0440000000001,1,-0.3157894261970833,70.77736096538315,12.309566521861232,0.3589901477832513,0.476327312534209,0.8353174603174605,0,TATAMOTORS,2
2023-12-19,732.6,732.6,726.0,728.95,4511101,-0.0025314723590584,0.0189404528934862,0.0085993104289165,7860624.2,709.0074999999999,673.174,1,-0.5530302192378402,69.13617740010383,11.901740341728289,0.3624391247685025,0.4749982852047466,0.8374374099732492,0,TATAMOTORS,2
2023-12-20,730.95,733.0,703.05,705.25,8107602,-0.0325125180053502,-0.02089407191448,0.0179886070269661,7456501.9,710.185,674.932,0,-0.8580967993957664,52.379572064545286,13.190901745890557,0.4082240340304856,0.4573555476781283,0.865579581708614,0,TATAMOTORS,2
2023-12-21,703.0,711.9,696.25,708.85,7702232,0.0051045728465084,-0.0151441472733587,0.0184449829130159,7181545.0,711.5675,676.498,0,0.3738018930478043,54.19561685051487,13.366551621184088,0.4010721591309867,0.4601114481201947,0.8611836072511815,1,TATAMOTORS,2
2023-12-22,716.8,731.0,712.0,724.7,12062238,0.0223601608238697,-0.0105133806663024,0.0198444673168671,7532048.5,713.8050000000001,678.3120000000001,1,0.4157894518005599,61.20965812436849,13.993940791099508,0.3704291430936938,0.471919414930316,0.84234855802401,1,TATAMOTORS,2
2023-12-26,727.4,727.5,716.6,719.55,7229143,-0.007106388850559,-0.0153940886699507,0.0199804451955569,7614641.9,716.0975,679.9639999999999,1,-0.7201834201666624,58.0966856453818,13.772945020306684,0.3802376485303315,0.4681398096032242,0.8483774581335558,1,TATAMOTORS,2
2023-12-27,728.0,741.85,725.15,740.9,15052800,0.0296713223542492,0.0163934426229506,0.0247619431426946,8473768.0,718.2674999999999,681.44,1,0.7724550435655627,65.85049435007194,14.382020375999067,0.3404643001754623,0.4834660547982183,0.8239303549736807,1,TATAMOTORS,2
2023-12-28,742.65,757.95,739.05,753.9,14906199,0.0175462275610742,0.0689826302729528,0.0145901626150443,9383614.3,720.345,683.1940000000001,1,0.5952380637440149,69.54575214338813,14.704733206284857,0.317349781138082,0.4923729937657514,0.8097227749038335,1,TATAMOTORS,2
2023-12-29,755.0,802.9,754.0,779.95,41170191,0.0345536543308131,0.1003033081752133,0.0162012410942488,12827398.2,724.0224999999999,685.679,1,0.510224938441209,75.31094506911123,17.154395120121652,0.2733508558240912,0.5093275209949356,0.7826783768190269,0,TATAMOTORS,2
2024-01-01,785.0,798.7,781.05,790.6,12570717,0.0136547214565034,0.0909341796605491,0.0162718818985768,12876262.0,728.28,688.1209999999999,1,0.3172804352815613,77.21040096813907,17.26836689725582,0.2561978244371363,0.5159372628383506,0.772135087275487,0,TATAMOTORS,2
2024-01-02,800.5,804.0,779.0,784.4,13791090,-0.0078421452061725,0.0901257730526023,0.0165527900802766,13710331.3,732.22,690.433,1,-0.6439999742400019,73.65761405238993,17.82062640459469,0.2661269760326364,0.5121111677715451,0.7782381438041817,0,TATAMOTORS,2
2024-01-03,786.05,790.0,776.25,781.45,8559060,-0.003760836308006,0.0547307328924282,0.017156923158074,14115127.2,735.845,692.798,1,-0.3345454302148712,71.96091415137442,17.52986737569507,0.2709066478981379,0.5102693710410136,0.7811760189391516,1,TATAMOTORS,2
2024-01-04,798.0,801.8,791.3,795.75,14298444,0.0182993153752639,0.0555113410266614,0.0172337538839239,14734211.4,739.51,695.7660000000001,1,-0.2142856938775529,74.9706950529199,17.731305420288273,0.2480678605089538,0.5190700596921144,0.7671379202010682,0,TATAMOTORS,2
2024-01-05,799.0,805.9,787.1,790.95,11091198,-0.0060320452403392,0.0141034681710365,0.0121690000851694,15073108.0,742.96,698.828,1,-0.4281914665855589,72.17029923128544,17.807640747410534,0.2556419495543333,0.5161514634300525,0.7717934129843859,1,TATAMOTORS,2
2024-01-08,798.4,800.35,787.5,789.1,7668471,-0.0023389594791074,-0.0018972931950417,0.0106278345760475,14633731.3,746.6875,702.079,1,-0.7237353522384892,71.06845567435192,17.453523551166928,0.2585857305791407,0.515017108097833,0.7736028386769738,1,TATAMOTORS,2
2024-01-09,799.95,809.2,793.15,799.8,12872757,0.0135597516157646,0.0196328403875574,0.0111456191977278,15198092.7,750.6375,705.2540000000001,1,-0.0093457938102365,73.58079294787277,17.642557583226434,0.2417479369842461,0.521505376344086,0.7632533133283321,0,TATAMOTORS,2
2024-01-10,800.0,811.0,792.65,808.45,9980044,0.0108152038009503,0.0345511549043444,0.0105144416033202,14690817.1,755.29,708.8530000000001,1,0.4604904381204139,75.43770876288364,17.693089184424547,0.2284618714824663,0.5266250231925289,0.7550868946749953,0,TATAMOTORS,2
2024-01-11,813.5,817.5,808.45,815.65,11075167,0.0089059311027273,0.0250078542255733,0.0086299908011583,14307713.9,760.0575000000001,712.5930000000001,1,0.2375690345227573,76.8935270398814,17.075725671251362,0.2176178507938454,0.5308036535278612,0.7484215043217067,0,TATAMOTORS,2
2024-01-12,818.15,818.55,809.15,816.45,7664094,0.0009808128486483,0.032239711739048,0.0067596517445224,10957104.2,764.8925,716.3679999999999,1,-0.1808510445903076,77.05624852324635,16.527459551876262,0.2164247657541795,0.5312633964112928,0.7476881621654725,0,TATAMOTORS,2
2024-01-15,820.0,820.4,810.3,812.45,4835856,-0.0048992589870782,0.0295906729185146,0.0076270121506507,10183618.1,768.8950000000001,719.888,1,-0.7475246784628969,74.24104373403839,16.068355298170818,0.2224136869961227,0.5289556280386486,0.7513693150347713,1,TATAMOTORS,2
2024-01-16,812.45,827.0,812.45,818.85,10159066,0.0078774078404824,0.0238184546136535,0.0065412753680592,9820415.7,773.2975,723.315,1,0.4398625127242258,75.76657659616615,15.959901348301472,0.2128594980765707,0.5326372351468524,0.7454967332234231,0,TATAMOTORS,2
2024-01-17,811.0,813.7,804.0,805.55,7895439,-0.0162422910178909,-0.0035871111385986,0.0103424434894545,9754053.6,777.1275,726.505,1,-0.5618556121798359,66.89964299732216,15.880622680565653,0.2328843647197567,0.524920861523183,0.7578052262429397,0,TATAMOTORS,2
2024-01-18,807.0,822.95,797.0,819.05,11500495,0.0167587362671466,0.0041684546067553,0.0125267682589875,9474258.7,782.8175,729.9859999999999,1,0.4643545100441396,70.65381566569917,16.59986391766811,0.2125633355716989,0.5327513582809352,0.7453146938526343,0,TATAMOTORS,2
2024-01-19,823.85,826.0,819.5,823.55,5706888,0.005494170075087,0.0086961847020636,0.0126959627462311,8935827.7,788.5525,733.6060000000001,1,-0.046153839053266,71.8018772652076,15.91058792354896,0.2059377087001396,0.5353044745309938,0.7412421832311336,0,TATAMOTORS,2
2024-01-20,826.0,827.0,817.05,818.9,2837388,-0.0056462874142432,0.0079389500892361,0.0127984573075105,8452719.4,793.2625,736.9970000000001,1,-0.7135677674806254,68.80639021622399,15.484831643295466,0.2127854438881426,0.5326657711564293,0.745451215044572,0,TATAMOTORS,2
2024-01-23,824.9,827.6,796.3,800.45,9436209,-0.0225302234705091,-0.0224705379495633,0.0159379994791688,8109064.6,797.3075000000001,739.985,1,-0.7811501347875317,58.3964915134298,16.614486525917222,0.2407395839840089,0.5218939346617528,0.7626335186457618,0,TATAMOTORS,2
2024-01-24,802.4,812.0,788.5,810.9,7217542,0.0130551564744829,0.0066414251132767,0.0158965246301091,7832814.4,800.8075000000001,743.132,1,0.3617021122679952,61.91142460185636,17.106308916923133,0.2247502774694783,0.5280552472561352,0.7528055247256136,1,TATAMOTORS,2
2024-01-25,814.0,814.15,800.3,811.85,10109720,0.001171537797509,-0.008790672120139,0.0134832067376377,7736269.7,803.7049999999999,746.304,1,-0.1552346458314316,62.22388600855337,16.873715422857195,0.2233171152306459,0.528607501385724,0.75192461661637,1,TATAMOTORS,2
2024-01-29,811.85,843.8,811.05,841.0,12823686,0.035905647594999,0.0211887559953858,0.0218180256265988,8252228.9,806.7575,749.693,1,0.8900763086999595,70.28035746754423,18.007735749795966,0.1809155766944113,0.5449464922711058,0.7258620689655173,1,TATAMOTORS,2
2024-01-30,843.0,885.95,842.85,858.85,19734613,0.0212247324613554,0.0487849554280133,0.0220358407222699,9742104.6,810.17,753.262,1,0.3677494114211277,73.94478841042354,19.93218319623912,0.1563718926471443,0.5544041450777202,0.7107760377248646,1,TATAMOTORS,2
2024-01-31,865.2,896.5,865.2,884.2,24562392,0.0295162135413635,0.1046286463864076,0.0136714778768327,11182437.2,815.1600000000001,757.315,1,0.6070287345997218,78.0786400022123,21.19774153936489,0.1232187287943903,0.5671793711829903,0.6903980999773807,1,TATAMOTORS,2
2024-02-01,900.0,900.15,876.3,878.5,14505885,-0.0064465053155394,0.083364163275373,0.0182316571141759,11843481.8,820.0125,761.3990000000001,1,-0.9014674674437112,75.18994545333874,21.3871885722674,0.130506545247581,0.5643710870802504,0.6948776323278316,1,TATAMOTORS,2
2024-02-02,886.0,895.75,876.85,878.75,13003437,0.0002845759817871,0.0824043850464986,0.018418698630928,11993776.0,824.1625,765.34,1,-0.3835978633017008,75.23322559429225,21.209532245676872,0.1301849217638691,0.5644950213371266,0.6946799431009958,1,TATAMOTORS,2
2024-02-05,934.0,950.0,915.35,926.8,38686871,0.0546799431009956,0.1020214030915576,0.0244067741762062,15291774.3,830.9549999999999,770.252,1,-0.2077922017953203,81.80353743339477,24.78385137098567,0.0715904186447993,0.5870738023305998,0.6586642209753993,0,TATAMOTORS,2
2024-02-06,936.4,941.3,928.4,939.55,12714803,0.0137570133793698,0.0939628573091924,0.0245299332313234,16279515.8,838.4775,775.4440000000001,1,0.2441860275824771,83.08577943829732,24.04929055877241,0.0570485870895641,0.5926773455377574,0.6497259326273217,0,TATAMOTORS,2
2024-02-07,944.0,944.0,928.05,933.8,7913010,-0.0061199510403916,0.0560959059036416,0.025629891216891,16127195.9,845.1775,780.646,1,-0.6394983925079388,80.3363812644579,23.470769804574385,0.0635575069608053,0.5901692011137288,0.6537267080745343,0,TATAMOTORS,2
2024-02-08,937.0,939.7,918.8,924.3,11576253,-0.0101734846862283,0.0521343198634034,0.0263175089250167,16563067.0,850.97,785.182,1,-0.6076554733179195,75.86936207722455,23.287143389961933,0.0744888023369036,0.58595694038732,0.6604457427242238,0,TATAMOTORS,2
2024-02-09,926.0,927.4,906.05,915.0,7904881,-0.0100616682895163,0.0412517780938832,0.0276909998620943,16342583.1,855.9375,789.235,1,-0.5152224583033972,71.66813932575283,23.14877600496465,0.0854098360655737,0.5817486338797814,0.6671584699453552,0,TATAMOTORS,2
2024-02-12,916.1,925.0,908.0,911.6,7286778,-0.0037158469945355,-0.0164005179110918,0.009899807876486,15788892.3,860.695,793.3389999999999,1,-0.2647058667820078,70.1389915909195,22.70957771889575,0.0894580956559894,0.5801886792452831,0.6696467749012726,0,TATAMOTORS,2
2024-02-13,911.6,919.1,894.0,906.9,8574218,-0.0051557700745942,-0.0347506785163109,0.0029323995477693,14672852.8,865.4174999999999,797.368,1,-0.1872509885557391,67.97972462001654,22.88032216754606,0.0951042011247105,0.5780130113573714,0.6731172124820819,1,TATAMOTORS,2
2024-02-14,900.0,919.95,894.35,918.3,6570939,0.0125702944095269,-0.0165988434354251,0.0093333774652127,12873707.5,870.39,801.6220000000001,1,0.7148437220764147,70.3629924540537,23.0745848698642,0.0815093106827834,0.5832516606773385,0.664760971360122,1,TATAMOTORS,2
2024-02-15,923.7,927.0,916.35,920.55,6430799,0.0024501796798432,-0.0040571243102888,0.0086974179547302,12066198.9,876.1400000000001,805.8539999999999,1,-0.2957746201150683,70.82455193215661,22.187114522016756,0.0788658953886263,0.5842702732062354,0.6631361685948618,1,TATAMOTORS,2
2024-02-16,925.0,948.8,924.1,938.6,12826164,0.019607843137255,0.025792349726776,0.0106793159641566,12048471.6,882.1175,810.177,1,0.550607265157603,74.28448656723594,22.620177770444126,0.0581184743234604,0.5922650756445771,0.6503835499680375,0,TATAMOTORS,2
2024-02-19,942.95,942.95,931.05,932.6,4632214,-0.0063924994672917,0.023036419482229,0.0112848514475861,8643005.9,887.5699999999999,814.39,1,-0.8697478260716066,71.25931018551933,21.854450786840975,0.0649260132961612,0.5896418614625778,0.654567874758739,0,TATAMOTORS,2
2024-02-20,934.45,934.65,920.4,926.35,4733639,-0.0067016941882908,0.0214466865144999,0.0116352508926432,7844889.5,892.9425000000001,818.6260000000001,1,-0.5684210127423867,68.14610967278651,21.31127573063805,0.0721109731742861,0.5868732120688726,0.6589841852431587,0,TATAMOTORS,2
2024-02-21,926.35,937.2,916.5,921.05,6011018,-0.0057213796081395,0.0029946640531417,0.0112569882316565,7654690.3,898.9725000000001,822.6309999999999,1,-0.2560386349739817,65.5315621745356,21.267613178449626,0.0782802236577819,0.5844959557027305,0.6627761793605126,0,TATAMOTORS,2
2024-02-22,924.65,933.85,914.6,932.3,6437014,0.0122143206123446,0.0127641084134484,0.0124331592963737,7140766.4,905.0425,826.9689999999999,1,0.3974025767583065,68.31081393181007,21.12349795141751,0.0652686903357288,0.5895098144374128,0.6547785047731418,1,TATAMOTORS,2
2024-02-23,933.1,939.8,929.4,937.4,7047473,0.0054703421645392,-0.0012784998934584,0.0086222012671587,7055025.6,911.32,831.311,1,0.4134614987056217,69.51100857298228,20.357533812030542,0.0594730104544484,0.5917431192660552,0.6512161297205036,1,TATAMOTORS,2
2024-02-26,937.1,945.0,930.7,936.95,5600234,-0.0004800512054617,0.0046643791550504,0.0079438496570181,6886371.2,916.1175,835.655,1,-0.0104895097559767,69.26174372299457,19.924852825456927,0.0599818560221996,0.5915470409306793,0.6515288969528791,1,TATAMOTORS,2
2024-02-27,936.75,965.0,935.5,962.7,12810206,0.02748278990341,0.0392400280671452,0.0128813088819659,7309970.0,921.3099999999998,840.2610000000001,1,0.8796609871301375,74.82497132194831,20.608791909352863,0.0316297912122155,0.6024722135660122,0.6341020047782279,1,TATAMOTORS,2
2024-02-28,966.15,976.0,950.3,958.05,15219187,-0.0048301651604861,0.0401715433472666,0.0126516708343916,8174794.8,925.0025000000002,844.8059999999999,1,-0.3151750850126429,72.28088713936097,20.972449630113378,0.036636918741193,0.6005427691665362,0.6371796879077293,0,TATAMOTORS,2
2024-02-29,959.0,959.25,942.9,950.2,10346657,-0.0081937268409789,0.0191998283814223,0.0141445422246868,8566380.6,928.5875,849.2310000000001,1,-0.5382262667751483,68.07302633895114,20.642274656533854,0.0452010103136181,0.5972426857503683,0.6424436960639865,1,TATAMOTORS,2
2024-03-01,958.95,980.4,956.7,977.4,10645369,0.0286255525152598,0.0426712182632813,0.0180443698658487,8348301.1,933.52,854.674,1,0.7784809798109285,73.77081802501364,21.32496932392429,0.0161141804788213,0.608450992428893,0.6245651729077144,1,TATAMOTORS,2
2024-03-02,987.0,992.6,981.55,988.35,1783565,0.0112031921424187,0.0548588505256417,0.0173297110473942,8063436.2,936.5975,860.2640000000001,1,0.1221719346450751,75.65445904980805,20.887471515072555,0.0048565791470632,0.6127889917539334,0.6176455709009966,0,TATAMOTORS,2
2024-03-04,993.25,995.0,980.1,987.2,6084495,-0.0011635554206506,0.0254492572971849,0.0150437699932434,8198521.8,938.98,865.5139999999999,1,-0.4060402412053505,75.04491782228584,20.459794978281657,0.0060271474878443,0.612337925445705,0.6183650729335495,1,TATAMOTORS,2
2024-03-05,1027.0,1065.6,1005.35,1021.9,59811033,0.0351499189627226,0.0666457909294921,0.0186259795483665,13578523.3,943.385,871.561,1,-0.0846473014996303,80.22277651408554,24.59838105126153,-0.0033271357275662,0.6255015167824641,0.6221743810548978,0,TATAMOTORS,2
2024-03-06,1025.0,1030.65,1009.0,1017.65,14214823,-0.0041589196594579,0.0709850557777309,0.0175264380838522,14356304.2,948.0525,877.096,1,-0.3394919011782027,78.08576339282538,24.387782404742858,0.0008352577015673,0.6239375030708004,0.6247727607723677,1,TATAMOTORS,2
2024-03-07,1025.0,1047.0,1014.05,1039.3,16877082,0.0212745049869798,0.0633312870881932,0.0162472861914871,15339265.1,954.2675000000002,882.804,1,0.4339908821247057,80.87993187313286,24.999369375832657,0.0,0.6317713845857789,0.6317713845857789,0,TATAMOTORS,2
2024-03-11,1034.75,1035.95,1021.0,1028.0,7502450,-0.0108727027807177,0.0401173673293873,0.0193733648152541,15529486.7,960.0875,887.765,1,-0.4515049865214042,75.4709992783349,24.520842991844606,-0.0092412451361867,0.6277237354085603,0.6184824902723735,0,TATAMOTORS,2
2024-03-12,1027.8,1037.0,1011.3,1016.5,8763820,-0.0111867704280155,0.0296799027552674,0.0210136658741897,15124848.1,965.5675,892.283,1,-0.4396886988447951,70.31710113605516,24.605068492427137,0.0019675356615838,0.6235120511559271,0.625479586817511,0,TATAMOTORS,2
2024-03-13,1019.0,1021.0,963.55,973.2,16564155,-0.0425971470732906,-0.0476563264507289,0.0227801866290441,15259344.9,968.3125,896.0590000000001,1,-0.7972149556620534,55.0683979109321,26.95113502868234,0.0204993834771885,0.606761200164406,0.6272605836415948,0,TATAMOTORS,2
2024-03-14,964.95,982.0,955.4,967.75,22931801,-0.0056000822030415,-0.0490345403626001,0.0227045743514609,16517859.3,970.6725,899.785,0,0.1052631539374736,53.49591525057236,26.92605395520503,0.026246447946267,0.6045466287780935,0.6307930767243607,0,TATAMOTORS,2
2024-03-15,968.4,979.75,940.0,945.85,23390913,-0.0226298114182381,-0.0899162898104493,0.0147966620360355,17792413.7,971.035,902.787,0,-0.5672955832126886,47.6124131510362,27.84205010126181,0.0500079293756937,0.5953903895966591,0.6453983189723529,0,TATAMOTORS,2
2024-03-18,945.85,974.8,936.65,972.45,12121719,0.0281228524607495,-0.0540369649805446,0.0259479180394557,18826229.1,973.0275,906.417,0,0.6972476881455401,54.20101613001509,28.578332236885966,0.0212864414622859,0.6064579155740655,0.6277443570363515,0,TATAMOTORS,2
2024-03-19,968.55,970.6,951.6,957.75,9483750,-0.0151164584297394,-0.0577963600590261,0.0260227925776523,19166154.6,974.5975,909.79,0,-0.5684210227146806,50.426638541083136,28.026308505679825,0.036961628817541,0.600417645523362,0.6373792743409032,0,TATAMOTORS,2
2024-03-20,960.9,965.15,921.2,940.45,13900321,-0.0180631688854084,-0.0336518701191944,0.020417817231733,14575083.4,975.5675,912.603,0,-0.4653014683662911,46.33704883842302,29.163715040988404,0.0560370035621244,0.593067148705407,0.6491041522675315,1,TATAMOTORS,2
2024-03-21,951.0,969.25,946.0,964.9,11074207,0.0259981923547236,-0.0029449754585378,0.0251650772495523,14261021.8,977.1975,915.732,0,0.5978494366516361,52.23313597831203,29.137735395203517,0.0292776453518499,0.6033785884547622,0.6326562338066122,1,TATAMOTORS,2
2024-03-22,964.9,986.2,950.35,979.8,13638296,0.0154420147165508,0.0358936406406935,0.0223343413402617,13937143.2,979.3175,919.015,1,0.4156206299687403,55.44583290829261,29.61718286697469,0.0136252296387017,0.609410083690549,0.623035313329251,0,TATAMOTORS,2
2024-03-26,977.0,995.0,976.0,986.2,9461531,0.0065319452949581,0.0141395444495862,0.0191575687374413,14133051.3,981.78,922.41,1,0.4842105008310286,56.790157371691215,28.858812662190783,0.0070472520786857,0.6119448387750963,0.6189920908537823,1,TATAMOTORS,2
2024-03-27,991.6,995.0,976.7,978.65,6640537,-0.007655647941594,0.0218219785956668,0.0176272017108489,13920723.0,982.5775,925.734,0,-0.7076502345546362,54.69361305317456,28.104611757748582,0.0148163286159505,0.6089511061155675,0.623767434731518,1,TATAMOTORS,2
2024-03-28,982.5,999.9,979.0,992.8,9862996,0.0144586930976344,0.0556648412993778,0.0124962637649432,13250607.1,984.315,929.213,1,0.4928229429271302,57.83537576582735,27.614996632195112,0.0003525382755842,0.6145245769540693,0.6148771152296536,0,TATAMOTORS,2
2024-04-01,1000.0,1009.85,987.45,992.25,8629407,-0.0005539887187751,0.0283449062078973,0.0098714747042513,11820367.7,986.4175,932.947,1,-0.3459821274115125,57.66798186212737,27.242496872752604,0.000907029478458,0.6143109095490047,0.6152179390274629,1,TATAMOTORS,2
2024-04-02,999.0,1008.0,993.4,1004.65,7995931,0.0124968505920886,0.0253623188405798,0.0092061565735805,10280869.5,987.78,936.659,1,0.3869862748639516,60.44746520747021,26.42160423898456,-0.0111979296272333,0.6190713183695815,0.6078733887423481,0,TATAMOTORS,2
2024-04-03,1004.0,1014.45,992.55,1009.15,8040366,0.0044791718508934,0.0232711417562359,0.0091695563195532,9872734.2,988.82,940.371,1,0.2351598066137054,61.437023010637766,26.09863250762853,0.00926522320765,0.6207699549125503,0.6300351781202002,0,TATAMOTORS,2
2024-04-04,1016.0,1017.0,998.15,1011.6,9138276,0.0024277857602934,0.0336688295100393,0.0065114842085729,9838186.8,990.04,944.225,1,-0.2334217382800124,61.99453112819389,25.58087304279792,0.006820877817319,0.6216884143930408,0.6285092922103598,0,TATAMOTORS,2
2024-04-05,1011.6,1012.5,1004.4,1007.1,4519120,-0.0044483985765124,0.0144037066881548,0.0063392303841033,8900066.7,989.3,948.358,1,-0.5555554869684569,60.2709960624214,24.332239254026643,0.0113196306225796,0.6199980140998909,0.6313176447224704,0,TATAMOTORS,2
2024-04-08,1010.05,1016.4,1004.0,1013.2,5188052,0.0060569953331348,0.0211136306374402,0.0061298370453483,8311451.2,989.0775,952.404,1,0.2540322375780531,61.82052160413,23.4799364501676,0.005230951440979,0.6222858270825108,0.6275167785234899,0,TATAMOTORS,2
2024-04-09,1021.0,1029.5,1005.0,1008.5,8539041,-0.0046387682589814,0.0038321803613199,0.0050235655510473,7801525.7,987.5375,956.337,1,-0.5102040608079975,59.88256450048928,23.55279813229848,0.0099157164105106,0.620525532969757,0.6304412493802677,1,TATAMOTORS,2
2024-04-10,1012.25,1021.0,1010.0,1013.5,4554077,0.0049578582052554,0.0043105583907248,0.005115517738398,7310780.3,986.8125,959.787,1,0.113636353305786,61.273405958132486,22.763312551420015,0.0049333991119881,0.6223976319684262,0.6273310310804143,1,TATAMOTORS,2
2024-04-12,1014.0,1029.0,1013.5,1018.5,11575194,0.0049333991119882,0.0068208778173191,0.0054198131515629,7804246.0,986.9125,962.98,1,0.2903225619146734,62.66726530538909,22.24450451203288,0.0,0.6242513500245459,0.6242513500245459,0,TATAMOTORS,2
2024-04-15,998.1,1006.95,978.5,998.8,12632409,-0.0193421698576338,-0.0082414854532817,0.0108205692531562,8081187.3,988.1925,965.272,1,0.0246045685551972,54.36477878406004,23.51275418974481,-0.0054064877853423,0.6168402082498998,0.6114337204645576,0,TATAMOTORS,2
2024-04-16,990.0,1004.9,982.1,992.8,9574762,-0.0060072086503804,-0.0201342281879195,0.0099983255248288,8175722.8,989.445,967.558,1,0.1228070121575854,52.10075412342403,23.46184317619161,0.0003525382755842,0.6145245769540693,0.6148771152296536,0,TATAMOTORS,2
2024-04-18,996.35,1003.1,966.25,971.35,13540490,-0.021605560032232,-0.0368368864650471,0.012759132087437,8730178.7,990.72,969.41,0,-0.6784260331499038,44.90153424355272,24.41814009217793,0.0224429917125649,0.6060122509908891,0.628455242703454,0,TATAMOTORS,2
2024-04-19,964.0,967.95,944.0,963.2,15381310,-0.0083903845163947,-0.0496299950666008,0.0107641869043599,9464273.1,990.2575,970.138,0,-0.0334029213610451,42.498656759791096,24.62755865702237,0.0310942691029899,0.6026785714285714,0.6337728405315615,1,TATAMOTORS,2
2024-04-22,978.75,978.75,966.0,973.55,7187959,0.0107454318936877,-0.04413352970054,0.0128941761606018,9269241.4,991.0475,970.818,0,-0.407843105267211,46.42004814678405,23.979161610092195,0.0201325047506548,0.6069025730573673,0.6270350778080223,1,TATAMOTORS,2
2024-04-23,976.0,994.5,974.05,986.75,7994116,0.0135586256484001,-0.0120644773728473,0.0145362667200517,9616741.0,993.3625,971.877,0,0.5256723459328915,51.00883835249569,23.76279292365704,0.0064859386876108,0.6121611350392703,0.6186470737268812,1,TATAMOTORS,2
2024-04-24,992.4,995.9,988.0,991.65,4671450,0.0049657968077019,-0.0011583400483481,0.0146718532336127,9565080.8,994.7,973.224,0,-0.0949366968434563,52.6306490112761,22.71902200053868,0.0015126304643775,0.6140775475218071,0.6155901779861847,1,TATAMOTORS,2
2024-04-25,992.5,1003.3,989.5,1001.25,8366455,0.0096808349720163,0.0307819014773254,0.0086788600363061,9547822.2,995.7725,974.949,1,0.6340579250682684,55.72321069176778,22.0819490005002,-0.0078401997503121,0.6177777777777778,0.6099375780274657,1,TATAMOTORS,2
2024-04-26,1007.8,1008.95,996.6,999.5,7937500,-0.0017478152309613,0.0376868770764118,0.0059983837344711,9886164.5,996.4375,976.707,1,-0.6720647229097342,55.0180667793212,21.38680978617876,-0.0061030515257629,0.6171085542771385,0.6110055027513758,1,TATAMOTORS,2
2024-04-29,1003.05,1005.75,999.0,1000.6,4764750,0.0011005502751375,0.0277849108931231,0.0062167417578128,9205120.1,997.535,978.581,1,-0.36296290919067,55.40011195282487,20.34132337288028,-0.0071956825904457,0.6175294823106137,0.6103337997201679,0,TATAMOTORS,2
2024-04-30,1005.0,1019.45,997.5,1007.9,9047011,0.007295622626424,0.0214340005067139,0.0046145034145032,8846580.3,998.29,980.373,1,0.132118445005992,57.95241653765675,20.456228846245978,0.01051691636075,0.6202996329000894,0.6308165492608393,0,TATAMOTORS,2
2024-05-02,1020.0,1030.0,1011.55,1027.8,12695047,0.0197440222244269,0.0364543941914989,0.0083782723708737,9158608.8,1000.0675,982.518,1,0.4227642047282238,64.00040848920196,20.57364107151412,-0.0090484530064214,0.627651294026075,0.6186028410196536,0,TATAMOTORS,2
2024-05-03,1038.0,1040.2,996.0,1013.4,11871773,-0.0140105078809106,0.0121348314606741,0.0123789213207554,8991737.1,1000.505,984.014,1,-0.5565610733809712,57.54970120198152,22.261238137834543,0.0050325636471285,0.6223603710282218,0.6273929346753503,0,TATAMOTORS,2
2024-05-06,1015.0,1019.8,1005.0,1016.2,5724760,0.0027629761199921,0.0167083541770884,0.0121564765353859,8026082.1,1000.8575,985.686,1,0.0810810756026333,58.427135807417486,21.728292556560643,0.0022633339893721,0.6234009053335957,0.6256642393229679,0,TATAMOTORS,2
2024-05-07,1016.2,1017.95,982.05,988.55,8877426,-0.0272092107852786,-0.0120427743353987,0.0184475744938682,8195028.8,999.7050000000002,986.93,0,-0.7701949646185253,47.898388610652,22.740557373949173,0.0046532800566486,0.6128673309392544,0.6175206109959032,0,TATAMOTORS,2
2024-05-08,986.95,1015.0,977.0,1012.1,7519352,0.0238227707247991,0.0041670800674671,0.0217738249697839,8147552.4,999.955,988.751,1,0.6618420878462603,55.28865794181952,23.830517561524232,0.0063234858215591,0.6218753087639562,0.6281987945855152,0,TATAMOTORS,2
2024-05-09,1011.0,1043.2,1007.3,1030.3,19189798,0.0179824128050587,0.0024323798404359,0.0214062997945237,9599387.2,1000.8099999999998,990.711,1,0.5376044418494559,60.00961311245489,24.692623449986797,0.0087353198097641,0.628554789867029,0.6372901096767931,0,TATAMOTORS,2
2024-05-10,1037.0,1050.35,1030.4,1046.65,13383183,0.0158691643210717,0.0328103414249063,0.0204320559352752,10101060.0,1002.7175,992.896,1,0.4837092489368887,63.71605908564618,24.361007489273447,0.0,0.6343572349878183,0.6343572349878183,0,TATAMOTORS,2
2024-05-13,1005.0,1008.7,947.2,959.75,58974762,-0.0830267997898056,-0.0555500885652431,0.0453430449704684,15204786.2,1000.03,993.352,0,-0.7357723457597993,41.6307657993388,29.724506954325346,0.0348007293566032,0.6012503256056264,0.6360510549622298,0,TATAMOTORS,2
2024-05-14,965.1,968.0,953.25,964.65,16325689,0.0051054962229746,-0.0241768246421526,0.0446661216231441,16360880.1,997.3375,993.391,0,-0.0305084725079032,42.83400783845848,28.65489931473068,0.029544394339916,0.6032757995127768,0.6328201938526927,0,TATAMOTORS,2
2024-05-15,970.95,972.95,945.1,947.3,19668239,-0.0179857979578085,-0.0640252939432862,0.0419762564673897,17423002.9,994.7625,993.176,0,-0.849192070046966,39.71236750864481,28.59740650653563,0.048400717829621,0.5960097118125197,0.6444104296421409,0,TATAMOTORS,2
2024-05-16,953.2,954.4,919.0,936.4,31240770,-0.0115063865723635,-0.0911385033485392,0.0385718782543763,19277575.2,991.9425,992.9,0,-0.4745762577803339,37.84629209787536,29.08330604178309,0.0606044425459205,0.5913071337035456,0.651911576249466,0,TATAMOTORS,2
2024-05-17,944.0,953.4,941.0,945.7,13205512,0.009931653139684,-0.0964505804232551,0.037327930360217,19410949.1,990.66,992.266,0,0.1370967631373617,40.41878338391622,28.220212753084294,0.0501744739346515,0.5953262133869092,0.6455006873215607,1,TATAMOTORS,2
2024-05-18,950.0,958.0,947.0,953.95,1930324,0.008723696732579,-0.0060432404271945,0.0127487540815999,19031505.5,990.1975,991.578,0,0.3590908764462881,42.68504733849559,27.083054699292557,0.0410923004350332,0.5988259342732848,0.6399182347083181,0,TATAMOTORS,2
2024-05-21,954.0,956.65,948.7,951.3,10055258,-0.0027779233712459,-0.0138392162960659,0.0122604140419361,19149288.7,989.085,990.86,0,-0.3396225987896188,42.13070700318912,25.716407935057365,0.0439924314096499,0.5977083990329023,0.6417008304425523,0,TATAMOTORS,2
2024-05-22,952.0,954.9,942.55,947.5,9495279,-0.0039945337958582,0.000211126359126,0.0090937115339508,19346881.4,987.1225,989.372,0,-0.3643724401317856,41.3023867733646,24.7616645111247,0.0481794195250659,0.5960949868073878,0.6442744063324539,1,TATAMOTORS,2
2024-05-23,950.0,963.45,945.05,962.35,11211074,0.0156728232189973,0.0277125160187954,0.0085467489273285,18549009.0,985.6575,988.266,0,0.6711956156958884,45.7880063659803,24.307259903187227,0.0320049877903049,0.6023276354756586,0.6343326232659635,0,TATAMOTORS,2
2024-05-24,962.5,970.95,958.0,960.55,9590588,-0.0018704213643685,0.0157026541186422,0.0086498043810304,18169749.5,983.6225,986.691,0,-0.1505791389514208,45.33576149770727,23.49602705295957,0.033938889178075,0.6015824267346832,0.6355213159127584,0,TATAMOTORS,2
2024-05-27,964.9,966.45,952.0,958.5,6916555,-0.0021341939513819,0.0047696420147806,0.0082548490447286,12963928.8,981.5725,985.301,0,-0.4429065437434888,44.793136958076246,22.84988226346246,0.036150234741784,0.6007303077725612,0.6368805425143453,0,TATAMOTORS,2
2024-05-28,959.0,961.9,946.0,947.55,6618946,-0.0114241001564945,-0.0039419741406496,0.0099667431124497,11993254.5,978.92,983.922,0,-0.7201257408725988,41.9077889298764,22.35346210178657,0.0481241095456704,0.5961162999314019,0.6442404094770725,0,TATAMOTORS,2
2024-05-29,946.95,950.5,938.8,943.6,8184019,-0.0041686454540657,-0.0041160949868073,0.0099812063101166,10844832.5,975.705,983.33,0,-0.2863247618525853,40.88469582522652,21.59250052308753,0.0525116574819838,0.594425604069521,0.6469372615515049,0,TATAMOTORS,2
2024-05-30,943.5,951.45,921.0,923.95,10170912,-0.0208245019075878,-0.0399023224398606,0.0081057912925937,8737846.7,970.5125,982.454,0,-0.6420361037098135,36.15590803226035,22.225179057152708,0.0748958276963038,0.5858000974078683,0.6606959251041723,0,TATAMOTORS,2
2024-05-31,931.65,937.25,920.1,923.0,14289102,-0.001028194166351,-0.0390921867679974,0.0082742069810113,8846205.7,965.9925,981.997,0,-0.5043731484330519,35.93948343462222,21.862666267356083,0.0760021668472372,0.585373781148429,0.6613759479956663,1,TATAMOTORS,2
2024-06-03,963.0,963.0,934.0,950.45,12314329,0.0297399783315277,-0.0083985393844547,0.0190735170479458,9884606.2,962.705,981.557,0,-0.432758605766943,45.99813045286664,23.15819010540208,0.0449260876426954,0.5973486243358409,0.6422747119785365,0,TATAMOTORS,2
2024-06-04,948.0,948.0,855.4,903.9,26554598,-0.0489768004629387,-0.0460661706506252,0.0288341277267334,11534540.2,958.4725,980.48,0,-0.4762418955049473,35.747385366772434,28.29331938358765,0.0987387985396614,0.5766124571302136,0.6753512556698751,0,TATAMOTORS,2
2024-06-05,924.95,933.75,890.0,929.95,13752553,0.028819559685806,-0.0144658753709198,0.0336093997334026,11960267.6,954.365,980.27,0,0.1142857116734694,43.35501628940601,29.39736799904568,0.0679606430453249,0.5884724985214258,0.6564331415667509,0,TATAMOTORS,2
2024-06-06,940.0,946.0,931.2,938.25,11792640,0.0089252110328512,0.0154770279777043,0.0321456393914154,12018424.2,949.7625,979.737,0,-0.1182432352538358,45.56648137121523,28.44398457054241,0.0585131894484412,0.5921129762856381,0.6506261657340795,1,TATAMOTORS,2
2024-06-07,940.0,973.0,935.25,970.5,15577866,0.0343725019984013,0.051462621885157,0.0346973348760852,12617152.0,945.955,979.551,1,0.8079469984649802,53.21022174032182,29.108699958360805,0.0233384853168469,0.605667181865018,0.629005667181865,0,TATAMOTORS,2
2024-06-10,977.0,984.9,969.1,975.15,9258931,0.004791344667697,0.0259876900415592,0.033005082919511,12851389.6,946.725,979.33,1,-0.1170886001842675,54.20868154111216,28.1580785327636,0.0184586986617443,0.6075475567861355,0.6260062554478799,0,TATAMOTORS,2
2024-06-11,973.8,992.55,966.65,987.1,14828702,0.0122545249448802,0.0920455802633035,0.0129885765331036,13672365.2,947.8475,979.499,1,0.5135134936867407,56.76222120665287,27.996787208994768,0.0061290649376962,0.6122986526187824,0.6184277175564786,0,TATAMOTORS,2
2024-06-12,994.5,1010.25,987.0,988.7,17527993,0.001620909735589,0.0631754395397601,0.0129321917725063,14606762.6,949.9175,979.417,1,-0.2494623548618322,57.10711192758101,27.657730979780855,0.0045008597147769,0.6129260645291797,0.6174269242439567,0,TATAMOTORS,2
2024-06-13,1002.0,1002.0,980.75,985.85,12157226,-0.002882573075756,0.0507327471356249,0.014683296274805,14805394.0,952.39,979.289,1,-0.7599999642352947,56.24646908769598,27.200035909796508,0.0074047776030835,0.6118070700410814,0.6192118476441649,1,TATAMOTORS,2
2024-06-14,990.0,997.25,981.4,993.4,11591421,0.0076583658771618,0.0235960844925295,0.0057620888436458,14535625.9,954.775,979.064,1,0.2145110274756432,58.050111139771055,26.38931905909676,0.0,0.6147573988322932,0.6147573988322932,0,TATAMOTORS,2
2024-06-18,1000.0,1003.55,984.0,985.9,9845075,-0.0075498288705455,0.0110239450340974,0.0079390212115565,14288700.5,956.3725,978.599,1,-0.7212275845919423,55.59824192856311,25.900796269161276,0.0073536869865097,0.6118267572776144,0.6191804442641242,0,TATAMOTORS,2
2024-06-19,990.0,994.9,975.15,977.35,7605719,-0.0086722791358149,-0.009877418701246,0.0067544016513865,12393812.6,957.675,977.914,1,-0.6405062966832243,52.8573664799678,25.461453678506896,0.0161661636056683,0.6084309612728297,0.6245971248784981,1,TATAMOTORS,2
2024-06-20,980.0,988.4,976.35,978.25,7299571,0.0009208574205761,-0.0105694346111054,0.0066681905886165,11748514.4,959.2125,977.337,1,-0.1452282037155023,53.11935538180922,24.503492701470687,0.0152312803475593,0.6087912087912087,0.6240224891387682,0,TATAMOTORS,2
2024-06-21,979.0,980.9,958.1,961.8,14303735,-0.0168157423971377,-0.0243951919663235,0.0094184817256909,11999623.9,959.1849999999998,976.309,1,-0.7543859318251819,47.881593766288574,24.381814651365637,0.0325951341235184,0.6021002287377832,0.6346953628613018,0,TATAMOTORS,2
2024-06-24,960.9,963.5,950.05,958.05,6655577,-0.003898939488459,-0.0355848600765049,0.0065497664637373,11107395.0,959.06,975.3,0,-0.2118958950263285,46.74991337262751,23.600970747696664,0.036636918741193,0.6005427691665362,0.6371796879077293,0,TATAMOTORS,2
2024-06-25,960.0,962.85,949.3,955.0,7304128,-0.0031835499191065,-0.0313419210873313,0.0067790523268569,10911914.7,958.885,974.13,0,-0.3690036628041558,45.801734286308125,22.883044265718336,0.0399476439790575,0.5992670157068062,0.6392146596858639,0,TATAMOTORS,2
2024-06-26,956.0,962.5,950.1,951.85,6908988,-0.0032984293193717,-0.0260909602496546,0.0067407335264786,10119943.3,959.1,972.797,0,-0.3346773923647252,44.79132149590274,22.1342553895956,0.0433891894731312,0.597940852025004,0.6413300414981352,0,TATAMOTORS,2
2024-06-27,952.5,974.85,948.05,972.1,19385412,0.0212743604559542,-0.0062867365192946,0.0138254225191587,10305685.2,960.525,972.263,1,0.731343256293161,52.106028294906096,22.467522861767343,0.02165415080753,0.6063162226108426,0.6279703734183726,1,TATAMOTORS,2
2024-06-28,975.0,998.5,972.55,989.75,23025267,0.0181565682542947,0.0290600956539821,0.0127445588661754,11392489.3,963.815,972.202,1,0.5684007488092186,57.40349139486224,22.748414085926814,0.0034352109118464,0.6133367011871684,0.6167719120990149,0,TATAMOTORS,2
2024-07-01,989.75,1005.5,985.2,1002.05,14006105,0.0124273806516796,0.0459266217838316,0.0116823748913946,11633957.7,967.7675000000002,972.816,1,0.6059113002014128,60.66841913982822,22.573527365503477,-0.0086323037772566,0.6180829299935132,0.6094506262162568,0,TATAMOTORS,2
2024-07-02,1004.05,1005.0,979.1,981.3,12284132,-0.0207075495234768,0.0275392670157068,0.0174730575001758,11877863.4,969.31,973.178,1,-0.8783783444641573,53.25291578841791,22.811132553681794,0.0120758177927239,0.6100071333944767,0.6220829511872007,0,TATAMOTORS,2
2024-07-03,984.95,987.35,973.5,975.65,7346258,-0.0057576683990624,0.0250039396963805,0.0178163598101257,11851917.3,972.8974999999998,973.22,1,-0.6714800959220186,51.41026585066958,22.17105165699024,0.0179367601086455,0.607748680366935,0.6256854404755804,1,TATAMOTORS,2
2024-07-04,984.0,1004.0,979.6,998.2,12139832,0.0231127965971404,0.0268490895998354,0.0182479057768411,12335943.4,976.31,973.449,1,0.5819671892636422,57.70113864292355,22.612405110062365,-0.0048086555800441,0.6166098978160689,0.6118012422360248,0,TATAMOTORS,2
2024-07-05,1005.0,1006.6,989.95,993.65,9050375,-0.0045582047685834,0.0039403889871179,0.0170828241622162,11810607.4,979.0800000000002,973.489,1,-0.6816816407398436,56.122251812168,22.186519030772192,-0.000251597645046,0.6148543249635184,0.6146027273184723,1,TATAMOTORS,2
2024-07-08,1005.0,1016.6,996.2,1002.6,13312085,0.0090071956926482,0.0005488748066464,0.016566691214472,12476258.2,980.685,973.516,1,-0.117647053056516,58.52626104260264,22.24105338571704,-0.0091761420307201,0.6182924396568922,0.609116297626172,0,TATAMOTORS,2
2024-07-09,1000.95,1017.0,998.1,1014.95,10948094,0.0123179732694993,0.0342912463059208,0.0121256746670413,12840654.8,982.675,973.825,1,0.7407407015481119,61.64874346839798,22.002406715308677,0.0034977092467608,0.6229370904970688,0.6264347997438297,0,TATAMOTORS,2
2024-07-10,1015.0,1019.85,986.05,1005.5,13412206,-0.0093108034878566,0.0305949879567468,0.0131114403140893,13490976.6,983.595,973.923,1,-0.2810650804418609,58.04744234861214,22.84509194992949,-0.0120338140228742,0.6193933366484335,0.6073595226255595,0,TATAMOTORS,2
2024-07-11,1008.0,1025.5,1007.05,1020.8,11983571,0.0152163102933864,0.0226407533560408,0.0108288762427047,12750792.5,985.2,974.181,1,0.6937669000668305,61.92549562661056,22.641871096363097,-0.0022531347962382,0.6250979623824451,0.6228448275862069,0,TATAMOTORS,2
2024-07-12,1023.85,1025.9,1015.0,1016.75,7339644,-0.0039674764890281,0.0232476224022544,0.01070741310732,11182230.2,986.745,973.96,1,-0.6513760870297135,60.33556923421816,21.803166018051453,0.0017211703958691,0.6236046225719203,0.6253257929677895,1,TATAMOTORS,2
2024-07-15,1021.35,1029.8,1017.3,1024.45,5847333,0.0075731497418245,0.0217933373229604,0.0105800603224102,10366353.0,988.2975,974.181,1,0.2479999801600034,62.31654267823205,21.177939873904915,-0.0058079945336522,0.6264336961296305,0.6206257015959783,0,TATAMOTORS,2
2024-07-16,1025.5,1029.6,1019.2,1021.15,4824555,-0.0032212406657231,0.0061086753042021,0.0099220001908786,9620395.3,990.06,974.28,1,-0.418269190551047,60.9124638449947,20.40808702576884,-0.0025951133525926,0.625226460363316,0.6226313470107232,0,TATAMOTORS,2
2024-07-18,1022.95,1027.0,1008.0,1024.55,8010324,0.0033295793957792,0.0189457981103928,0.0079752842540339,9686801.9,992.42,975.0,1,0.0842105218836519,61.86581365987018,20.307509381071068,-0.0059050314772338,0.626470157630179,0.6205651261529451,0,TATAMOTORS,2
2024-07-19,1024.0,1024.0,986.65,990.0,7400178,-0.0337221219071787,-0.0301724137931034,0.016214500691965,9212836.5,993.0075,974.558,0,-0.9103078738873388,48.83198074470425,21.564115853851707,0.0031818181818181,0.6134343434343434,0.6166161616161616,0,TATAMOTORS,2
2024-07-22,990.0,1008.0,976.55,1003.15,7396198,0.0132828282828283,-0.0133759527907548,0.0184382605066439,9047418.8,995.075,974.015,1,0.4181239930644186,52.89932503092353,22.270250435719447,-0.0097193839405871,0.6185017195833126,0.6087823356427254,0,TATAMOTORS,2
2024-07-23,1007.9,1008.65,967.2,1001.8,10384177,-0.001345760853312,-0.0221094245692811,0.0176274827658889,8754628.0,997.2625,973.118,1,-0.1471652557981852,52.43847977434974,23.640232547453767,-0.0083849071670992,0.6179876222798961,0.6096027151127971,1,TATAMOTORS,2
2024-07-24,997.8,1034.25,995.15,1027.7,11469098,0.0258534637652227,0.0064143367771629,0.0222708764179183,8806728.4,1000.8974999999998,974.477,1,0.7647058627952484,59.69338859095908,24.74450165120707,-0.0089520288021796,0.6276150627615062,0.6186630339593265,1,TATAMOTORS,2
2024-07-25,1029.0,1094.0,1024.35,1090.95,32766835,0.0615451980149848,0.0648089405104681,0.0350378723672717,10742191.3,1007.8525,977.003,1,0.889447223410664,71.23347540493434,27.95203724754943,0.0067830789678719,0.6492048214858609,0.6559879004537328,0,TATAMOTORS,2
2024-07-26,1111.95,1120.5,1083.6,1118.3,21232845,0.0250698932123378,0.1295959595959595,0.0232787744225437,11667118.7,1015.1625,980.423,1,0.1720867162036091,74.61760420297242,28.59117744415305,0.0029956183492802,0.6577841366359652,0.6607797549852455,0,TATAMOTORS,2
2024-07-29,1124.0,1139.9,1118.6,1124.0,11850624,0.0050970222659394,0.1204705178687135,0.0245514464759451,12118216.7,1021.875,984.175,1,0.0,75.27054856847934,28.09180762671356,-0.0020907473309607,0.6595195729537366,0.6574288256227758,0,TATAMOTORS,2
2024-07-30,1125.8,1179.0,1118.6,1161.85,28592304,0.0336743772241991,0.1597624276302653,0.0204325174909609,14392713.8,1029.865,988.498,1,0.5968542947540664,79.11290254130274,30.39953565337688,0.0,0.6706115247235013,0.6706115247235013,0,TATAMOTORS,2
2024-07-31,1164.0,1167.9,1145.3,1156.65,10860623,-0.0044756207772086,0.1254743602218546,0.0258476195673727,14996320.6,1038.6325000000002,992.552,1,-0.3252212245477274,77.33510736032218,29.84242596384997,0.0044957420135735,0.6691306791164138,0.6736264211299873,0,TATAMOTORS,2
2024-08-01,1167.0,1176.0,1136.5,1144.4,14375948,-0.0105909307050533,0.048993996058481,0.0190055701138904,15632883.0,1047.0700000000002,996.414,1,-0.5721518842493171,73.16401901428306,30.53225268071783,0.0152481649772805,0.6655889549108703,0.6808371198881509,0,TATAMOTORS,2
2024-08-02,1120.0,1120.0,1090.05,1096.65,21967812,-0.0417249213561691,-0.0193597424662432,0.027240442201994,17089646.4,1051.9925,999.397,1,-0.7796326951708573,59.65708710600096,32.23352034638085,0.0015501755345824,0.6510281311266128,0.6525783066611953,0,TATAMOTORS,2
2024-08-05,1059.95,1065.0,1014.05,1016.45,26651144,-0.0731318105138376,-0.0956850533807829,0.0403194216879987,19015141.0,1053.1325000000002,1000.479,0,-0.8537781971780524,44.7230752657174,35.83112603592509,0.0020168232574154,0.6234935314083329,0.6255103546657483,0,TATAMOTORS,2
2024-08-06,1030.0,1060.65,1008.4,1013.75,16726393,-0.0026563038024497,-0.1274691225201186,0.0304672624698165,19649362.6,1053.69,1001.543,0,-0.31100477873675,44.32082497920036,37.00390274764474,0.0046855733662145,0.6224907521578298,0.6271763255240443,1,TATAMOTORS,2
2024-08-07,1036.05,1040.2,1015.05,1025.3,9978703,0.0113933415536373,-0.1135607141313276,0.0339631740886456,19500323.1,1054.2075,1002.879,0,-0.4274353706785125,46.53610289884968,36.2500525513844,-0.0066322052082316,0.6267433921778991,0.6201111869696674,1,TATAMOTORS,2
2024-08-08,1034.95,1056.4,1027.0,1041.75,19529790,0.0160440846581488,-0.0896976581614821,0.0382778804318979,18176618.6,1056.02,1004.763,0,0.2312925091397083,49.61106126474513,35.88219165485695,-0.0023518118550516,0.6326373890088792,0.6302855771538276,1,TATAMOTORS,2
2024-08-09,1055.0,1082.95,1052.05,1068.1,15443008,0.0252939764818813,-0.0260338303013725,0.0396106090564595,17597634.9,1058.385,1007.253,1,0.423948206344714,54.159166775619575,36.26203510808146,-0.0200823892893922,0.6417002153356427,0.6216178260462505,0,TATAMOTORS,2
2024-08-12,1065.0,1079.9,1055.0,1076.15,11311050,0.0075367474955529,0.0587338285208323,0.0103324691437444,17543677.5,1061.355,1010.297,1,0.4477911466750564,55.48118919085013,35.45046117178994,0.0206290944570922,0.6443804302374204,0.6650095246945127,0,TATAMOTORS,2
2024-08-13,1074.85,1075.5,1048.2,1053.45,7508231,-0.0210937137016216,0.0391615289765721,0.017477314984396,15435270.2,1062.805,1012.906,0,-0.7838827551691261,51.01347025375294,34.914713945233515,-0.0064549812520764,0.6367174521809293,0.6302624709288528,0,TATAMOTORS,2
2024-08-14,1057.0,1067.05,1047.0,1062.35,8211830,0.0084484313446293,0.0361357651419096,0.017376748089273,15170390.9,1064.865,1015.144,0,0.2668329043973574,52.62428175835765,33.85294866343112,-0.0147785569727489,0.6397609074222242,0.6249823504494754,1,TATAMOTORS,2
2024-08-16,1072.0,1099.95,1070.0,1098.35,11435650,0.0338871370075775,0.0543316534677225,0.0210741421039045,14876361.1,1068.5549999999998,1019.033,1,0.8797996367345653,58.56013981278132,34.120595187471764,0.0,0.6515682614831337,0.6515682614831337,0,TATAMOTORS,2
2024-08-19,1105.9,1107.0,1085.0,1087.7,6911441,-0.0096963627259069,0.0183503417283026,0.0208725564147465,13370724.0,1073.44,1022.188,1,-0.8272726896694252,56.31231295497726,33.25483838836664,0.0097913027489196,0.6481566608439827,0.6579479635929023,0,TATAMOTORS,2
2024-08-20,1097.0,1098.05,1082.05,1086.9,5625723,-0.0007354969201066,0.0099893137573758,0.0208317546783348,11268181.9,1077.6275,1025.1609999999998,1,-0.6312499605468718,56.13799476437554,32.02234993205473,0.0105345477964852,0.6478976906799153,0.6584322384764006,0,TATAMOTORS,2
2024-08-21,1089.0,1095.3,1083.3,1085.2,4869876,-0.0015640813322292,0.0301390668755043,0.0168272264883635,10082530.2,1081.7975,1027.455,1,-0.3166666402777762,55.74310658856313,30.592182079765102,0.0121175820125321,0.6473461113158865,0.6594636933284186,0,TATAMOTORS,2
2024-08-22,1090.0,1094.75,1064.95,1068.45,9377476,-0.0154349428676741,0.0057419871040618,0.019204463225816,10022407.5,1083.8349999999998,1029.321,0,-0.7231543381491828,51.87145525229085,30.535597645496164,-0.0204033880855444,0.6418175862230333,0.6214141981374889,1,TATAMOTORS,2
2024-08-23,1073.0,1092.6,1071.0,1085.15,10179655,0.0156301183958069,-0.0120180270405606,0.0117440751615365,9087394.0,1083.545,1031.282,1,0.5624999739583411,55.211540416126255,30.079483527960715,0.012164216928535,0.647329862231028,0.659494079159563,0,TATAMOTORS,2
2024-08-26,1089.0,1103.35,1082.85,1092.4,9415039,0.0066811039948393,0.0043210444056265,0.0114670536779762,8484597.1,1082.25,1033.356,1,0.1658536504461678,56.61907739385066,29.39523470453495,0.0054467228121565,0.6496704503844746,0.6551171731966311,0,TATAMOTORS,2
2024-08-27,1093.05,1096.65,1075.0,1077.25,8813305,-0.0138685463200294,-0.0088784616800073,0.0132977058337885,8234822.6,1079.9125,1035.1840000000002,0,-0.7297921140973568,52.879356761035176,28.84200365421103,0.0195869111162681,0.6447435599907171,0.6643304711069853,0,TATAMOTORS,2
2024-08-28,1082.95,1088.7,1070.1,1074.55,8145376,-0.0025063819911812,-0.0098138591964616,0.0133017750219776,8298537.1,1075.5475,1036.807,0,-0.4516128789455457,52.21740329880146,28.11043196462453,0.0221488064771299,0.6438509143362338,0.6659997208133637,0,TATAMOTORS,2
2024-08-29,1079.05,1142.0,1066.0,1121.65,40658159,0.043832301893816,0.0497917544105948,0.0218714673699217,11543170.0,1073.7975,1039.522,1,0.5605263084141293,61.31498374219564,31.531115395722782,0.0,0.6588062229750813,0.6588062229750813,0,TATAMOTORS,2
2024-08-30,1113.95,1115.0,1097.45,1111.35,17647545,-0.0091829001916821,0.0241441275399711,0.0230450420644878,12164359.5,1072.145,1042.202,1,-0.1481481397066668,58.68365961804408,31.007464296028303,0.0092680073784138,0.6556440365321455,0.6649120439105594,0,TATAMOTORS,2
2024-09-02,1105.0,1105.0,1087.35,1092.65,8116675,-0.0168263823277993,0.0002288538996704,0.0249345273749744,12284882.9,1071.945,1044.49,1,-0.6997166742370068,54.14087578246576,30.50693113202628,0.0052166750560562,0.6497506063240744,0.6549672813801307,0,TATAMOTORS,2
2024-09-03,1097.6,1100.0,1082.2,1085.1,5088731,-0.0069098064338993,0.0072870735669527,0.0241278671964603,12231183.7,1075.3775,1046.956,1,-0.7022471515591505,52.37791317003171,29.5992931940244,0.012210856142291,0.6473136116486959,0.659524467790987,0,TATAMOTORS,2
2024-09-04,1079.0,1085.0,1072.1,1080.45,4665908,-0.0042853193254076,0.0054906705132382,0.0242180050757827,12210786.9,1078.7125,1049.404,1,0.1124030920617785,51.270583915203765,28.413629394451227,0.0165671710861213,0.6457957332592901,0.6623629043454115,0,TATAMOTORS,2
2024-09-05,1081.0,1085.85,1066.95,1069.15,7900593,-0.0104586052107917,-0.0468060446663397,0.0047061671458832,12063098.6,1080.905,1051.687,0,-0.6269840938103651,48.58264196778946,27.734084437704706,-0.021044755179348,0.6420520974605995,0.6210073422812514,0,TATAMOTORS,2
2024-09-06,1068.8,1072.95,1040.5,1049.35,8717377,-0.0185193845578264,-0.0557880055788005,0.0061603166540134,11916870.8,1081.285,1053.6370000000002,0,-0.5993836487092873,44.20908692485931,28.070935549297225,-0.0025730213941962,0.6352980416448277,0.6327250202506315,0,TATAMOTORS,2
2024-09-09,1049.35,1049.95,1026.25,1038.7,7206054,-0.0101491399437746,-0.0493753718024985,0.0053618694612292,11695972.3,1079.815,1054.969,0,-0.4493670696469524,42.018007966592165,27.758725867204568,0.0005776451333396,0.6315586791181284,0.632136324251468,0,TATAMOTORS,2
2024-09-10,1049.0,1049.0,1032.2,1035.8,6919238,-0.0027919514778088,-0.0454336005898073,0.0062158003975346,11506565.6,1077.7975,1055.89,0,-0.7857142389455858,41.41607450069686,26.97595973383281,0.0033790307009075,0.6305271287893415,0.633906159490249,0,TATAMOTORS,2
2024-09-11,1000.0,1011.55,971.25,976.3,36140411,-0.0574435219154276,-0.0963950205932714,0.0217274186966116,14306069.1,1073.94,1055.375,0,-0.5880893154320287,31.45848035267595,29.65981975284475,0.0172590392297449,0.608009833043122,0.625268872272867,0,TATAMOTORS,2
2024-09-12,976.3,988.0,958.0,986.15,25675836,0.010089111953293,-0.0776317635504841,0.0255585542427187,12807836.8,1070.13,1055.472,0,0.32833332238889,34.27566701459591,29.68411834192727,0.0070983116158799,0.6119251635146784,0.6190234751305583,0,TATAMOTORS,2
2024-09-13,994.9,1006.0,988.0,992.1,13203676,0.0060335648734979,-0.0545575832658311,0.0272023931806649,12363449.9,1064.8175,1055.801,0,-0.1555555469135782,35.98723402263725,28.98168131750389,0.0010583610523132,0.6142525955044855,0.6153109565567988,0,TATAMOTORS,2
2024-09-16,997.0,999.9,984.5,988.4,5836274,-0.0037294627557706,-0.0484259170116492,0.0273947067205842,12135409.8,1059.8525,1055.605,0,-0.5584415221791242,35.370387698459126,28.011561223396477,0.0048057466612707,0.6128085795224606,0.6176143261837314,0,TATAMOTORS,2
2024-09-17,995.0,995.0,960.0,974.95,44516613,-0.0136078510724402,-0.0587468623286348,0.0271517903502263,16078198.0,1054.255,1055.231,0,-0.5728571264897951,33.14621886735462,28.510735421725297,0.0186676239807168,0.6074670495922867,0.6261346735730038,0,TATAMOTORS,2
2024-09-18,978.2,983.7,957.15,962.05,12044431,-0.0132314477665522,-0.0145959233842056,0.0108467728532442,16816050.3,1048.0975,1054.42,0,-0.6082862294430817,31.12466759192624,28.370682891602065,0.0323268021412608,0.6022036276700794,0.6345304298113404,0,TATAMOTORS,2
2024-09-19,970.4,978.95,956.35,967.0,13466770,0.0051452627202328,-0.0194189524920144,0.0095110125471141,17372668.0,1043.025,1053.461,0,-0.1504424712193585,32.81785414666962,27.958491256487637,0.027042399172699,0.6042399172699069,0.631282316442606,0,TATAMOTORS,2
2024-09-20,967.0,977.5,949.2,970.85,16764981,0.0039813857290589,-0.0214192117730067,0.0090073030204736,18177428.4,1037.31,1052.768,0,0.1360423980197042,34.17330375440922,27.982884738167083,0.0229695627542874,0.6058093423288872,0.6287789050831746,0,TATAMOTORS,2
2024-09-23,973.5,979.2,966.05,971.8,10254297,0.0009785239738373,-0.0167948199109672,0.0093209615032389,18482252.7,1031.28,1051.788,0,-0.1292775567089336,34.52434401005239,26.92339297115516,0.0219695410578308,0.6061946902654867,0.6281642313233177,0,TATAMOTORS,2
2024-09-24,974.0,985.0,972.6,977.3,12755422,0.0056596007408931,0.0024103800194881,0.0078914734521282,19065871.1,1026.2824999999998,1050.999,0,0.2661290107960443,36.63129044185756,25.943150616072646,0.0162181520515706,0.6084109280671236,0.6246290801186944,0,TATAMOTORS,2
2024-09-25,982.4,982.5,959.25,963.6,12959075,-0.0140182134452061,0.0016111428719922,0.0082342875302383,16747737.5,1020.735,1049.7820000000002,0,-0.8086021157590468,33.72050455174639,25.7507827149246,0.0306662515566624,0.6028435035284351,0.6335097550850975,1,TATAMOTORS,2
2024-09-26,970.8,994.95,965.6,993.15,21640021,0.0306662515566624,0.0270423991726991,0.0161017504788033,16344156.0,1014.31,1049.222,0,0.7614991222657882,44.048004958346446,26.150726806715703,0.0,0.6146604239037406,0.6146604239037406,0,TATAMOTORS,2
2024-09-27,996.0,1000.4,989.15,993.0,10360030,-0.0001510345869203,0.0228150589689446,0.016301026518003,16059791.4,1008.3925,1048.591,0,-0.2666666429629651,44.01051707193832,25.086389177664586,0.0001510574018126,0.6146022155085599,0.6147532729103726,0,TATAMOTORS,2
2024-09-30,993.0,996.95,971.8,974.65,12225895,-0.0184793554884189,0.0029327022020992,0.0194149770298498,16698753.5,1002.4925,1048.284,0,-0.7296222373907642,39.57343047687226,25.090932807831404,0.0189811727286718,0.6073462268506644,0.6263273995793363,0,TATAMOTORS,2
2024-10-01,976.9,984.5,958.9,965.2,10085203,-0.0096957882316728,-0.0123810498311673,0.0196543328632245,13255612.5,996.4975,1047.525,0,-0.4570312321472144,37.47788572714405,25.12729475012916,0.0289577289680894,0.6035018648984666,0.6324595938665561,0,TATAMOTORS,2
2024-10-03,939.0,950.15,925.0,925.7,24418517,-0.04092416079569,-0.0393316728933167,0.026234410890866,14493021.1,988.76,1046.003,0,-0.5288270167464393,30.26399623829909,26.203916553691364,0.0728637787620178,0.586583126282813,0.6594469050448309,0,TATAMOTORS,2
2024-10-04,930.0,949.2,920.0,930.75,19187758,0.0054553311007885,-0.0628303881588884,0.0182078600143257,15065119.9,981.84,1044.064,0,0.0256849306272283,32.06440352123752,26.417922514141985,0.0670427074939564,0.5888262154176739,0.6558689229116305,0,TATAMOTORS,2
2024-10-07,942.0,944.45,915.0,927.85,11772546,-0.003115766854687,-0.0656092648539777,0.0177368111696357,14565876.4,975.765,1040.802,0,-0.480475365688441,31.560498298841598,26.63449947741756,0.0703777550250578,0.5875410896157784,0.6579188446408364,0,TATAMOTORS,2
2024-10-08,916.0,924.8,893.85,919.8,21177886,-0.008675971331573,-0.0562766121171702,0.0175693701152945,15658235.3,969.82,1036.832,0,0.1227786713157121,30.144333030674133,27.16060665760202,0.0797455968688845,0.5839312894107413,0.6636768862796261,0,TATAMOTORS,2
2024-10-09,926.8,948.45,925.5,939.15,11557737,0.0210371819960861,-0.0269892250310817,0.0228831700643219,15538466.8,964.9875,1033.135,0,0.5381263382080026,37.41403808889726,27.266991896344734,0.0574988021082894,0.5925038598732897,0.6500026619815792,0,TATAMOTORS,2
2024-10-10,933.75,943.6,912.35,928.5,13249851,-0.0113400415269125,0.0030247380360808,0.0130732721750483,15567544.4,962.5975,1028.468,0,-0.1679999946240001,35.24029598738956,27.55149247517726,0.0696284329563812,0.5878298330640818,0.6574582660204632,0,TATAMOTORS,2
2024-10-11,932.0,937.0,928.5,930.7,4459529,0.0023694130317717,-5.3720118184164e-05,0.0128621446814994,13849495.2,959.825,1023.949,0,-0.1529411584775054,36.066635931117226,26.19067158409317,0.0671000322338024,0.5888041259267218,0.6559041581605244,0,TATAMOTORS,2
2024-10-14,930.0,940.0,925.35,928.25,5740649,-0.0026324272053294,0.000431104165544,0.0128341427258643,13387557.1,956.6325,1019.626,0,-0.1194539167608249,35.52302039108605,25.366337899515084,0.0699165095610018,0.587718825747374,0.657635335308376,0,TATAMOTORS,2
2024-10-15,932.95,935.35,913.0,917.3,9058919,-0.0117963910584433,-0.0027179821700369,0.0134326295109784,13070859.5,953.0775,1016.039,0,-0.7002236823166171,33.12024855505406,25.150885192406864,0.0826883244303935,0.5827973400196227,0.6654856644500164,0,TATAMOTORS,2
2024-10-16,917.05,923.0,900.0,907.45,10298258,-0.010738035539082,-0.033753926422829,0.0063743047199618,13092165.0,949.7025,1013.859,0,-0.4173912862003749,31.08349146199785,24.997250535806376,0.094440465039396,0.5782687751391261,0.6727092401785223,0,TATAMOTORS,2
2024-10-17,914.95,914.95,890.05,891.6,13864583,-0.0174665270813819,-0.0397415185783521,0.0078715657144653,12036771.6,946.18,1011.416,0,-0.9377509663553804,28.090018157875747,24.99030406896307,0.1138963660834454,0.5707716464782414,0.6846680125616869,0,TATAMOTORS,2
2024-10-18,894.3,917.7,886.8,910.15,11527914,0.0208052938537459,-0.0220801547222521,0.0150336012500074,11270787.2,943.3375,1009.113,0,0.5129449672186087,35.87363657636358,25.412425206894284,0.0911937592704499,0.5795198593638412,0.6707136186342911,0,TATAMOTORS,2
2024-10-21,912.05,917.65,898.1,903.3,7390557,-0.0075262319397901,-0.0268785348774576,0.0150518465410364,10832588.3,939.96,1006.344,0,-0.4475703095871974,34.393178829944205,24.993680549258976,0.0994686150780471,0.5763312299346839,0.6757998450127312,0,TATAMOTORS,2
2024-10-22,905.0,906.1,875.25,879.5,13617490,-0.0263478357134948,-0.0412078927286601,0.0177721705343849,10076548.7,935.345,1002.572,0,-0.8265802001108519,29.792713686323975,25.411989081454767,0.1292211483797612,0.5648664013644116,0.6940875497441729,0,TATAMOTORS,2
2024-10-23,879.0,885.6,863.3,877.65,10553771,-0.002103467879477,-0.0328392748911786,0.0178896559951781,9976152.1,930.3625,998.602,0,-0.0605381138772154,29.46281309641681,25.189704147065147,0.1316014356520253,0.5639491824759301,0.6955506181279554,0,TATAMOTORS,2
2024-10-24,875.25,890.0,875.25,880.0,7233484,0.0026776049678118,-0.0130103185284881,0.0170593363185105,9374515.4,926.1825,995.133,0,0.3220338764722796,30.515362865376247,24.44401099370335,0.1285795454545454,0.5651136363636364,0.6936931818181818,0,TATAMOTORS,2
2024-10-25,883.9,885.75,857.3,864.3,10873022,-0.0178409090909091,-0.0503763115969895,0.011807494447694,10015864.7,919.74,991.172,0,-0.6889279195455913,27.55686791233869,24.730153065581685,0.1490801804928844,0.5572139303482587,0.7062941108411432,1,TATAMOTORS,2
2024-10-28,867.85,886.75,860.2,878.45,7106045,0.0163716302209881,-0.0275102402302667,0.0169092795602911,10152404.3,914.0125,986.774,0,0.3992466892939115,33.78752155082192,24.860142132325848,0.1305708919118901,0.5643462917639024,0.6949171836757926,0,TATAMOTORS,2
2024-10-29,880.25,882.5,825.7,842.75,26818871,-0.0406397632193067,-0.0417851051733939,0.0218201921772081,11928399.5,907.4175,981.875,0,-0.6602112559821968,27.38745455423694,27.141560551445423,0.1784633639869474,0.5458914268762979,0.7243547908632454,0,TATAMOTORS,2
2024-10-30,846.0,853.6,838.05,840.2,12933218,-0.0030258083654701,-0.042670768529596,0.0217584478626442,12191895.5,901.1675,976.941,0,-0.3729903297112282,26.99412722548521,26.3135919406279,0.1820399904784574,0.5445132111402048,0.7265532016186622,0,TATAMOTORS,2
2024-10-31,843.85,843.85,831.85,834.05,11904413,-0.0073196857890979,-0.0522159090909091,0.020918629912171,11995878.5,896.585,971.918,0,-0.8166665986111226,26.02342392140584,25.29119251629734,0.1907559498831005,0.5411546070379474,0.731910556921048,1,TATAMOTORS,2
2024-11-01,847.95,847.95,840.0,843.45,2900548,0.0112703075355196,-0.0241235682054841,0.0223628691401799,11133141.9,892.22,967.418,0,-0.5660376646493471,30.15746360709356,24.477535907990397,0.1774853281166636,0.54626830280396,0.7237536309206236,0,TATAMOTORS,2
2024-11-04,840.0,844.45,814.5,824.1,15514419,-0.022941490307665,-0.0618703398030622,0.0198902588090533,11945528.1,887.0324999999999,962.197,0,-0.5308847902876515,26.83323251069494,24.8684262002768,0.2051328722242445,0.5356146098774421,0.7407474821016867,0,TATAMOTORS,2
2024-11-05,821.5,843.6,820.4,835.65,10215249,0.0140152894066254,-0.0084247997626817,0.0149974082969333,11605304.0,882.825,957.062,0,0.6099137668140596,31.674560723103568,24.74925290025703,0.1884760366182014,0.5420331478489798,0.7305091844671813,0,TATAMOTORS,2
2024-11-06,843.9,843.9,826.0,839.7,10579596,0.0048465266558967,-0.0005950964056177,0.0152218875012373,11607886.5,877.8525,952.311,0,-0.2346368584001719,33.34016794544242,24.260020550238668,0.182743837084673,0.5442419911873289,0.7269858282720019,0,TATAMOTORS,2
2024-11-07,841.0,842.75,817.3,819.75,13237161,-0.0237584851732762,-0.0171452550806305,0.0185931159423704,12208254.2,872.415,947.215,0,-0.8349704976435939,29.52236220046609,24.34501908236448,0.2115279048490393,0.5331503507166819,0.7446782555657213,0,TATAMOTORS,2
2024-11-08,821.95,822.0,801.1,805.45,16072692,-0.0174443427874351,-0.0450530559013575,0.0173558264505336,12728221.2,866.1525000000001,940.891,0,-0.7894736464366685,27.12469588250548,24.09894629076701,0.2330374324911539,0.5248618784530387,0.7578993109441927,0,TATAMOTORS,2
2024-11-11,801.0,831.45,792.0,804.7,27587619,-0.0009311564963684,-0.0235408324232495,0.0156623446429319,14776378.6,859.975,934.758,0,0.0937896047201631,27.000837676431917,25.1954501271408,0.234186653411209,0.5244190381508638,0.7586056915620728,0,TATAMOTORS,2
2024-11-12,806.0,813.1,783.05,784.85,16526921,-0.0246675779793712,-0.0607910010171721,0.0135455776705516,13747183.6,853.3525,928.602,0,-0.7038269316530116,23.89137730757747,25.542203689487888,0.2654010320443396,0.512390902720265,0.7777919347646047,0,TATAMOTORS,2
2024-11-13,787.0,792.65,775.55,786.25,14674022,0.0017837803401923,-0.063653685840181,0.0126079998747041,13921264.0,847.2924999999999,922.625,0,-0.0438596465579153,24.55132816131004,24.93918914023876,0.263147853736089,0.5132591414944356,0.7764069952305247,0,TATAMOTORS,2
2024-11-14,786.6,792.0,772.0,774.3,11740909,-0.0151987281399046,-0.0554437328453797,0.0112953866871291,13904913.6,841.4275,916.502,0,-0.6149999692500049,22.738857732095525,24.58638991593599,0.2826423866718326,0.5057471264367815,0.7883895131086144,0,TATAMOTORS,2
2024-11-18,778.0,781.75,759.2,771.9,17053446,-0.0030995738086012,-0.0416537339375505,0.0111629045879268,15320203.4,834.515,910.557,0,-0.2705099658310452,22.381491929624275,24.44093349336913,0.2866303925378935,0.5042103899468843,0.7908407824847778,1,TATAMOTORS,2
2024-11-19,771.9,799.9,771.9,783.2,14012014,0.014639201969167,-0.0267180315645582,0.0152125040840812,15169962.9,828.51,905.234,0,0.4035714141581662,28.11028326809325,24.69515252955705,0.2680669050051071,0.5113636363636364,0.7794305413687437,0,TATAMOTORS,2
2024-11-21,784.95,785.95,766.25,773.85,14194678,-0.0119382022471909,-0.0140154169586544,0.0118580647343463,15567905.8,823.2275,899.937,0,-0.5634517480481345,26.3756085357319,24.338355920302977,0.2833882535375072,0.5054597144149383,0.7888479679524456,1,TATAMOTORS,2
2024-11-22,775.0,794.0,775.0,791.0,14535112,0.0221619176843057,0.0060413354531001,0.0164314284397222,15963457.4,818.8950000000001,895.0409999999999,0,0.8421052188365674,34.375039296586536,24.03918764028133,0.2555625790139064,0.5161820480404551,0.7717446270543616,0,TATAMOTORS,2
2024-11-25,808.05,810.2,793.65,796.6,15194167,0.0070796460176991,0.028800206638254,0.0136136203687259,16159158.0,814.725,891.4470000000001,0,-0.6918428584989139,36.79011608705388,23.69353138026124,0.2467361285463218,0.5195832287220689,0.7663193572683907,0,TATAMOTORS,2
2024-11-26,797.15,801.8,780.15,783.0,10310838,-0.0170725583730856,0.0143801010493587,0.0169214932093067,15582972.6,810.6600000000001,887.3839999999999,0,-0.6535796464859281,33.5599913558284,23.54756485309972,0.2683908045977011,0.5112388250319285,0.7796296296296297,0,TATAMOTORS,2
2024-11-27,785.05,791.9,779.1,783.95,10014685,0.001213282247765,0.0009576098059245,0.0156230589418661,13825679.2,805.9350000000001,883.221,0,-0.0859374932861265,33.995932854076386,22.77988164930688,0.2668537534281522,0.5118311116780407,0.7786848651061931,0,TATAMOTORS,2
2024-11-28,783.0,792.55,778.0,779.45,10939142,-0.0057401620001276,0.0072365445499773,0.0146243404083668,13266901.3,802.7700000000001,879.0419999999999,0,-0.2439862375267167,32.89489897878687,22.19203296007067,0.2741676823401115,0.5090127654115082,0.7831804477516198,0,TATAMOTORS,2
2024-11-29,779.5,789.4,777.05,786.45,10358590,0.0089806915132464,-0.0057522123893805,0.0106128653496085,12835358.1,800.0825,875.2720000000002,0,0.5627529908702058,36.34835220955775,21.48903060577991,0.2628266259774937,0.5133829232627631,0.7762095492402569,1,TATAMOTORS,2
2024-12-02,787.3,796.75,785.0,790.05,8425826,0.0045775319473582,-0.0082224453929199,0.0101804734066107,12503849.8,797.8825,871.832,0,0.2340425332729759,38.11232292309193,20.793385562509915,0.2570723371938485,0.5156002784633884,0.772672615657237,1,TATAMOTORS,2
2024-12-03,795.0,806.0,790.0,801.25,9874135,0.0141763179545599,0.0233077905491698,0.0075709479453269,11785918.7,795.7725,868.5169999999999,1,0.390624975585939,43.37038305780757,20.451000879473494,0.2395007800312012,0.5223712948517941,0.7618720748829954,0,TATAMOTORS,2
2024-12-04,805.0,806.0,784.05,788.1,12392259,-0.0164118564742589,0.0052937049556731,0.0122335623366263,11623943.2,793.9725000000001,864.8620000000001,0,-0.7699316277935451,39.16319526030392,20.55807224522539,0.2601827179291967,0.5144017256693313,0.7745844435985282,0,TATAMOTORS,2
2024-12-05,793.0,797.5,781.0,792.55,12169428,0.0056464915619844,0.0168067226890755,0.0116856313392554,11421418.2,791.8175,861.2769999999999,1,-0.0272727256198375,41.240479032177205,20.268209941995003,0.2531070594915148,0.5171282568923096,0.7702353163838245,0,TATAMOTORS,2
2024-12-06,793.0,818.85,785.3,816.8,19716910,0.0305974386474039,0.0385911373895351,0.0170409964538898,11939598.0,790.6724999999999,858.0670000000001,1,0.7093889505398199,51.04944951674785,21.216909231852508,0.2159035259549461,0.5314642507345739,0.7473677766895201,0,TATAMOTORS,2
2024-12-09,816.8,820.35,797.0,798.75,15573233,-0.0220984329089127,0.0110119612682741,0.0217851695874706,11977504.6,789.6225,854.77,1,-0.7730192388428564,45.02461239352619,21.36927285814876,0.2433802816901408,0.5208763693270736,0.7642566510172144,1,TATAMOTORS,2
2024-12-10,804.8,810.45,797.45,799.9,13113082,0.0014397496087636,-0.0016848673946958,0.0207828782352442,12257729.0,789.345,850.905,1,-0.3769230479289945,45.466208522739336,20.771467653995277,0.2415926990873859,0.5215651956494561,0.7631578947368421,0,TATAMOTORS,2
2024-12-11,802.9,806.95,798.2,799.1,7763357,-0.0010001250156268,0.0139576195914223,0.0188212302242935,12032596.2,789.0649999999999,847.0270000000002,1,-0.4342856646530617,45.19424109982285,19.91279139299561,0.2428356901514202,0.5210862219997497,0.7639219121511701,0,TATAMOTORS,2
2024-12-12,799.2,802.0,785.5,786.35,10602758,-0.0159554498811163,-0.0078228502933568,0.0204471657411546,11998957.8,789.14,843.2610000000001,0,-0.7787878315886176,40.986281634026646,19.66902057921021,0.2629872194315508,0.513321040249253,0.7763082596808037,0,TATAMOTORS,2
2024-12-13,789.0,792.5,775.0,790.3,14101869,0.0050232084949448,-0.0324436826640548,0.0118193439577888,12373285.7,789.3425,839.7629999999999,1,0.0742857100408139,42.76426346919634,19.51409053783805,0.2566746805010755,0.5157535113248134,0.772428191825889,0,TATAMOTORS,2
2024-12-16,791.4,793.95,783.0,784.8,10015361,-0.0069593825129697,-0.0174647887323944,0.008221932292378,12532239.2,789.8675000000001,836.945,0,-0.6027396709826781,40.91578048512342,18.90236978513534,0.2654816513761468,0.5123598369011213,0.7778414882772682,0,TATAMOTORS,2
2024-12-17,785.5,796.35,778.0,779.75,10270253,-0.0064347604485218,-0.0251906488311038,0.0077839897582363,12571851.0,790.26,833.925,0,-0.3133514815612268,39.23866838195002,18.86291480048282,0.2736774607245912,0.509201667201026,0.7828791279256172,0,TATAMOTORS,2
2024-12-18,774.0,774.25,754.0,755.7,19085263,-0.0308432189804424,-0.0543110999874858,0.0133436809228527,13241151.4,788.885,830.4820000000001,0,-0.9037036590763602,32.422683791351744,19.35484945759119,0.3142119888844779,0.4935821093026333,0.8077940981871113,0,TATAMOTORS,2
2024-12-19,744.45,755.8,741.4,744.05,17119599,-0.0154161704380045,-0.0537928403382718,0.0132960499873895,13736168.5,787.395,826.967,0,-0.0277777758487719,29.728752284418505,19.000931639191812,0.3347893286741483,0.4856528459108931,0.8204421745850414,0,TATAMOTORS,2
2024-12-20,744.3,749.55,721.5,724.05,17962656,-0.0268799139842752,-0.0838289257244084,0.0112218973764377,13560743.1,784.0474999999999,822.665,0,-0.7219251079527602,25.7701387958452,19.647293664963826,0.3716594157862026,0.4714453421725019,0.8431047579587047,0,TATAMOTORS,2
2024-12-23,733.7,734.4,717.7,722.2,9653868,-0.0025550721635244,-0.0797655453618755,0.0123530136316545,12968806.6,780.3275,818.539,0,-0.6886227132561277,25.432784116255437,19.43677268889498,0.3751730822486844,0.4700913874273055,0.84526446967599,1,TATAMOTORS,2
2024-12-24,723.5,745.3,722.5,736.1,12553555,0.0192467460537246,-0.0559794806027572,0.0203174241462344,12912853.9,777.9825,814.6469999999999,0,0.5526315547091444,32.57478762872461,19.69843178254533,0.3492052710229588,0.4800978127971743,0.8293030838201332,1,TATAMOTORS,2
2024-12-26,736.1,747.8,735.55,740.8,9343210,0.0063850020377664,-0.0197168188434565,0.018055780463892,13070839.2,775.825,810.898,0,0.3836734380674689,34.8471282656968,19.16640094093495,0.3406452483801296,0.4833963282937364,0.8240415766738662,1,TATAMOTORS,2
2024-12-27,749.0,766.85,745.7,750.5,15835079,0.0130939524838014,0.0086687722599287,0.0179892451966106,13594071.3,774.3774999999999,807.562,0,0.0709219824623176,39.38730993372939,19.65808658801103,0.3233177881412391,0.4900732844770153,0.8133910726182546,0,TATAMOTORS,2
2024-12-30,753.9,754.9,730.7,733.65,17441198,-0.0224516988674217,0.0132587528485601,0.0162451719485556,13928004.2,771.7375,804.086,0,-0.8367768249265798,34.844849849543635,19.982508974581663,0.3537108975669597,0.4783616165746609,0.8320725141416208,1,TATAMOTORS,2
2024-12-31,733.65,743.4,732.75,740.15,7092699,0.0088598105363593,0.0248546109111049,0.0161159113728857,13635738.0,769.2425,801.057,0,0.6103285811898059,37.82375990246142,19.315901190682972,0.3418226035263122,0.4829426467607917,0.824765250287104,1,TATAMOTORS,2
2025-01-01,740.45,751.1,736.0,749.25,7792251,0.0122948051070728,0.0178644205950277,0.0148310570365742,13387937.8,766.6424999999999,797.8389999999999,0,0.5827814183588426,41.83331056809244,19.01476539134848,0.3255255255255255,0.4892225558892226,0.8147480814147482,1,TATAMOTORS,2
2025-01-02,759.3,767.35,749.35,765.05,15294572,0.0210877544210876,0.0327348812095031,0.0168345072740469,13008868.7,765.49,795.074,0,0.3194444266975318,48.09228965233773,18.94942500625216,0.298150447683158,0.4997712567806026,0.7979217044637607,0,TATAMOTORS,2
2025-01-03,768.0,800.6,761.45,790.4,24773025,0.0331350892098556,0.0531645569620253,0.0207131453305191,13774211.3,765.3824999999999,793.2919999999999,1,0.572158350647296,56.2301427215407,20.39232322009129,0.2565156882591093,0.5158147773279352,0.7723304655870447,0,TATAMOTORS,2
2025-01-06,797.7,797.7,765.3,776.25,16948151,-0.0179023279352226,0.058065835207524,0.0189215564888302,13672760.8,763.355,791.2640000000001,1,-0.6620370166037953,51.38733499555703,21.250014418656203,0.2794202898550724,0.5069887278582931,0.7864090177133656,1,TATAMOTORS,2
2025-01-07,776.0,796.95,772.5,793.25,15547971,0.0219001610305957,0.0717422144159967,0.019361130643104,14262171.1,763.08,789.5290000000001,1,0.7055214435369539,56.26118559519468,21.478584817323625,0.2520012606366215,0.517554364954302,0.7695556255909235,0,TATAMOTORS,2
2025-01-08,792.6,797.0,781.65,794.95,11861066,0.0021430822565395,0.0609943276609943,0.0201157528071018,14192922.2,762.8325000000001,788.1419999999999,1,0.1530944525671379,56.72839382197498,21.040828758943366,0.2493238568463424,0.5185860745958866,0.7679099314422291,0,TATAMOTORS,2
2025-01-09,800.0,810.0,769.45,780.1,17948464,-0.0186804201522108,0.0196719168681787,0.0232742336866251,15053447.6,761.8824999999999,786.175,1,-0.490752145727444,51.54849062502065,22.434340990447406,0.2731060120497371,0.509421868991155,0.7825278810408922,0,TATAMOTORS,2
2025-01-10,780.05,787.95,766.8,774.65,11144005,-0.006986283809768,-0.0199266194331984,0.0167795871119444,14584340.2,761.2975,784.813,1,-0.2553191368643412,49.75295203896283,22.3426023482726,0.2820628671012715,0.5059704382624411,0.7880333053637127,0,TATAMOTORS,2
2025-01-13,769.0,773.55,748.8,751.0,12230175,-0.0305299167365906,-0.0325281803542673,0.020045473263363,14063237.9,759.3325000000001,783.029,0,-0.7272726978879718,42.7879727977506,22.59313075196741,0.3224367509986684,0.4904127829560586,0.8128495339547271,1,TATAMOTORS,2
2025-01-14,751.5,779.0,751.5,770.5,11377053,0.025965379494008,-0.0286794831389851,0.0215107349577204,14491673.3,758.6175000000001,781.758,1,0.6909090657851249,49.11343490242594,22.979335698255458,0.2889682024659312,0.5033095392602206,0.792277741726152,0,TATAMOTORS,2
2025-01-15,771.0,785.0,756.05,763.6,10500910,-0.0089552238805969,-0.0394364425435562,0.0210779697333632,14762539.2,757.81,780.161,1,-0.2556131172499775,47.12787961290788,23.405811719808643,0.3006155055002618,0.498821372446307,0.7994368779465689,1,TATAMOTORS,2
2025-01-16,769.9,781.0,767.35,774.35,8680163,0.0140780513357778,-0.0073708498910396,0.0219385998499733,14101098.3,758.7425000000001,779.166,1,0.3260073021240111,50.486416278375486,22.976825168393734,0.2825595660876864,0.5057790404855685,0.788338606573255,0,TATAMOTORS,2
2025-01-17,773.9,785.5,772.25,779.75,7007239,0.006973590753535,0.0065836184083134,0.0219200218646995,12324519.7,760.5274999999999,778.048,1,0.4415094006408017,52.13133579552926,22.2820519420799,0.2736774607245912,0.509201667201026,0.7828791279256172,0,TATAMOTORS,2
2025-01-20,780.0,783.0,767.0,774.35,9956101,-0.0069252965694132,0.031091877496671,0.0146226096887615,11625314.7,763.0425,776.7410000000001,1,-0.3531249779296874,50.33065169590349,21.83333394621705,0.2825595660876864,0.5057790404855685,0.788338606573255,0,TATAMOTORS,2
2025-01-21,775.0,786.65,758.4,760.75,11657178,-0.017563117453348,-0.0126541207008435,0.012774281265159,11236235.4,764.97,775.561,0,-0.5044247609053182,46.01934479383583,22.291667235772973,0.3054880052579691,0.4969438054551429,0.8024318107131121,0,TATAMOTORS,2
2025-01-22,764.15,765.45,731.0,742.75,12418474,-0.0236608609924416,-0.0273048716605552,0.015939144625194,11291976.2,765.3025,774.307,0,-0.6211901125924482,41.012019343529175,23.16011957607491,0.3371255469538875,0.48475260854931,0.8218781555031976,0,TATAMOTORS,2
2025-01-23,742.75,759.7,739.8,752.5,7916689,0.0131268933019186,-0.0282172144379156,0.0156513460368036,10288798.7,765.8875,773.263,0,0.4899497241231271,44.532643393904905,22.927253892069565,0.3198006644518272,0.4914285714285714,0.8112292358803987,0,TATAMOTORS,2
2025-01-24,750.05,754.15,732.2,734.1,9513166,-0.0244518272425249,-0.0585444052580955,0.0156447279237485,10125714.8,765.0675,772.248,0,-0.7266514475329627,39.71525790508617,22.85745004263602,0.3528810788720882,0.4786813785587795,0.8315624574308678,0,TATAMOTORS,2
2025-01-27,732.95,732.95,709.3,713.05,14123990,-0.0286745674976162,-0.0791631691095758,0.016891467558531,10315096.3,764.0375,770.7840000000001,0,-0.8414375965565504,35.04464807809069,22.996203611019165,0.3928195778697146,0.4632914942851132,0.856111072154828,0,TATAMOTORS,2
2025-01-28,716.5,740.85,707.5,728.25,16104653,0.0213168781992847,-0.0427209990141308,0.0237070111577238,10787856.3,763.4425,769.863,0,0.3523238275165267,40.487202016113294,23.73576049594637,0.3637487126673532,0.4744936491589427,0.838242361826296,0,TATAMOTORS,2
2025-01-29,731.5,755.0,726.55,752.5,12461404,0.0332990044627532,0.0131268933019186,0.0278968783145678,10983905.7,763.605,769.475,0,0.7381370566559897,47.97648637917034,24.07249188909306,0.3198006644518272,0.4914285714285714,0.8112292358803987,0,TATAMOTORS,2
2025-01-30,709.0,710.7,683.2,696.85,59390998,-0.073953488372093,-0.073953488372093,0.0430182166099413,16054989.2,760.1949999999999,767.748,0,-0.4418181657520658,36.59518331810354,27.303028182729268,0.4251991102819831,0.4508143789911746,0.8760134892731578,0,TATAMOTORS,2
2025-01-31,706.0,717.0,696.45,716.1,19157717,0.0276243093922652,-0.0245198201879852,0.0461913187979049,17270037.0,756.48,766.5930000000001,0,0.4914841609983398,41.74342303335482,26.82066902682003,0.3868873062421449,0.4655774333193688,0.8524647395615138,0,TATAMOTORS,2
2025-02-01,719.5,724.75,700.9,706.55,14087493,-0.013336126239352,-0.0091157702825889,0.0446324064879273,17683176.2,752.995,764.9040000000001,0,-0.542976916437028,40.00786474569826,26.60847838204717,0.4056330054490129,0.4583539735333663,0.8639869789823793,0,TATAMOTORS,2
2025-02-03,700.0,700.0,686.0,687.45,17806760,-0.0270327648432523,-0.0560247167868176,0.0438160222029856,18298134.4,747.705,762.721,0,-0.8964285073979605,36.719620923862045,26.17572992618666,0.4446868863190049,0.4433049676340098,0.8879918539530147,1,TATAMOTORS,2
2025-02-04,696.3,713.35,693.75,710.55,16792005,0.0336024438140953,-0.0557475083056479,0.0438923076258307,18735487.5,743.4849999999999,761.2720000000002,0,0.7270407792326125,42.83867412771058,26.15603493145904,0.3977200759974668,0.4614031384139047,0.8591232144113716,0,TATAMOTORS,2
2025-02-05,711.0,725.45,710.7,717.05,12907325,0.0091478432200409,0.0289875869986366,0.0260022302061008,19234551.1,740.3325000000001,759.934,0,0.4101694637173214,44.465947739774606,25.352032436354826,0.3850498570532041,0.4662854752109336,0.8513353322641379,0,TATAMOTORS,2
2025-02-06,723.0,723.4,708.15,709.65,10016927,-0.0103200613625269,-0.0090071219103478,0.0235336412865985,19284927.2,737.0825,758.538,0,-0.8754097786616554,42.966299887330585,24.630458690900912,0.3994927076727965,0.4607200732755583,0.860212780948355,0,TATAMOTORS,2
2025-02-07,711.0,715.95,703.1,706.75,12259132,-0.0040865215246952,0.0002830656004528,0.0227290411877349,19098441.4,734.87,756.944,0,-0.3307392738724294,42.363320191329386,23.788997355836564,0.4052352316943756,0.4585072515033604,0.8637424831977362,0,TATAMOTORS,2
2025-02-10,709.75,709.9,693.05,696.0,10981963,-0.0152104704633887,0.0124372681649573,0.0195759587049805,18586172.4,731.145,755.063,0,-0.8160236904436967,40.11588949075859,23.293354687562527,0.4269396551724138,0.4501436781609195,0.8770833333333334,0,TATAMOTORS,2
2025-02-11,696.0,697.0,675.1,677.75,11939990,-0.0262212643678161,-0.0461614242488213,0.0131320161748321,18534031.0,726.8525000000001,752.5930000000001,0,-0.8333332952815855,36.56899379259561,23.193829352736632,0.4653633345628918,0.4353375138325341,0.9007008483954261,0,TATAMOTORS,2
2025-02-12,680.0,687.55,667.05,684.35,12312424,0.0097381040206565,-0.0456035143992746,0.0133407380866254,13826173.6,722.3525000000001,750.5179999999999,0,0.2121951116002395,38.68051872461334,23.0014129703983,0.4512310951998246,0.4407832249579894,0.892014320157814,0,TATAMOTORS,2
2025-02-13,684.35,693.15,679.35,683.85,8490769,-0.0007306202966318,-0.0363559501162544,0.013823620611439,12759478.8,717.5575,748.3439999999999,0,-0.0362318814324724,38.57575286614829,22.344169186798418,0.4522921693353804,0.4403743511003875,0.8926665204357681,0,TATAMOTORS,2
2025-02-14,685.95,690.95,669.15,680.65,9968127,-0.0046793887548439,-0.0369296073576229,0.0137916483207801,12347542.2,712.8725000000001,745.6209999999999,0,-0.2431192549027888,37.86882680170224,22.305299959169965,0.4591199588628517,0.4377433335781973,0.8968632924410491,0,TATAMOTORS,2
2025-02-17,678.0,690.7,667.05,686.6,10313575,0.0087416440167487,-0.0135057471264367,0.014548536663891,11598223.7,709.165,743.3779999999999,0,0.3636363482606191,40.0680517341519,22.401349962086403,0.4464753859598018,0.4426157879405767,0.8890911739003787,0,TATAMOTORS,2
2025-02-18,686.6,687.95,672.15,682.4,7810143,-0.0061170987474512,0.0068609369236443,0.0074402377481911,10700037.5,706.1475,741.028,0,-0.2658227679859025,39.018161476171336,21.929824964794523,0.4553780773739742,0.4391852286049238,0.8945633059788981,0,TATAMOTORS,2
2025-02-19,681.75,690.95,675.05,681.0,9986815,-0.0020515826494724,-0.0048951559874333,0.0058265622383544,10407986.5,702.5725,738.6659999999999,0,-0.0471698083540998,38.65457310041284,21.49912318159492,0.4583700440528634,0.4380323054331865,0.89640234948605,0,TATAMOTORS,2
2025-02-20,680.0,692.85,675.0,689.8,8673335,0.0129221732745961,0.0087007384660378,0.0085349280943237,10273627.3,700.3575,736.735,0,0.5490195770857347,42.29455561919161,21.23847152576672,0.4397651493186431,0.4452015076833864,0.8849666570020297,0,TATAMOTORS,2
2025-02-21,686.0,690.0,671.1,673.2,14577524,-0.0240649463612639,-0.0109454198192903,0.0145069315795713,10505466.5,698.365,734.3929999999999,0,-0.6772486414154142,37.74483494168916,21.071437845354808,0.4752673796791442,0.4315210932857992,0.9067884729649436,0,TATAMOTORS,2
2025-02-24,670.0,676.6,666.0,668.25,8861769,-0.0073529411764706,-0.0267258957180308,0.013224974846141,10293447.1,695.365,732.062,0,-0.1650943240477049,36.48448741982134,20.32347799925804,0.4861952861952862,0.4273101384212495,0.9135054246165358,0,TATAMOTORS,2
2025-02-25,667.75,672.5,660.0,661.6,10251257,-0.0099513655069209,-0.0304806565064477,0.013391927926905,10124573.8,690.8199999999999,729.699,0,-0.4919999606400013,34.80315891649272,19.764658142168177,0.5011336154776299,0.4215538089480048,0.9226874244256348,0,TATAMOTORS,2
2025-02-27,662.0,665.0,645.65,648.55,12281857,-0.0197249093107618,-0.0476505139500734,0.0143541245450863,10121517.1,688.405,727.556,0,-0.6950904033545026,31.71446245264833,19.73503970344188,0.5313391411610516,0.4099144244853904,0.9412535656464422,0,TATAMOTORS,2
2025-02-28,645.0,645.0,618.45,620.65,20477619,-0.043019042479377,-0.1002464482458683,0.0141775812617432,11320202.1,683.6324999999999,725.0880000000001,0,-0.9171374419157295,26.33366908050995,20.47539401033888,0.6001772335454766,0.383388383146701,0.9835656166921776,0,TATAMOTORS,2
2025-03-03,620.65,626.85,606.3,621.15,18362700,0.0008056070248931,-0.0773172905525847,0.0168639773149286,12159659.4,679.3625,723.03,0,0.0243308990593235,26.57409912038858,20.480723009600396,0.5988891572084037,0.3838847299364082,0.9827738871448122,1,TATAMOTORS,2
2025-03-04,613.45,629.15,613.0,619.2,11878225,-0.0031393383240762,-0.0734006734006733,0.0174883715633607,12316124.4,675.95,720.97,0,0.3560371296571442,26.214751539835376,20.171385651771796,0.603924418604651,0.3819444444444445,0.9858688630490956,1,TATAMOTORS,2
2025-03-05,619.0,641.6,618.6,640.8,12373061,0.0348837209302324,-0.0314389359129384,0.0286563842220072,12772416.2,672.4625,719.0640000000001,0,0.9478260457466916,36.46375301606344,20.37342953378809,0.5498595505617978,0.4027777777777777,0.9526373283395756,1,TATAMOTORS,2
2025-03-06,653.25,655.95,635.6,639.65,16991501,-0.0017946317103619,-0.0137229203608048,0.0276186420772147,13472884.8,668.5925,717.0409999999999,0,-0.668304635464146,36.17564386433183,20.37175599566037,0.5526459782693661,0.4017040569061205,0.9543500351754868,0,TATAMOTORS,2
2025-03-07,640.0,651.5,635.0,648.3,10123450,0.0135230204017822,0.0445500684765971,0.0159793324337972,13617896.3,665.525,714.997,0,0.5030302725436171,40.01485794501876,20.095201995970346,0.5319296621934291,0.4096868733610982,0.9416165355545274,1,TATAMOTORS,2
2025-03-10,648.3,654.25,643.35,648.15,10309166,-0.0002313743637204,0.0434677614102874,0.0161160794484277,13191060.5,662.595,713.2869999999999,0,-0.0137614666273863,39.96995762769899,19.43840185340104,0.5322841934737329,0.409550258427833,0.941834451901566,0,TATAMOTORS,2
2025-03-11,640.0,651.15,638.45,648.05,9534750,-0.0001542852734707,0.0465923772609817,0.015617835734424,13258358.6,660.1975,711.445,0,0.6338582178064394,39.93778359384096,18.95708743530096,0.5325206388395958,0.4094591466707815,0.9419797855103774,1,TATAMOTORS,2
2025-03-12,654.5,671.9,652.25,668.3,18732785,0.031247588920608,0.0429151061173533,0.014140322645863,14106511.4,659.725,709.826,1,0.7022900405959251,48.90679688719017,19.30658118992232,0.4860840939697741,0.4273529851862935,0.9134370791560678,0,TATAMOTORS,2
2025-03-13,670.65,671.85,649.6,655.5,14004345,-0.0191530749663324,0.0247791761119362,0.0187007487315372,14278760.2,658.2825,707.635,0,-0.680898845802298,44.39408084056621,19.51682539064215,0.5151029748283753,0.4161708619374523,0.9312738367658276,1,TATAMOTORS,2
2025-03-17,665.05,666.45,657.45,661.05,9174408,0.0084668192219679,0.0196668209162425,0.0182592777735434,13148439.1,657.1425,705.048,1,-0.4444443950617339,46.69095593700859,18.90490929131057,0.5023825731790335,0.4210725361167838,0.9234551092958174,1,TATAMOTORS,2
2025-03-18,665.0,681.7,663.9,680.05,11236084,0.0287421526359579,0.0492170022371365,0.02096393022032,12435777.5,657.1125,703.1239999999999,1,0.8455055704772093,53.73629735824058,19.02955862764553,0.4604073229909566,0.4372472612307918,0.8976545842217485,0,TATAMOTORS,2
2025-03-19,685.4,685.75,678.55,682.25,9338414,0.0032350562458642,0.0527737057325823,0.0206122316143833,12181796.4,656.895,700.904,1,-0.4374999392361136,54.48635821153245,18.184590154242287,0.4556980578966654,0.4390619274459509,0.8947599853426164,1,TATAMOTORS,2
2025-03-20,685.0,692.7,679.0,690.05,9712600,0.0114327592524734,0.0325452641029477,0.017260098124542,11915750.3,657.2774999999999,698.806,1,0.3686131117800603,57.13955459636811,17.864262286082127,0.4392435330773133,0.4454025070647054,0.8846460401420189,0,TATAMOTORS,2
2025-03-21,693.0,705.0,688.55,702.95,14823483,0.0186942975146728,0.0723874904652936,0.0099044572607493,11698948.5,658.3749999999999,697.263,1,0.604863185114701,61.171025430320455,17.763243551361978,0.4128316380965928,0.4555800554804752,0.868411693577068,0,TATAMOTORS,2
2025-03-24,710.0,717.5,702.05,713.5,11671359,0.0150081798136423,0.0793434687239997,0.0093907039542908,11853739.4,659.56,696.04,1,0.2265372021658762,64.141629837922,17.59801186912184,0.3919411352487736,0.4636299929922915,0.8555711282410652,0,TATAMOTORS,2
2025-03-25,719.0,723.05,706.35,710.3,13617465,-0.0044849334267694,0.0444820233806337,0.0093651677485753,12184569.3,661.415,695.2260000000001,1,-0.5209580526372471,62.57779333435554,17.53386816418456,0.3982120230888357,0.4612135717302548,0.8594255948190906,0,TATAMOTORS,2
2025-03-26,710.3,717.85,707.0,708.25,9363180,-0.0028861044629029,0.0381091975082448,0.0105906502546783,12167412.3,663.415,693.9810000000001,1,-0.1889400747520622,61.54261337487856,17.05644900959995,0.402259089304624,0.4596540769502295,0.8619131662548536,0,TATAMOTORS,2
2025-03-27,668.0,676.6,661.1,668.55,34238666,-0.0560536533709848,-0.0311571625244547,0.0298684469956408,13718000.4,663.7625,692.08,1,0.0354838686784571,45.75664810738816,19.205988366057092,0.4855283823199462,0.42756712287787,0.9130955051978163,0,TATAMOTORS,2
2025-03-28,671.85,684.95,669.3,674.45,16013687,0.0088250691795679,-0.0405434241411195,0.0281073261367358,13918934.6,665.0575,690.082,1,0.1661341746879126,47.8956699195841,19.00556062562445,0.472533175179776,0.4325746904885463,0.9051078656683224,0,TATAMOTORS,2
2025-04-01,670.55,681.85,665.75,671.85,9594669,-0.0038549929572244,-0.0583742116327959,0.0253959184511841,13960960.7,667.6175000000001,687.924,1,0.0807453365996726,47.01579985224944,18.798020580936992,0.4782317481580709,0.4303788047927365,0.9086105529508076,0,TATAMOTORS,2
2025-04-02,674.95,675.35,662.1,671.9,8025225,7.442137381841185e-05,-0.0540616640855976,0.0257980144354762,13639874.8,670.155,685.875,1,-0.230188661872559,47.03595030532227,18.401733396584348,0.4781217443071885,0.4304211936300045,0.9085429379371932,0,TATAMOTORS,2
2025-04-03,660.0,669.0,652.5,653.95,13473832,-0.0267152850126506,-0.0766678432756794,0.0261736944548428,14053416.6,671.8924999999999,683.7389999999999,0,-0.366666644444443,41.006590200519724,18.473038153971174,0.5186940897622141,0.4147870632311339,0.933481152993348,0,TATAMOTORS,2
2025-04-04,650.0,650.0,610.0,613.85,26621179,-0.0613196727578561,-0.0818188617156532,0.0282359424303187,15744274.5,670.545,681.161,0,-0.90374997740625,31.34116372763772,20.29282114297324,0.6179033965952593,0.3765577909912845,0.994461187586544,0,TATAMOTORS,2
2025-04-07,560.5,582.0,535.75,579.75,49463598,-0.0555510303820151,-0.1404107050189044,0.0284218737089141,19208286.0,667.55,677.7059999999999,0,0.4162162072169469,25.77705770492884,24.421905347046582,0.7130659767141009,0.3398878827080638,1.0529538594221648,0,TATAMOTORS,2
2025-04-08,591.2,606.6,584.2,588.85,20987855,0.0156964208710652,-0.1235394805388107,0.0336851842764946,20139935.6,664.5775,674.801,0,-0.1049107096022015,29.380176673592644,24.595340679400405,0.6865925108261866,0.3500891568311115,1.036681667657298,0,TATAMOTORS,2
2025-04-09,588.0,594.9,581.05,582.9,17483412,-0.010104440859302,-0.1324601875279059,0.0320145818090431,20526530.3,661.3149999999999,672.1979999999999,0,-0.3682310203443317,28.4090899550536,23.82781634515752,0.7038085434894493,0.3434551381025905,1.04726368159204,1,TATAMOTORS,2
2025-04-11,610.0,612.8,591.0,595.05,21055814,0.0208440555841482,-0.0900680480159035,0.0387081562184012,21695793.7,658.6650000000001,669.534,0,-0.6857797850559767,33.260110252429584,24.26154374907484,0.6690194101336023,0.3568607680026888,1.0258801781362912,1,TATAMOTORS,2
2025-04-15,614.0,628.3,612.65,622.2,19722072,0.0456264179480716,0.0136026716624582,0.0383930774318261,20244134.3,656.3599999999999,666.928,0,0.5239616278618805,42.61709605687352,24.90357633842663,0.5961909353905495,0.3849244615879139,0.9811153969784636,0,TATAMOTORS,2
2025-04-16,625.0,625.0,613.6,616.05,12318376,-0.0098842815814852,0.0626131953428201,0.0233944225717927,19874603.2,654.3875,665.312,0,-0.7850876504309134,41.20774463961065,23.93903517139616,0.6121256391526663,0.3787841895950004,0.9909098287476668,0,TATAMOTORS,2
2025-04-17,616.05,627.0,608.25,621.55,14342652,0.0089278467656845,0.0555319690922984,0.0233543633844002,20349401.5,652.4125,663.421,0,0.2933333176888897,43.022471661333135,23.56838980201072,0.5978601882390798,0.3842812324028637,0.9821414206419437,1,TATAMOTORS,2
2025-04-21,624.6,635.75,620.2,630.05,12785568,0.0136754886976107,0.080888660147538,0.0201647767092014,20825435.8,649.9125,661.8910000000001,0,0.3504822925734827,45.806534470234425,22.995647673295668,0.5763034679787319,0.3925878898500118,0.968891357828744,1,TATAMOTORS,2
2025-04-22,630.25,633.95,626.2,630.85,10292748,0.001269740496786,0.0601630115116378,0.0208387380191476,20507327.4,647.3425,660.7589999999999,0,0.0774193448491197,46.073609031535824,21.906672839488834,0.5743045097883807,0.393358167551716,0.9676626773400968,1,TATAMOTORS,2
2025-04-23,635.95,661.5,633.35,659.9,23390570,0.0460489815328524,0.0605914496946318,0.0210097506841205,20184266.5,645.8349999999999,659.7460000000001,1,0.8507992592966498,54.7870430003494,22.53119620809677,0.5050007576905592,0.4200636460069707,0.92506440369753,1,TATAMOTORS,2
2025-04-24,660.1,671.0,660.1,668.35,15172229,0.0128049704500683,0.0848957065173283,0.0172050967586851,16755129.6,644.105,658.7719999999999,1,0.7568806645063627,56.96526613120769,21.714682193232715,0.4859729183810877,0.4273958255405102,0.913368743921598,0,TATAMOTORS,2
2025-04-25,668.35,673.0,651.5,655.25,13207043,-0.0196005087154934,0.0542192904834688,0.0238211456644568,15977048.4,641.1925,657.684,1,-0.6093022972417547,52.72443789835472,21.699347750858948,0.5156810377718428,0.4159481114078596,0.9316291491797024,1,TATAMOTORS,2
2025-04-28,654.3,669.6,652.55,668.15,10243493,0.0196871423120945,0.0604713911594319,0.0241495085376961,15253056.5,639.0849999999999,656.9119999999999,1,0.8123166678993137,56.18366960210081,21.367251482940453,0.4864177205717279,0.4272244256529222,0.9136421462246502,0,TATAMOTORS,2
2025-04-29,671.45,682.9,661.6,665.6,13754685,-0.0038165082691011,0.0550844099231195,0.02481467528634,14522943.6,636.9525,656.304,1,-0.2746478744296789,55.32193121956929,21.36244780558756,0.4921123798076922,0.4250300480769231,0.9171424278846154,0,TATAMOTORS,2
2025-04-30,667.0,667.0,641.1,644.25,19485917,-0.0320763221153846,-0.0237157145021972,0.0216412550222906,14499328.1,635.7375,655.6339999999999,1,-0.8783783444641573,48.600680876735794,21.686558676617015,0.5415599534342258,0.4059759410166861,0.947535894450912,0,TATAMOTORS,2
2025-05-02,641.0,661.35,635.55,652.0,13141726,0.0120294916569654,-0.024463230343383,0.0214875662784859,14581663.1,634.615,654.987,1,0.4263565726218371,50.93116932469978,21.98037591400152,0.5232361963190184,0.4130368098159509,0.9362730061349694,1,TATAMOTORS,2
2025-05-05,662.95,666.65,655.85,661.55,8868484,0.0146472392638035,0.0096146508966041,0.021025945211478,14034246.3,634.1,654.5409999999999,1,-0.1296296176268962,53.71604857947172,21.456777634429983,0.5012470712720127,0.4215100899402917,0.9227571612123046,0,TATAMOTORS,2
2025-05-06,661.55,663.2,645.5,648.2,12718175,-0.020179880583478,-0.0298585646935567,0.0202306037673778,14027507.0,632.915,653.8919999999999,1,-0.7542372455233124,49.48779215485262,21.18843637482784,0.5321659981487193,0.4095958037642703,0.94176180191299,0,TATAMOTORS,2
2025-05-07,642.0,682.5,641.15,680.3,30390515,0.0495217525455105,0.0220853365384614,0.0321446952151482,16037283.7,634.2325000000001,653.766,1,0.9262393971888884,58.04037529550839,22.62854806234014,0.4598706453035426,0.4374540643833602,0.8973247096869029,0,TATAMOTORS,2
2025-05-08,700.0,704.5,677.2,682.85,29315465,0.0037483463178009,0.0599146294140473,0.0250924007414945,16629773.2,637.6825,653.775,1,-0.6282051051939523,58.63948550019259,22.96222320074441,0.4544189792780258,0.4395548070586513,0.8939737863366772,0,TATAMOTORS,2
2025-05-09,667.5,711.0,666.0,708.5,40183276,0.0375631544263015,0.0866564417177915,0.0275861150022818,19130877.9,644.12,654.3249999999999,1,0.911111090864198,64.17980643235148,24.536350114976955,0.4017642907551164,0.4598447424135498,0.8616090331686662,0,TATAMOTORS,2
2025-05-12,728.0,732.0,711.2,720.8,20133616,0.0173606210303456,0.0895623913536391,0.0275534515532301,19823535.2,650.7175,654.945,1,-0.346153829511838,66.4973633194996,24.462325106764315,0.3778440621531632,0.469062153163152,0.8469062153163153,0,TATAMOTORS,2
2025-05-13,720.8,726.0,703.25,707.7,16125700,-0.0181742508324083,0.0917926565874729,0.0268720704406157,20411755.9,656.9575,655.635,1,-0.5758241505132201,61.90359376815341,24.340016170566862,0.403348876642645,0.4592341387593613,0.8625830154020065,0,TATAMOTORS,2
2025-05-14,690.0,708.0,686.0,698.95,31505402,-0.0123639960435212,0.0274143760105836,0.0226456432965263,22186827.6,662.1524999999999,656.2489999999999,1,0.4068181633264491,58.973104014094346,24.17287215838352,0.420917089920595,0.4524644109020674,0.8733815008226625,1,TATAMOTORS,2
2025-05-15,698.75,729.8,696.15,728.1,28634074,0.0417054152657556,0.0662663835395767,0.0276644745805995,23101643.3,667.4475,657.579,1,0.8722139413903746,64.92947572812642,24.84980986135612,0.3640296662546353,0.4743853866227167,0.8384150528773521,0,TATAMOTORS,2
2025-05-16,730.0,742.0,725.55,730.7,20631512,0.0035709380579591,0.0313338038108681,0.0241380951713398,23850621.9,673.18,659.222,1,0.0425531889025443,65.41182349366645,24.249823442687823,0.3591761324757081,0.4762556452716573,0.8354317777473655,0,TATAMOTORS,2
2025-05-19,732.0,738.1,728.0,729.5,10460217,-0.0016422608457643,0.012069922308546,0.0234715883509486,24009795.2,678.5775,661.3989999999999,1,-0.2475247279678482,64.9676955931293,23.23912176821012,0.3614119259766963,0.4753941055517477,0.8368060315284442,0,TATAMOTORS,2
2025-05-20,730.0,737.75,717.0,718.9,14472506,-0.0145305003427005,0.0158259149357071,0.0227087610004323,24185228.3,683.0200000000001,663.354,1,-0.5349397332559176,61.02606030745629,23.06132735619511,0.3814856030045903,0.4676589233551259,0.8491445263597164,1,TATAMOTORS,2
2025-05-21,719.0,729.5,718.0,726.8,8998596,0.0109890109890109,0.0398454825094782,0.0210071459238182,22046036.4,687.8175,665.5060000000001,1,0.6782608105860125,62.835774413161424,22.23551825932403,0.3664694551458448,0.4734452394056136,0.8399146945514586,0,TATAMOTORS,2
2025-05-22,725.0,725.0,710.65,717.45,10046820,-0.0128646119977984,-0.0146271116604861,0.0108503629194746,20119171.9,690.695,667.0390000000001,1,-0.5261323675169042,59.32469708112656,21.80083838365803,0.3842776500104535,0.4665830371454457,0.8508606871558994,1,TATAMOTORS,2
2025-05-23,718.75,721.8,715.0,718.25,7915166,0.0011150602829463,-0.017038456274805,0.0105354767566026,16892360.9,693.19,668.6110000000001,1,-0.0735294009515591,59.5330487430037,20.729349927682453,0.3827358162199791,0.4671771667246781,0.8499129829446572,1,TATAMOTORS,2
2025-05-26,722.0,738.0,721.2,729.0,13017400,0.0149669335189697,-0.0006854009595613,0.0134408286001538,16180739.3,696.8775,670.225,1,0.4166666418650819,62.325686951860106,20.65939636141942,0.3623456790123456,0.475034293552812,0.8373799725651578,0,TATAMOTORS,2
2025-05-27,729.0,729.35,715.2,716.45,12223125,-0.0172153635116597,-0.0034079844206426,0.0141956597473309,15790481.8,699.2925,671.591,1,-0.886925732372738,57.34984705051913,20.19443947846089,0.386209784353409,0.4658385093167702,0.8520482936701793,1,TATAMOTORS,2
2025-05-28,720.0,722.0,716.2,717.95,7568961,0.0020936562216484,-0.0121766648321407,0.0128759489398644,13396837.7,701.9100000000001,672.9889999999999,1,-0.3534482149227165,57.783669500008045,19.166265229999397,0.3833136012257119,0.4669545232954941,0.8502681245212063,1,TATAMOTORS,2
2025-05-29,724.5,728.7,720.0,724.45,8838921,0.0090535552615085,0.0097567774757822,0.0121234901438231,11417322.4,705.9200000000001,674.112,1,-0.0057471257761871,59.69677116886297,18.565103427856577,0.3709020636344812,0.4717371799296018,0.8426392435640832,0,TATAMOTORS,2
2025-05-30,724.45,728.55,712.5,719.5,14533919,-0.0068327696873491,0.0017403411068568,0.0127726383305654,10807563.1,709.2950000000001,675.3919999999999,1,-0.3084111957376239,57.557641625111394,18.38545318300968,0.3803335649756775,0.4681028492008339,0.8484364141765115,0,TATAMOTORS,2
2025-06-02,717.0,719.0,707.4,711.6,9712446,-0.0109798471160528,-0.0238683127572015,0.0104391637641372,10732786.0,711.7974999999999,676.403,0,-0.4655172012485143,54.21846032167456,17.936492241366132,0.3956576728499156,0.4621978639685217,0.8578555368184374,0,TATAMOTORS,2
2025-06-03,715.0,718.35,702.3,703.85,9161608,-0.0108909499718943,-0.0175867122618466,0.0088113806041027,10201696.2,714.58,676.8789999999999,0,-0.6947040065604936,51.08727316981855,17.80174279555427,0.4110250763657028,0.456276195212048,0.8673012715777509,0,TATAMOTORS,2
2025-06-04,701.8,715.45,698.4,709.15,11287991,0.0075300134971938,-0.0122571209694268,0.0099391356683972,10430635.7,716.0224999999999,677.4169999999999,0,0.4310850187046905,53.08277889152108,17.748046881586113,0.4004794472255517,0.4603398434745822,0.8608192907001341,1,TATAMOTORS,2
2025-06-05,712.8,714.45,704.0,710.15,10203331,0.0014101388986815,-0.0197391124301195,0.0081613059766424,10446286.8,717.3875,677.8190000000001,0,-0.2535884924795668,53.46851194705172,17.226757818615678,0.3985073576005069,0.4610997676547208,0.8596071252552279,0,TATAMOTORS,2
2025-06-06,710.0,715.9,701.2,711.0,11975812,0.0011969302260086,-0.0118137595552466,0.0082425126614312,10852351.4,717.5125,677.98,0,0.0680272062566529,53.81608724963443,17.04627511728598,0.3968354430379746,0.4617440225035162,0.8585794655414909,1,TATAMOTORS,2
2025-06-09,715.0,726.0,713.1,717.8,9900412,0.0095639943741208,0.0087127599775154,0.0079793694768096,10540652.6,717.3625,678.0659999999999,1,0.2170542467399777,56.60851020782435,16.900112608908408,0.3836026748397882,0.4668431317915854,0.8504458066313738,1,TATAMOTORS,2
2025-06-10,721.0,734.75,715.35,732.25,19151889,0.020130955697966,0.0403495062868508,0.0077383692878799,11233529.0,718.59,678.505,1,0.5798968773249039,61.88270501465168,17.078675993986376,0.3562990781836804,0.4773642881529532,0.8336633663366337,0,TATAMOTORS,2
2025-06-11,734.95,744.0,730.15,736.4,12626754,0.005667463298054,0.0384262849890715,0.0078091343859441,11739308.3,720.4625,679.068,1,0.1046931332351477,63.26376083413721,16.84805628013021,0.3486556219445953,0.4803096143400326,0.828965236284628,0,TATAMOTORS,2
2025-06-12,737.0,737.7,711.25,715.35,12585149,-0.0285850081477457,0.0073223966767586,0.0182665187812318,12113931.1,719.825,680.0039999999999,0,-0.8185254889026258,52.81157815500903,17.533909402978054,0.3883413713566784,0.4650171244845181,0.8533584958411966,0,TATAMOTORS,2
2025-06-13,700.0,714.95,698.3,712.05,10516625,-0.004613126441602,0.001476793248945,0.0184816957540507,11712201.7,718.8925,680.7560000000001,0,0.7237236802568293,51.37846772469338,17.499344445622484,0.3947756477775437,0.4625377431360157,0.8573133909135595,0,TATAMOTORS,2
2025-06-16,711.0,714.0,672.95,686.65,31246328,-0.03567165227161,-0.0433964892727779,0.0233302238188817,13865589.9,716.75,681.052,0,-0.5931790354889407,41.94386853294324,19.181534128078017,0.4463700575256681,0.4426563751547367,0.8890264326804049,0,TATAMOTORS,2
2025-06-17,686.1,686.15,672.0,674.75,17112867,-0.0173305177310129,-0.0785250938886992,0.0169278592994291,14660715.8,714.5424999999999,681.109,0,-0.8021200846558273,38.3873253326277,18.857853118929587,0.4718784735087069,0.4328269729529455,0.9047054464616524,0,TATAMOTORS,2
2025-06-18,671.85,679.35,668.0,670.25,12556088,-0.0066691367173027,-0.089828897338403,0.0135159905826328,14787525.5,711.7149999999999,681.435,0,-0.1409691505754069,37.10601549040064,18.321577896148906,0.4817605371130175,0.4290190227527042,0.9107795598657218,0,TATAMOTORS,2
2025-06-19,670.25,676.3,666.65,672.3,10895470,0.0030585602387167,-0.0601803313063535,0.0149850361063439,14856739.4,709.4575,682.6039999999999,0,0.212435211146606,38.1193370829838,17.70217947499541,0.4772423025435074,0.4307600773464227,0.9080023798899304,0,TATAMOTORS,2
2025-06-20,673.4,678.8,670.1,676.2,11393470,0.0058009817045963,-0.0503475879502842,0.0169110178337515,14798505.2,707.3549999999999,684.533,0,0.321839043466787,40.09669109473742,17.059166655352875,0.4687222715173024,0.4340431824903875,0.90276545400769,0,TATAMOTORS,2
2025-06-23,670.0,676.0,666.1,671.25,10265601,-0.0073203194321207,-0.0224277288283696,0.0092266365063035,14835024.1,704.4675,686.181,0,0.1262626135088272,38.41867126964182,16.56208332282767,0.4795530726256983,0.4298696461824953,0.9094227188081936,1,TATAMOTORS,2
2025-06-24,678.0,686.5,672.0,673.65,15359947,0.0035754189944132,-0.0016302334197851,0.0061921516964271,14455829.9,702.3275000000001,687.9960000000001,0,-0.2999999793103478,39.735534252453085,16.46836308548284,0.4742818971275885,0.4319008387144659,0.9061827358420546,1,TATAMOTORS,2
2025-06-25,676.0,679.0,673.45,674.5,10456015,0.001261782824909,0.0063409175680715,0.0050704342884388,14238756.0,700.155,689.585,0,-0.2702702215729352,40.22308229751852,15.688480007948346,0.4724240177909562,0.4326167531504818,0.9050407709414382,1,TATAMOTORS,2
2025-06-26,677.0,683.7,674.45,682.75,10104914,0.0122312824314307,0.0155436561059052,0.0071215037142,13990732.5,698.07,690.796,0,0.6216215544192915,44.883822594454834,15.22858857880918,0.4546320029293298,0.4394727206151593,0.8941047235444892,0,TATAMOTORS,2
2025-06-27,685.0,691.45,683.0,686.9,7198028,0.0060783595752471,0.0158237207926648,0.0071487366652534,13658872.8,696.44,692.2129999999999,0,0.2248520443962038,47.11745926320361,14.762260823179956,0.4458436453632261,0.4428592225942641,0.8887028679574903,0,TATAMOTORS,2
2025-06-30,688.9,691.9,685.0,688.0,6960104,0.0016013975833455,0.0249534450651769,0.0044998840422608,11230250.4,695.26,693.5419999999999,0,-0.1304347637051038,47.72221485490731,14.200670764381384,0.443531976744186,0.44375,0.8872819767441861,0,TATAMOTORS,2
2025-07-01,691.1,693.85,680.4,683.8,6866073,-0.0061046511627907,0.0150671713797965,0.0067558142367002,10205571.0,694.2574999999999,694.617,0,-0.5427508890148071,45.57896252690698,14.147051424068431,0.4523983620941796,0.4403334308277274,0.8927317929219071,1,TATAMOTORS,2
2025-07-02,683.8,692.45,680.65,688.55,8034013,0.0069464755776542,0.0208302446256485,0.0068647508176303,9753363.5,693.2275000000001,695.7710000000001,0,0.4025423387675961,48.401371062705984,13.979404893777836,0.4423789122068114,0.4441943214000435,0.8865732336068551,0,TATAMOTORS,2
2025-07-03,693.85,696.95,688.5,690.4,9668110,0.0026868056059836,0.0112046869278652,0.0051750496096115,9630627.5,692.24,696.3809999999999,0,-0.4082839753510121,49.49989157995062,13.584447401365138,0.4385139049826188,0.4456836616454229,0.8841975666280418,0,TATAMOTORS,2
2025-07-04,691.0,692.85,686.35,689.05,4942900,-0.0019553881807647,0.0031300043674478,0.0049272599687434,8985570.5,691.1424999999999,696.795,0,-0.2999999538461679,48.68534673087209,13.07841544412477,0.4413322690661055,0.4445976344242072,0.8859299034903129,0,TATAMOTORS,2
2025-07-07,689.05,691.95,683.35,688.85,5428220,-0.0002902546984978,0.0012354651162791,0.0049070814304697,8501832.4,689.6949999999999,697.467,0,-0.0232558112493162,48.55786403489844,12.758528626687289,0.4417507439936124,0.4444363794730348,0.8861871234666473,0,TATAMOTORS,2
2025-07-08,693.0,696.95,687.5,693.2,7615926,0.0063148726137767,0.0137467095642001,0.003927661297725,7727430.3,687.7425000000001,697.9680000000001,1,0.0211640189244471,51.53065303291516,12.522205153352486,0.4327034045008654,0.4479226774379689,0.8806260819388344,0,TATAMOTORS,2
2025-07-09,688.95,695.5,688.5,692.8,5478813,-0.0005770340450087,0.0061723912569893,0.0033053474895699,7229710.1,685.5625,698.512,1,0.5499999214285697,51.23743687007533,12.127761928113022,0.4335306004618938,0.4476039260969977,0.8811345265588916,0,TATAMOTORS,2
2025-07-10,692.0,696.75,685.0,695.6,7733963,0.0040415704387992,0.0075318655851681,0.0035036102930187,6992615.0,684.575,699.539,1,0.3063829526482613,53.24306768232214,12.100778933247806,0.4277602070155261,0.4498274870615296,0.8775876940770558,0,TATAMOTORS,2
2025-07-11,692.95,698.4,677.05,681.8,8280654,-0.0198389879240944,-0.01052173282055,0.0103536316635726,7100877.6,683.0625,700.135,0,-0.5222482190984478,43.70245905911176,12.761437580872965,0.4566588442358463,0.4386916984452919,0.8953505426811383,0,TATAMOTORS,2
