date,open,high,low,close,volume,returns_1d,returns_5d,volatility_5d,avg_volume_10d,sma_20,sma_50,above_20ma,candle_body_ratio,rsi_14,atr_14,resistance_distance,support_distance,sr_band_width,label,symbol
2022-09-21,125.3,126.25,123.25,124.05,11156865,-0.01742574257425744,-0.01742574257425744,0.01434466000962105,13527010.1,126.7375,126.054,0,-0.41666652777782404,43.780615203029605,2.9925975094947774,1.2301491334139458,-0.007255139056831969,1.222893994357114,0,ONGC
2022-09-22,123.55,124.0,121.4,121.9,11366882,-0.017331721080209528,-0.029844807003581386,0.015676362121404053,13200748.6,126.3875,126.11300000000001,0,-0.6346151405326363,38.91055321297588,2.9681262588165787,1.2694831829368332,0.007793273174733411,1.2772764561115668,0,ONGC
2022-09-23,121.5,122.35,120.85,121.85,10407849,-0.00041017227235451426,-0.020498392282958244,0.01564753218285632,13008799.4,126.00749999999998,126.198,0,0.2333331777778777,38.80245263038174,2.8632600974725375,1.2704144439885103,0.007386130488305224,1.2778005744768157,0,ONGC
2022-09-26,120.65,122.05,116.25,117.0,12848954,-0.03980303652031181,-0.054163298302344454,0.0224862568154671,12943674.6,125.38249999999998,126.179,0,-0.6293102363258226,30.07445199406982,3.073027233367356,1.3645299145299143,-0.00512820512820508,1.3594017094017092,1,ONGC
2022-09-27,117.85,121.25,117.35,117.95,14465123,0.00811965811965809,-0.06574257425742569,0.01844323888349348,13305569.1,124.84,126.12799999999999,0,0.025641019066407516,33.24201569160982,3.157096716698259,1.3454853751589655,0.002967359050445176,1.3484527342094106,0,ONGC
2022-09-28,117.45,117.45,115.15,116.15,15267018,-0.015260703688003363,-0.06368399838774685,0.01834939613726553,13972475.3,124.08000000000001,126.05300000000001,0,-0.5652171455577623,30.429364101809668,3.131589808362669,1.3818338355574684,0.0,1.3818338355574684,1,ONGC
2022-09-29,117.05,121.45,117.05,120.0,20597761,0.03314679294016343,-0.015586546349466768,0.027118293515524458,14951204.1,123.69750000000002,125.991,0,0.6704543930785468,41.77679625758002,3.2864762506224783,1.3054166666666664,-0.00791666666666669,1.2974999999999999,1,ONGC
2022-09-30,118.95,125.45,118.95,120.15,33530494,0.0012499999999999734,-0.013951579811243286,0.02716562685864865,16213295.6,123.415,125.969,0,0.18461535621302255,42.17254624051739,3.5160136612923014,1.3025384935497293,-0.0066583437369953985,1.295880149812734,1,ONGC
2022-10-03,124.8,127.95,123.75,125.45,50966493,0.04411152725759471,0.07222222222222219,0.0241156565670663,19368802.1,123.36749999999999,125.96599999999998,1,0.15476186791384222,54.055570049364306,3.8220126854857086,1.2052610601833398,-0.003188521323236281,1.2020725388601035,0,ONGC
2022-10-04,127.85,127.95,124.9,126.9,14137567,0.011558389796731738,0.07587961000423915,0.023944712125313815,19474500.6,123.45250000000001,125.98100000000001,1,-0.3114753077130104,56.67842315994905,3.7668689222367293,1.1800630417651692,0.008274231678487088,1.1883372734436561,0,ONGC
2022-10-06,129.4,129.45,125.45,125.7,14570735,-0.009456264775413725,0.08222126560482135,0.022189568279531585,19815887.6,123.46,125.985,1,-0.9249997687500617,53.93429713657283,3.7835211420769617,1.2008750994431183,-0.0011933174224342997,1.199681782020684,0,ONGC
2022-10-07,125.15,127.25,124.35,127.05,13532236,0.010739856801909253,0.05875000000000008,0.020051318444523143,20032423.0,123.56500000000001,126.065,1,0.6551721878716551,56.486679441015724,3.7204124890714647,1.1774891774891771,-0.008264462809917333,1.16922471467926,0,ONGC
2022-10-10,126.05,127.0,125.3,126.3,10183057,-0.005903187721369552,0.05118601747815221,0.021200290342422295,20009943.8,123.53,126.162,1,0.1470587370242721,54.67424221457731,3.5796687398520746,1.1904196357878065,0.003562945368171044,1.1939825811559777,0,ONGC
2022-10-11,126.3,126.5,123.4,124.25,13176461,-0.01623119556611241,-0.00956556396970909,0.012443787929183568,20042694.5,123.3925,126.21,1,-0.6612901092612553,49.95598377786856,3.545406687005497,1.2265593561368207,-0.005633802816901431,1.2209255533199195,0,ONGC
2022-10-12,124.25,125.1,122.35,124.5,9401804,0.002012072434607548,-0.01891252955082745,0.010441908021113742,19536362.6,123.2725,126.23200000000001,1,0.09090905785125168,50.516808929362355,3.4885919236479617,1.2220883534136544,-0.003614457831325324,1.2184738955823293,0,ONGC
2022-10-13,124.35,124.95,121.0,123.1,13320136,-0.011244979919678766,-0.020684168655529134,0.010712652114883408,19341674.4,123.11500000000001,126.15100000000001,0,-0.3164556160871856,47.31878560548299,3.521549643387393,1.2473598700243704,-0.01502843216896839,1.232331437855402,0,ONGC
2022-10-14,125.1,125.85,120.4,120.95,13205955,-0.017465475223395588,-0.04801259346713893,0.00801424296910241,18602493.8,122.88,125.94599999999998,0,-0.7614677501894036,42.834114311282335,3.6592960974311497,1.2873088052914425,0.0,1.2873088052914425,0,ONGC
2022-10-17,120.35,121.45,119.4,121.15,9320940,0.0016535758577924664,-0.0407759303246239,0.00949980501347102,16181538.4,122.7175,125.778,0,0.3902437120762441,43.37177243752689,3.544346376186067,1.2835328105654145,0.0016508460586050584,1.2851836566240196,0,ONGC
2022-10-18,121.7,122.35,120.95,121.95,6490293,0.006603384234420195,-0.018511066398390286,0.010171806826932684,11733918.4,122.63,125.646,0,0.17857130102050037,45.57672194753322,3.391178777887062,1.2685526855268552,0.008200082000820008,1.276752767527675,0,ONGC
2022-10-19,121.95,121.95,120.75,121.15,7381712,-0.006560065600656029,-0.026907630522088333,0.009681417296916722,11058332.9,122.375,125.48599999999999,0,-0.6666661111115701,43.742491573807115,3.2346660080379865,1.2835328105654145,0.0016508460586050584,1.2851836566240196,0,ONGC
2022-10-20,120.35,124.15,119.25,122.85,18748363,0.014032191498142721,-0.002030869212022779,0.012152321492776485,11476095.7,122.31499999999998,125.355,1,0.5102039775093917,48.48680027192254,3.3536184360352737,1.2519332519332518,0.015466015466015398,1.2673992673992673,1,ONGC
2022-10-21,122.6,126.4,122.0,124.7,11945173,0.01505901505901508,0.03100454733360891,0.008992613033773833,11317389.4,122.45500000000001,125.26100000000001,1,0.47727261880167887,53.120063271236184,3.4283599763184687,1.218524458700882,-0.002004811547714515,1.2165196471531674,1,ONGC
2022-10-24,126.05,127.0,125.45,125.85,2154912,0.009222133119486609,0.038794882377218176,0.00867635535155368,10514574.9,122.655,125.242,1,-0.12903217481795382,55.78246594284855,3.3477628351528637,1.1982518871672625,0.0,1.1982518871672625,0,ONGC
2022-10-25,125.5,125.95,123.1,123.9,10232002,-0.015494636471990342,0.01599015990159902,0.013592034733605379,10220129.0,123.00000000000003,125.20299999999999,1,-0.5614033117883079,50.54100830777314,3.3122083469276595,1.2328490718321223,-0.008474576271186418,1.2243744955609361,1,ONGC
2022-10-27,123.9,125.3,123.45,124.9,13865026,0.008071025020177647,0.030953363598844374,0.01248112789751389,10666451.2,123.3475,125.06300000000002,1,0.5405402483566242,52.98094383137408,3.2077648935756833,1.2149719775820653,-0.0004003202562049412,1.2145716573258605,1,ONGC
2022-10-28,125.2,128.5,124.9,126.7,22918037,0.014411529223378627,0.031339031339031376,0.012541811627263052,11626241.3,123.875,124.944,1,0.4166665509259587,57.08488012285265,3.2357816868917055,1.1835043409629045,0.006708760852407328,1.1902131018153117,1,ONGC
2022-10-31,127.4,128.1,125.85,127.05,8753855,0.0027624309392264568,0.018845228548516335,0.011549947288183154,11181031.3,124.22749999999999,124.83800000000001,1,-0.1555554864197876,57.85516484694597,3.1653687092565836,1.1774891774891771,-0.008264462809917333,1.16922471467926,1,ONGC
2022-11-01,127.1,128.6,127.1,128.05,11630848,0.007870916961826069,0.017481128327373918,0.011406116084854652,11412022.1,124.62249999999999,124.83,1,0.633332911111404,60.060912050668435,3.0499852300239705,1.1604841858648962,-0.0003904724716906126,1.1600937133932054,1,ONGC
2022-11-02,128.75,131.9,128.25,129.35,21117499,0.0101522842639592,0.04398708635996762,0.004214785365398303,12874742.7,124.8175,124.866,1,0.1643835166072539,62.7875511860174,3.107129142165115,1.1387707769617317,0.009663703131039815,1.1484344800927715,0,ONGC
2022-11-03,129.3,129.55,128.15,129.3,7561534,-0.0003865481252414149,0.03522818254603677,0.005876586363449245,12892724.9,124.9375,124.95200000000001,1,0.0,62.610504395363705,2.9851913462961788,1.1395978344934259,0.009280742459396883,1.1488785769528227,1,ONGC
2022-11-04,129.3,131.2,128.95,130.65,7498344,0.010440835266821269,0.03117600631412798,0.004785174245646683,11767723.0,125.18500000000002,125.03,1,0.5999997333334492,65.4437822248909,2.9326776787035946,1.1174894756984306,-0.014159969383849936,1.1033295063145807,1,ONGC
2022-11-07,131.3,131.7,129.6,131.3,9987481,0.004975124378109541,0.03345139708776079,0.004484347523202753,11571953.8,125.3975,125.07799999999999,1,0.0,66.75023121634902,2.873200701653338,1.1070068545316067,-0.009139375476009052,1.0978674790555976,0,ONGC
2022-11-09,131.65,131.7,129.8,131.4,12033732,0.0007616146230007281,0.026161655603279987,0.005073218523253679,12559835.8,125.6525,125.117,1,-0.13157887811638153,66.95720453557156,2.8036863658209548,1.1054033485540333,-0.008371385083713807,1.0970319634703194,1,ONGC
2022-11-10,130.3,133.5,130.2,132.55,15908521,0.008751902587519123,0.0247390800154621,0.004759650951063876,13127487.7,126.06750000000002,125.178,1,0.6818179752066718,69.32221091161551,2.839137339690887,1.0871369294605806,0.0003772161448510854,1.0875141456054316,0,ONGC
2022-11-11,133.25,133.9,131.9,133.1,18492513,0.004149377593360759,0.029389017788089555,0.0038418790514279538,13590236.4,126.49750000000002,125.264,1,-0.07499996250002158,70.41291573803352,2.7791989582843954,1.0785123966942147,0.004507888805409424,1.0830202854996243,0,ONGC
2022-11-14,133.25,133.6,131.35,131.95,12743505,-0.008640120210368196,0.00995024875621886,0.0065917587411403,12572783.2,126.93999999999998,125.27600000000001,1,-0.5777775209877735,65.19366225124429,2.741399032692653,1.0966275104206138,-0.004168245547555979,1.092459264873058,1,ONGC
2022-11-15,132.7,135.85,132.7,134.9,24636519,0.022356953391436285,0.027418126428027323,0.01139021873624677,14161049.6,127.6375,125.421,1,0.6984124766944559,71.10954211033939,2.824156244643178,1.0507783543365454,0.017790956263899226,1.0685693106004446,0,ONGC
2022-11-16,135.35,135.8,133.8,135.45,11460200,0.004077094143810189,0.030821917808218968,0.011140934873287755,14143984.8,128.3525,125.61400000000002,1,0.049999975000009654,72.06292489972778,2.7652879414543796,1.0424510889627168,0.02177925433739379,1.0642303433001106,0,ONGC
2022-11-17,134.5,136.25,134.3,135.7,13368536,0.0018456995201181492,0.02376461712561273,0.011164097965702068,13369088.5,129.04000000000002,125.8,1,0.615384299802921,72.5070408509538,2.707053088493352,1.0386882829771555,0.023581429624170883,1.0622697126013263,0,ONGC
2022-11-18,135.65,135.75,132.9,134.35,19958908,-0.009948415622697104,0.009391435011269822,0.01298750749743194,14608825.9,129.7,125.98299999999999,1,-0.4561401908280081,66.37120694306151,2.717263582172398,1.0591737997767026,0.013770003721622586,1.0729438034983252,0,ONGC
2022-11-21,128.9,129.25,127.4,128.35,16348881,-0.044659471529586936,-0.027283061765820293,0.024873016739200622,15493879.6,129.975,126.039,0,-0.2972971365961494,47.23802156489222,3.0196018977315116,1.1554343591741332,0.0019477989871445269,1.1573821581612778,0,ONGC
2022-11-22,127.9,128.8,125.95,128.1,11198874,-0.0019477989871444779,-0.05040770941438111,0.020028259003762504,15615018.9,130.14499999999998,126.102,0,0.07017541397353476,46.63478043858288,3.0074874764649757,1.1596409055425447,0.0,1.1596409055425447,1,ONGC
2022-11-23,128.45,129.5,127.5,129.4,9010911,0.010148321623731471,-0.044665928386858456,0.0212513525020165,15312736.8,130.3225,126.15,0,0.47499976250012726,50.19640365492064,2.935524085288906,1.1379443585780522,0.010046367851622962,1.1479907264296751,1,ONGC
2022-11-24,129.4,132.7,128.4,132.15,11803087,0.021251931993817585,-0.026160648489314542,0.025126217282821387,14902193.4,130.73499999999999,126.25299999999999,1,0.6395347349919246,56.76928925622174,3.0329866506254115,1.0934544078698447,-0.0026485054861898924,1.0908059023836547,0,ONGC
2022-11-25,131.7,133.9,130.55,133.2,9789098,0.007945516458569779,-0.008559732043170842,0.02552195485022871,14031851.9,131.15,126.37900000000002,1,0.4477610603698335,58.994537040195354,3.0556304612950247,1.076951951951952,0.005255255255255171,1.082207207207207,1,ONGC
2022-11-28,132.2,133.8,131.75,132.3,8925344,-0.006756756756756577,0.030775223996883705,0.010948003889472977,13650035.8,131.43,126.5,1,0.04878046400954057,56.31860085583893,2.983799714059667,1.091080876795162,-0.001511715797429997,1.0895691609977323,1,ONGC
2022-11-29,132.75,133.7,132.2,132.9,13558920,0.0045351473922901064,0.0374707259953162,0.0101037732935869,12542275.9,131.72250000000003,126.645,1,0.09999993333338157,57.696242686394264,2.877814020198262,1.0816403310759968,0.0030097817908202084,1.084650112866817,1,ONGC
2022-11-30,132.3,134.4,132.3,133.7,17720938,0.0060195635816402415,0.033230293663060184,0.009993660431132522,13168349.7,132.005,126.831,1,0.6666663492064913,59.52900878020964,2.8222558758983856,1.069184741959611,0.008975317875841353,1.0781600598354524,0,ONGC
2022-12-01,134.05,134.55,132.5,132.75,27727625,-0.007105459985041085,0.004540295119182636,0.007276211827114961,14604258.6,132.175,127.012,1,-0.6341460321238888,56.40396547788011,2.7670947419056446,1.0839924670433143,0.0018832391713747645,1.085875706214689,1,ONGC
2022-12-02,134.45,137.25,133.2,133.55,24518337,0.006026365348399398,0.0026276276276278043,0.006851690865780143,15060201.5,132.3875,127.15800000000002,1,-0.22222216735254502,58.38515810207856,2.8908736889123845,1.0715087982029199,0.007862223886185033,1.0793710220891048,1,ONGC
2022-12-05,134.1,136.4,133.25,136.2,18440387,0.019842755522276212,0.029478458049886358,0.009558097476907897,15269352.1,132.665,127.40100000000001,1,0.6666664550265192,64.19039348793436,2.909382711132929,1.0312041116005874,0.027165932452275984,1.0583700440528634,0,ONGC
2022-12-06,135.4,135.65,133.75,135.0,10977472,-0.008810572687224627,0.015801354401805856,0.01165521131770208,15247211.9,132.85,127.663,1,-0.21052620498621027,60.101754280656046,2.8765696603377187,1.0492592592592591,0.018518518518518517,1.0677777777777777,0,ONGC
2022-12-07,133.45,134.35,132.8,133.3,9731670,-0.012592592592592489,-0.0029917726252802757,0.013372974334630408,15319287.8,132.945,127.89200000000001,1,-0.09677413111345019,54.77856665527713,2.828243256027881,1.0753938484621153,0.006001500375093859,1.081395348837209,1,ONGC
2022-12-08,133.85,135.55,133.0,135.2,10150945,0.014253563390847601,0.018455743879472575,0.014136226480789667,15154073.6,133.0775,128.256,1,0.5294115570935024,59.1349494011412,2.808368737740176,1.0462278106508875,0.01997041420118335,1.066198224852071,0,ONGC
2022-12-09,135.05,135.5,132.95,133.35,9438307,-0.013683431952662639,-0.0014975664545116008,0.015969805690010833,15118994.5,133.08999999999997,128.56400000000002,1,-0.6666664052288643,53.70950104043721,2.7899138279015925,1.0746156730408698,0.006374203224596883,1.0809898762654666,0,ONGC
2022-12-12,132.7,135.05,131.9,134.9,8946335,0.011623547056617944,-0.009544787077826578,0.013644997942732398,15121093.6,133.2375,128.939,1,0.6984124766944559,57.248552531317074,2.815634268765765,1.0507783543365454,0.017790956263899226,1.0685693106004446,0,ONGC
2022-12-13,135.6,137.1,135.1,136.8,12593054,0.014084507042253502,0.01333333333333342,0.014534397661198961,15024507.0,133.3325,129.275,1,0.5999997000001585,61.1677255282512,2.7716603924253524,1.0222953216374266,0.03143274853801178,1.0537280701754383,1,ONGC
2022-12-14,136.8,140.85,136.55,139.85,17692988,0.022295321637426868,0.04913728432108022,0.013684706895026643,15021712.0,133.5525,129.669,1,0.7093021606274034,66.47997926824985,2.8808275072521115,0.9781909188416159,0.052556310332499065,1.030747229174115,0,ONGC
2022-12-15,139.9,141.05,139.0,139.7,11426194,-0.0010725777618877386,0.03328402366863914,0.014123303573337968,13391568.9,133.7525,129.954,1,-0.09756092801906728,66.00177035117886,2.821482685305533,0.9803149606299213,0.05153901216893335,1.0318539727988547,1,ONGC
2022-12-16,140.6,142.65,139.35,139.5,20540447,-0.0014316392269146938,0.046119235095613,0.010243618456170474,12993779.9,134.01,130.20600000000002,1,-0.33333323232326006,65.32702008762186,2.8556624934979955,0.9831541218637991,0.05017921146953405,1.0333333333333332,0,ONGC
2022-12-19,139.4,139.8,137.45,138.15,10635055,-0.009677419354838679,0.024091919940696815,0.01299227330352503,12213246.7,134.5,130.455,1,-0.5319146672703492,60.808073783831034,2.8195437439624262,1.0025334781035105,0.040897575099529536,1.04343105320304,0,ONGC
2022-12-20,137.85,138.55,135.6,138.2,6714207,0.00036192544335844623,0.010233918128654818,0.01195948506605086,11786920.2,135.00500000000002,130.678,1,0.11864402757829312,60.91591015252391,2.828862047965111,1.001808972503618,0.041244573082489064,1.043053545586107,0,ONGC
2022-12-21,138.85,139.15,135.25,136.0,10011408,-0.01591895803183785,-0.027529495888451883,0.007009099858782711,11814894.0,135.335,130.87199999999999,1,-0.7307690433925504,53.88983401236852,2.9053719016818893,1.034191176470588,0.025735294117647058,1.0599264705882352,0,ONGC
2022-12-22,137.45,137.6,134.15,134.8,9123323,-0.008823529411764675,-0.035075161059412885,0.006618124518337157,11712131.8,135.4675,131.083,0,-0.768115719386744,50.47034187440034,2.9442739087046106,1.0522997032640946,0.01706231454005943,1.069362017804154,0,ONGC
2022-12-23,133.25,136.0,132.0,132.5,8007752,-0.017062314540059464,-0.05017921146953408,0.0069555190043266,11569076.3,135.4325,131.243,0,-0.18749995312501172,44.625543245649375,3.0196829152257094,1.0879245283018866,0.0,1.0879245283018866,1,ONGC
2022-12-26,133.15,135.4,132.2,133.9,7150680,0.010566037735849187,-0.030763662685486803,0.01165640148281518,11389510.8,135.5125,131.459,0,0.23437492675783414,48.532605844280425,3.0325627069953027,1.0660941000746824,0.010455563853622148,1.0765496639283045,1,ONGC
2022-12-27,134.65,137.75,134.65,137.25,8765357,0.025018670649738617,-0.006874095513748069,0.018386323689126495,11006741.1,135.73,131.785,1,0.8387094068679329,56.45074416062717,3.0909510850670663,1.0156648451730417,0.03460837887067395,1.0502732240437156,1,ONGC
2022-12-28,135.95,137.1,135.25,136.35,9534858,-0.006557377049180357,0.0025735294117645857,0.016937958026480796,10190928.1,135.8625,132.089,1,0.21621609934265276,54.045109403562435,3.0130260075622757,1.028969563623029,0.028236156949028195,1.057205720572057,0,ONGC
2022-12-29,135.3,138.35,135.05,137.1,36752195,0.005500550055005604,0.017062314540059242,0.01613182918614877,12723528.2,136.07999999999998,132.392,1,0.545454380165337,55.737870841467874,3.0335241498792547,1.0178701677607584,0.03355215171407728,1.0514223194748358,1,ONGC
2022-12-30,137.8,141.0,137.0,139.1,9644998,0.01458789204959876,0.04981132075471684,0.01163147705041375,11633983.3,136.35750000000002,132.751,1,0.32499991875001605,59.972151876737065,3.1025581391735932,0.9888569374550682,0.04744787922358012,1.0363048166786484,0,ONGC
2023-01-02,139.6,142.9,139.55,142.6,9631496,0.025161754133716796,0.06497386109036585,0.0135395605891704,11533627.4,136.6775,133.14600000000002,1,0.895522120739667,66.08641127070888,3.152375414946909,0.9400420757363253,0.07082748948106588,1.0108695652173911,0,ONGC
2023-01-03,141.85,142.7,140.25,141.7,14991139,-0.006311360448807868,0.032422586520947094,0.013686646840018007,12361320.6,137.0125,133.486,1,-0.0612244648063435,63.404402587821885,3.1022057424507,0.952364149611856,0.06492589978828503,1.0172900494001411,0,ONGC
2023-01-04,141.05,141.05,137.45,138.6,13535874,-0.02187720536344384,0.01650165016501659,0.018278416610266735,12713767.2,137.27749999999997,133.741,1,-0.6805553665123986,55.10838668918472,3.1841910465613643,0.9960317460317459,0.044011544011543974,1.0400432900432899,0,ONGC
2023-01-05,138.2,139.35,136.6,138.85,16320559,0.0018037518037516964,0.012764405543399082,0.01824757260242286,13433490.8,137.45999999999998,134.04,1,0.23636355041325646,55.61278205137547,3.15317740037841,0.99243788260713,0.045732805185451884,1.0381706877925818,1,ONGC
2023-01-06,139.05,140.35,138.65,139.65,16804116,0.005761613251710651,0.003953989935298496,0.017203846014739465,14313127.2,137.775,134.335,1,0.35294096885825266,57.26740777439945,3.049379014637094,0.9810239885427853,0.051199427139276804,1.032223415682062,0,ONGC
2023-01-09,141.5,142.35,140.05,140.4,18660445,0.005370569280343629,-0.015427769985974726,0.011588890737087562,15464103.7,138.05,134.609,1,-0.47826066162580033,58.817338253113306,3.0244233707344432,0.9704415954415953,0.05626780626780631,1.0267094017094016,1,ONGC
2023-01-10,140.85,142.45,140.85,141.55,18490715,0.008190883190883236,-0.0010585744530696717,0.01235802156300388,16436639.5,138.2875,134.899,1,0.43749972656268316,61.14450087316819,2.954821701396267,0.9544330625220767,0.06393500529848117,1.0183680678205578,0,ONGC
2023-01-11,141.7,142.15,138.6,139.15,12538238,-0.01695513952666905,0.003968253968253954,0.010202689186865564,16736977.5,138.2525,135.12099999999998,1,-0.718309656814174,54.254121417047045,2.9973344370108204,0.9881422924901183,0.047790154509522134,1.0359324469996405,0,ONGC
2023-01-12,139.95,140.5,138.1,138.5,13270422,-0.004671218109953301,-0.0025207057976233127,0.010456645893588364,14388800.2,138.19250000000002,135.304,1,-0.6041664149306543,52.52764571851014,2.9546676915100476,0.9974729241877255,0.04332129963898917,1.0407942238267147,1,ONGC
2023-01-13,138.75,139.75,138.25,139.3,8854484,0.005776173285198638,-0.0025062656641603454,0.010458813698718315,14309748.8,138.1825,135.504,1,0.36666642222239276,54.44891302823638,2.850762856402187,0.9860014357501792,0.04881550610193834,1.0348169418521176,1,ONGC
2023-01-16,139.95,140.05,138.35,139.85,9696320,0.003948312993538927,-0.0039173789173789775,0.01027845646396785,14316231.2,138.26749999999998,135.68800000000002,1,-0.058823494809705,55.77411164634451,2.7685655095163177,0.9781909188416159,0.052556310332499065,1.030747229174115,1,ONGC
2023-01-17,140.55,141.2,139.0,140.1,18484595,0.001787629603146268,-0.010243730130696016,0.00923290894922271,14665576.8,138.3625,135.864,1,-0.20454536157029898,56.39509446176414,2.7279536874080086,0.9746609564596715,0.054246966452533865,1.0289079229122053,1,ONGC
2023-01-18,140.5,141.9,140.45,141.45,12139643,0.009635974304068373,0.016528925619834656,0.005303861556717202,14525953.7,138.635,136.06499999999997,1,0.6551719619503555,59.686854341587356,2.66167128116458,0.9558147755390597,0.06327324142806638,1.0190880169671261,0,ONGC
2023-01-19,140.3,144.15,140.3,143.8,18437610,0.01661364439731372,0.03826714801444053,0.0058271870168051555,14737658.8,139.085,136.29,1,0.9090906729634629,64.68461566556354,2.7465519039385384,0.9238525730180803,0.07858136300417254,1.002433936022253,0,ONGC
2023-01-20,144.05,144.5,142.65,143.7,17512691,-0.0006954102920724292,0.03158650394831275,0.0069339538057442435,14808516.3,139.645,136.50199999999998,1,-0.18918908692483075,64.31920073840907,2.6825124822286424,0.9251913709116214,0.07794015309672922,1.0031315240083507,0,ONGC
2023-01-23,144.55,145.1,143.45,144.35,16742252,0.004523312456506723,0.03217733285663216,0.006890703678121105,14616697.0,140.1675,136.75,1,-0.12121204775028402,65.67649782408697,2.6087615906408823,0.916522341531001,0.0820921371666089,0.9986144786976099,0,ONGC
2023-01-24,144.35,145.2,143.7,144.2,8276792,-0.0010391409767925852,0.02926481084939314,0.007453915827542683,13595304.7,140.51500000000001,136.93599999999998,1,-0.09999993333338157,65.06142505548183,2.5295643341665337,0.9185159500693482,0.08113730929264902,0.9996532593619971,0,ONGC
2023-01-25,143.35,145.4,143.25,144.45,9827342,0.0017337031900139799,0.021208907741251393,0.007274882354807339,13324215.1,140.92000000000002,137.11599999999999,1,0.5116276690103825,65.6390096735837,2.5024525960117816,0.9151955694011769,0.08272758740048453,0.9979231568016614,0,ONGC
2023-01-27,144.45,146.05,138.95,139.9,13052535,-0.031498788508134146,-0.02712100139082063,0.014761933787074275,13302426.4,141.06,137.2,0,-0.6408449801626744,49.57569088950558,2.830848839153799,0.9774839170836309,0.052894924946390316,1.0303788420300213,0,ONGC
2023-01-30,139.75,141.05,135.75,137.35,12688399,-0.018227305218012968,-0.04418928322894922,0.01543338845308957,13685817.9,140.9725,137.26,0,-0.45283010323960327,43.195608056754416,3.0072167792142426,1.0141973061521659,0.03531124863487437,1.0495085547870402,0,ONGC
2023-01-31,137.6,140.15,136.7,137.35,19050398,0.0,-0.04849324558365087,0.014557435017980291,14621225.7,140.70999999999998,137.44,0,-0.072463747111957,43.195608056754416,3.0388441521275125,1.0141973061521659,0.03531124863487437,1.0495085547870402,0,ONGC
2023-02-01,138.15,138.35,134.9,136.7,11526089,-0.004732435384055322,-0.052011095700416066,0.014087481594870452,13925375.1,140.45999999999998,137.612,0,-0.420289733249359,41.612453175272435,3.0682124269755464,1.0237746891002195,0.030724213606437373,1.054498902706657,0,ONGC
2023-02-02,135.55,137.45,133.3,135.95,11886667,-0.00548646671543529,-0.05884389061959161,0.012827948878985489,13900077.5,140.32750000000001,137.743,0,0.09638551894324349,39.79986955425991,3.145482967905863,1.0349393159249725,0.025376976829716725,1.0603162927546892,0,ONGC
2023-02-03,136.0,137.75,132.8,136.75,9250428,0.005884516366311265,-0.022516082916368862,0.00891001501604239,12981359.3,140.2225,137.835,0,0.15151512090603653,42.66854302741915,3.2743770416268716,1.023034734917733,0.031078610603290677,1.0541133455210236,1,ONGC
2023-02-06,134.3,136.65,134.2,136.0,6436143,-0.005484460694698323,-0.009828904259191806,0.004947781185189599,11873704.5,140.04000000000002,137.891,0,0.6938772678051873,40.70996716892169,3.22263582436781,1.034191176470588,0.025735294117647058,1.0599264705882352,1,ONGC
2023-02-07,136.35,137.4,134.75,137.1,8681511,0.008088235294117618,-0.0018201674554059188,0.006745825576878359,11067630.4,139.875,137.987,0,0.2830187611249952,44.71801002426664,3.1817332654843957,1.0178701677607584,0.03355215171407728,1.0514223194748358,1,ONGC
2023-02-08,137.75,138.25,135.65,136.35,10325869,-0.005470459518599591,-0.002560351133869765,0.006872677871410798,11272538.1,139.61499999999998,138.056,0,-0.5384613313610297,42.603316961844754,3.140180889378367,1.028969563623029,0.028236156949028195,1.057205720572057,1,ONGC
2023-02-09,137.1,138.75,135.7,138.55,8078404,0.016134946828016306,0.019124678190511446,0.009314277286862425,11097644.3,139.58499999999998,138.153,0,0.4754096801935513,50.063194962459164,3.1337393972799132,0.9967520750631538,0.043666546373150567,1.0404186214363043,1,ONGC
2023-02-10,138.5,139.35,137.25,139.05,6396208,0.0036088054853844476,0.016819012797075095,0.009244156154535952,10432011.6,139.61249999999998,138.279,0,0.2619046371882741,51.60275825509448,3.0599008689027762,0.9895720963682125,0.047105357784969513,1.036677454153182,1,ONGC
2023-02-13,139.7,141.05,138.95,140.4,6563018,0.009708737864077666,0.032352941176470695,0.008019736014141788,9819473.5,139.6675,138.416,1,0.3333331746032547,55.58438817725383,2.991336521124008,0.9704415954415953,0.05626780626780631,1.0267094017094016,0,ONGC
2023-02-14,140.9,141.4,139.35,140.7,6991500,0.002136752136751907,0.026258205689277947,0.008149740044644256,8613583.7,139.71,138.506,1,-0.09756092801906728,56.441979900678234,2.92409819818658,0.9662402274342573,0.05828002842928209,1.0245202558635393,0,ONGC
2023-02-15,141.2,141.6,137.85,139.75,12631259,-0.006751954513148473,0.024935826916024917,0.008578986004569758,8724100.7,139.6925,138.601,1,-0.38666656355558,52.95507913823394,2.9830911840303957,0.9796064400715562,0.0518783542039356,1.031484794275492,1,ONGC
2023-02-16,142.15,148.25,140.65,147.75,30949761,0.057245080500894385,0.06640202093107184,0.02532106054812531,10630410.1,140.0075,138.89,1,0.7368420083102618,69.84799475773683,3.3771560994567964,0.8724196277495768,0.10321489001692047,0.9756345177664973,0,ONGC
2023-02-17,147.4,150.5,146.3,148.4,19874561,0.004399323181049075,0.06724199928083419,0.025248648337279397,11692823.4,140.23749999999998,139.154,1,0.23809518140590982,70.7664981520814,3.4359306637813103,0.8642183288409702,0.10714285714285718,0.9713611859838273,0,ONGC
2023-02-20,149.0,149.55,146.3,146.75,8348393,-0.011118598382749312,0.045227920227920215,0.02760694850620334,11884048.4,140.39,139.422,1,-0.6923074792900064,65.32637887463133,3.4226499020826453,0.8851788756388415,0.09710391822827939,0.9822827938671208,0,ONGC
2023-02-21,146.8,147.75,145.45,146.0,7599927,-0.005110732538330498,0.03766879886282881,0.028252069173339694,11775890.0,140.4725,139.644,1,-0.34782593572785725,62.95725114126685,3.342460623362457,0.89486301369863,0.09246575342465753,0.9873287671232875,0,ONGC
2023-02-22,146.15,146.4,143.75,145.6,9599697,-0.002739726027397249,0.041860465116279055,0.02779102893930567,11703272.8,140.54250000000002,139.82,1,-0.20754709149166742,61.67262795218984,3.292999150265139,0.9000686813186812,0.08997252747252743,0.9900412087912087,0,ONGC
2023-02-23,145.7,148.0,145.25,146.55,18675946,0.006524725274725363,-0.008121827411167404,0.007180365029245525,12763027.0,140.64749999999998,139.954,1,0.309090796694264,63.57367828741267,3.254213496674772,0.887751620607301,0.09587171613783699,0.9836233367451379,0,ONGC
2023-02-24,143.8,147.25,141.9,146.9,14648507,0.0023882633913339113,-0.010107816711590334,0.006806244483144138,13588256.9,140.9975,140.09799999999998,1,0.579439144030066,64.27669448899316,3.4039125326265736,0.8832539142273653,0.09802586793737239,0.9812797821647378,0,ONGC
2023-02-27,145.9,147.85,145.0,147.15,11904749,0.0017018379850237686,0.002725724020443021,0.004562604356767571,14122430.0,141.4875,140.25099999999998,1,0.43859633733461934,64.79928100166282,3.364347351724675,0.8800543662928981,0.09955827387020051,0.9796126401630987,0,ONGC
2023-02-28,146.05,147.35,143.3,144.1,17607584,-0.020727149167516168,-0.013013698630137016,0.010668386422362166,15184038.4,141.825,140.37,1,-0.48148136259720065,54.352739951006306,3.413322540887197,0.9198473282442747,0.08049965301873695,1.0003469812630117,1,ONGC
2023-03-01,144.05,147.0,143.9,146.7,7707977,0.018043025676613533,0.007554945054945028,0.014086858877343079,14691710.2,142.325,140.54,1,0.85483843392308,60.23756424640611,3.390942359395254,0.8858214042263122,0.09679618268575317,0.9826175869120654,0,ONGC
2023-03-02,146.4,146.95,144.65,145.95,8219892,-0.005112474437627856,-0.004094165813715578,0.014028144159779314,12418723.3,142.825,140.739,1,-0.19565208884692675,57.91800752021846,3.3130179051527344,0.8955121616992121,0.09215484755053094,0.9876670092497429,1,ONGC
2023-03-03,145.9,147.6,145.45,146.15,8260104,0.0013703323055842542,-0.005105513955071528,0.013978670384809535,11257277.6,143.29500000000002,140.966,1,0.11627901568417844,58.37827583399307,3.2299451976418254,0.8929182346903863,0.09339719466301748,0.9863154293534039,1,ONGC
2023-03-06,146.6,151.35,145.55,149.9,14491522,0.025658569962367483,0.01868841318382608,0.01849031232940246,11871590.5,143.98999999999998,141.314,1,0.5689654191438969,65.90763292517723,3.4135205406674083,0.845563709139426,0.11607738492328222,0.9616410940627083,0,ONGC
2023-03-08,148.35,150.55,148.2,149.95,7339476,0.00033355570380244615,0.04059680777238017,0.013108529043526908,11845545.4,144.6325,141.635,1,0.6808507741060446,65.99595957774277,3.337554787762595,0.8449483161053685,0.11637212404134704,0.9613204401467155,0,ONGC
2023-03-09,150.75,150.8,147.85,148.1,5314022,-0.012337445815271741,0.009543285616905317,0.014309521007563424,11416977.9,145.22,141.852,1,-0.8983047802356644,59.820477075318784,3.309872302922411,0.8679945982444294,0.10533423362592839,0.9733288318703578,0,ONGC
2023-03-10,147.5,148.5,146.1,147.65,4689681,-0.0030384875084401575,0.01164782459746494,0.014080668516667295,10018351.4,145.675,142.078,1,0.0624999739583464,58.3892391603132,3.2448814241422395,0.8736877751439213,0.10260751777853035,0.9762952929224515,0,ONGC
2023-03-13,148.0,149.75,147.1,147.65,8785721,0.0,0.010263427984946949,0.014118938872437852,9432072.8,146.10500000000002,142.289,1,-0.13207542185832893,58.3892391603132,3.2023898938463655,0.8736877751439213,0.10260751777853035,0.9762952929224515,0,ONGC
2023-03-14,147.65,148.65,145.05,145.3,7177342,-0.01591601760921091,-0.03068712474983315,0.00746979592250485,8959332.1,146.35,142.413,0,-0.6527775964506671,50.99915096183977,3.230790615714482,0.9039917412250513,0.08809359944941507,0.9920853406744664,0,ONGC
2023-03-15,145.9,146.35,143.85,144.55,9832270,-0.005161734342739144,-0.03601200400133364,0.006626346269061779,8181800.7,146.5425,142.452,0,-0.5399997840000841,48.87314172220875,3.1785912860205903,0.913870632998962,0.08336215842269118,0.9972327914216532,0,ONGC
2023-03-16,143.3,145.4,140.25,144.25,18551936,-0.0020754064337600298,-0.025995948683322,0.006251047376981181,9266196.6,146.76749999999998,142.503,0,0.18446598359883573,48.010982516020675,3.319406194161977,0.917850953206239,0.08145580589254767,0.9993067590987866,0,ONGC
2023-03-17,145.5,146.8,144.0,145.15,16593429,0.006239168110918625,-0.016931933626820217,0.008154462507427658,10103550.3,146.6375,142.634,0,-0.12499995535715626,50.81423722975527,3.2823057517218364,0.9059593523940749,0.08715122287289015,0.993110575266965,0,ONGC
2023-03-20,145.0,146.05,143.7,144.3,8749355,-0.005856011023079533,-0.02268879105993904,0.007965486831084796,10152475.4,146.4325,142.74300000000002,0,-0.2978722136713907,48.172375326641124,3.215712483741707,0.9171864171864169,0.08177408177408185,0.9989604989604988,0,ONGC
2023-03-21,145.15,145.75,143.05,143.65,6148489,-0.0045045045045045695,-0.011355815554026205,0.004966346925389135,9318172.1,146.2775,142.82299999999998,0,-0.5555553497943172,46.19452107775308,3.178875877760156,0.925861468847894,0.07761921336581974,1.0034806822137137,0,ONGC
2023-03-22,144.4,144.8,142.95,143.65,4329409,0.0,-0.006226219301279867,0.0047470518445287485,9017165.4,146.16000000000003,142.888,0,-0.4054051862674619,46.19452107775308,3.0839561722058604,0.925861468847894,0.07761921336581974,1.0034806822137137,0,ONGC
2023-03-23,143.2,145.15,142.45,144.8,4484564,0.00800556909154193,0.003812824956672456,0.0062165574381117614,8934219.6,146.12,142.953,0,0.5925923731139405,50.37521800773076,3.056530731334014,0.9105662983425411,0.08494475138121554,0.9955110497237567,0,ONGC
2023-03-24,144.7,145.2,141.05,141.6,8301726,-0.02209944751381232,-0.024457457802273597,0.011039187766065408,9295424.1,145.8725,143.002,0,-0.7469877718101782,40.861090662933776,3.1346356790958687,0.9537429378531073,0.0642655367231638,1.018008474576271,1,ONGC
2023-03-27,141.7,144.45,141.45,142.4,7437261,0.005649717514124353,-0.013167013167013186,0.011949382813789466,9160578.1,145.6475,143.08,0,0.23333325555558715,43.722697633131716,3.125018844874735,0.9427668539325841,0.06952247191011239,1.0122893258426964,0,ONGC
2023-03-28,142.4,142.4,139.0,139.5,8964539,-0.020365168539325906,-0.028889662373825287,0.014432070380554864,9339297.8,145.26500000000001,143.084,0,-0.8529409256056103,36.775791954283214,3.144660355955111,0.9831541218637991,0.05017921146953405,1.0333333333333332,0,ONGC
2023-03-29,139.55,142.95,138.85,141.55,24012834,0.01469534050179222,-0.01461886529759826,0.017140932079321207,10757354.2,145.1375,143.118,0,0.48780475907201065,43.59792354624071,3.2128989019583174,0.9544330625220767,0.06393500529848117,1.0183680678205578,1,ONGC
2023-03-31,142.25,145.0,142.2,143.15,7998472,0.0113034263511127,-0.01139502762430944,0.017715584359884188,9702007.8,144.96,143.179,0,0.32142845663269476,48.287989224162345,3.22983469467558,0.9325881942018859,0.0743974851554314,1.0069856793573173,1,ONGC
2023-04-03,146.4,149.6,145.1,145.65,20016785,0.017464198393293717,0.028601694915254328,0.015248722799846499,10044343.4,144.945,143.263,1,-0.16666662962963785,54.635515676001546,3.459846502198752,0.8994164092001371,0.09028492962581534,0.9897013388259525,0,ONGC
2023-04-05,148.55,149.15,144.55,144.9,15880397,-0.005149330587023715,0.01755617977528079,0.016012065085252908,10757447.6,144.8825,143.285,1,-0.7934780883743308,52.55148537967592,3.5412860377559836,0.9092477570738438,0.085576259489303,0.9948240165631468,0,ONGC
2023-04-06,145.2,145.45,142.55,142.7,10670936,-0.015182884748102254,0.022939068100358284,0.014131064908012624,11209692.3,144.5225,143.265,0,-0.8620686682521901,46.90017052276132,3.4954798922019834,0.9386825508058865,0.07147862648913798,1.0101611772950245,0,ONGC
2023-04-10,142.8,149.25,142.15,148.95,17431401,0.04379817799579544,0.052278346873895876,0.022706893956872462,12519891.5,144.4725,143.357,1,0.866197061099003,60.045517138079006,3.752945614187556,0.8573346760657938,0.11043974488083243,0.9677744209466264,0,ONGC
2023-04-11,148.9,150.95,148.2,150.75,13305621,0.012084592145015227,0.053091163115613016,0.022716947264112986,13401997.2,144.605,143.488,1,0.6727270280992604,62.89452764759292,3.681306641745588,0.8351575456053066,0.12106135986733002,0.9562189054726367,0,ONGC
2023-04-12,150.7,150.75,148.4,149.4,7333339,-0.008955223880596996,0.025746652935118464,0.023770186511573626,13305158.5,144.6925,143.58700000000002,1,-0.5531912539611625,59.469465028969445,3.5862133101923312,0.8517402945113787,0.1131191432396252,0.9648594377510038,1,ONGC
2023-04-13,149.85,152.1,149.75,150.45,11610851,0.007028112449799062,0.038302277432712195,0.023042149159503623,13722517.5,144.8325,143.798,1,0.25531904028976826,61.23756540476812,3.522912359464307,0.8388168826852775,0.1193087404453306,0.9581256231306081,0,ONGC
2023-04-17,150.8,152.05,149.75,151.8,9358885,0.00897308075772707,0.06377014716187812,0.019251097958988828,13761952.1,145.1575,144.08700000000002,1,0.43478241965981534,63.44554016148017,3.4355614766454288,0.8224637681159418,0.12714097496706198,0.9496047430830037,0,ONGC
2023-04-18,151.8,152.15,151.05,151.75,8008560,-0.00032938076416344497,0.018798254447801366,0.008449194598320676,12161524.7,145.51749999999998,144.375,1,-0.04545450413227954,63.301720094098,3.268735656885041,0.8230642504118615,0.12685337726523888,0.9499176276771003,0,ONGC
2023-04-19,150.0,152.05,149.8,151.75,11374283,0.0,0.0066334991708125735,0.007092118106511505,12499105.8,145.89249999999998,144.67600000000002,1,0.777777432098919,63.301720094098,3.195968824250395,0.8230642504118615,0.12685337726523888,0.9499176276771003,0,ONGC
2023-04-20,151.25,151.75,150.2,150.8,5733670,-0.006260296540362309,0.009370816599732379,0.006154165683386743,11070794.3,146.175,144.973,1,-0.29032239334038196,60.29018470680627,3.078399622518225,0.8345490716180368,0.12135278514588867,0.9559018567639255,1,ONGC
2023-04-21,150.6,151.5,150.4,151.25,3512214,0.002984084880636617,0.005317381189764214,0.005544338533987444,9833976.0,146.5225,145.263,1,0.5909085537195049,61.231055587694335,2.937085363766923,0.829090909090909,0.12396694214876033,0.9530578512396692,0,ONGC
2023-04-24,151.25,152.35,150.95,151.9,7028440,0.004297520661157073,0.0006587615283266679,0.004079751767322489,9469726.4,146.935,145.58100000000002,1,0.4642853826533003,62.60916240431626,2.827293552069286,0.8212639894667543,0.12771560236998028,0.9489795918367345,0,ONGC
2023-04-25,151.85,153.35,151.65,152.25,10169778,0.0023041474654377225,0.0032948929159801743,0.004173191901322759,8743564.1,147.365,145.884,1,0.23529397923884068,63.36432841209007,2.746772584064336,0.8170771756978652,0.1297208538587849,0.94679802955665,0,ONGC
2023-04-26,151.65,153.15,151.4,152.7,9177783,0.002955665024630516,0.00626029654036242,0.004263780981221366,8330780.3,147.76,146.21099999999998,1,0.5999996571430434,64.36095495678447,2.675574542345455,0.8117223313686968,0.1322855271774721,0.9440078585461689,0,ONGC
2023-04-27,151.85,152.45,151.25,151.7,6456825,-0.006548788474132317,0.005968169761273012,0.004390979570776801,8243128.9,148.265,146.47400000000002,1,-0.12499989583342606,60.42698202897063,2.588033503606493,0.8236651285431773,0.12656558998022407,0.9502307185234014,0,ONGC
2023-04-28,151.45,151.45,146.75,150.65,12656744,-0.006921555702043447,-0.003966942148760255,0.0054828361245007435,8347718.2,148.67749999999998,146.70600000000002,1,-0.17021272974196916,56.52047446998136,2.7567453962060284,0.8363757052771322,0.1204779289744441,0.9568536342515763,0,ONGC
2023-05-02,151.15,156.15,151.0,155.7,16612560,0.033521407235313605,0.02501645819618159,0.016586110709852848,9073085.7,149.4875,147.012,1,0.8834949740786415,67.42729850254162,2.9526921536198834,0.7768143866409762,0.149004495825305,0.9258188824662812,0,ONGC
2023-05-03,154.35,154.8,152.45,152.7,8029435,-0.019267822736030782,0.002955665024630516,0.01994785936470512,9075173.2,150.04500000000002,147.25199999999998,1,-0.7021273607968633,58.10280650545237,2.97392842836132,0.8117223313686968,0.1322855271774721,0.9440078585461689,0,ONGC
2023-05-04,152.4,152.75,150.85,152.55,9929482,-0.0009823182711197198,-0.0009823182711197198,0.01991660941662861,8930693.1,150.51500000000001,147.50799999999998,1,0.07894732686983072,57.67334990087758,2.89721925490694,0.8135037692559813,0.1314323172730253,0.9449360865290066,1,ONGC
2023-05-05,152.6,153.5,151.35,151.9,5488707,-0.0042608980662078855,0.0013183915622940745,0.019755310952862672,8906196.8,150.8275,147.591,1,-0.3255812439156943,55.75036158626126,2.843846450985016,0.8212639894667543,0.12771560236998028,0.9489795918367345,1,ONGC
2023-05-08,151.9,156.7,151.65,156.35,9699470,0.029295589203423233,0.03783604381015593,0.022797018502313623,9524922.4,151.4,147.75,1,0.8811879443192197,64.48176705402463,3.001428847343228,0.7694275663575311,0.15254237288135591,0.921969939238887,0,ONGC
2023-05-09,156.35,157.8,155.8,156.6,7600834,0.001598976654940909,0.005780346820809301,0.0176281563470155,9582161.8,152.095,147.947,1,0.12499993750003124,64.90078870999162,2.92989821539014,0.7666028097062579,0.15389527458492971,0.9204980842911876,1,ONGC
2023-05-10,156.6,158.9,156.35,158.2,10901429,0.010217113665389466,0.036018336607727575,0.013481362653821867,9655326.9,152.5575,148.191,1,0.6274507343330403,67.540135615841,2.9027626285765598,0.7487357774968394,0.1624525916561314,0.9111883691529709,0,ONGC
2023-05-11,157.4,159.85,157.4,158.3,7877677,0.0006321112515803584,0.0376925598164537,0.013254612900481843,9525316.3,152.935,148.445,1,0.3673467888380494,67.70359804956036,2.8704224408210903,0.747631080227416,0.16298168035375873,0.9106127605811748,0,ONGC
2023-05-12,159.35,160.15,156.35,156.85,16373574,-0.009159823120657107,0.03258722843976303,0.014466656657484438,10516991.2,153.3075,148.65099999999998,1,-0.6578945637119549,62.76776343630735,2.936820837905299,0.7637870576984379,0.15524386356391454,0.9190309212623524,0,ONGC
2023-05-15,156.85,157.9,155.8,156.95,8559162,0.0006375518010837133,0.0038375439718578708,0.006866075095359339,10107233.0,153.6325,148.852,1,0.04761902494331888,62.96827502281117,2.8770479209120627,0.7626632685568653,0.1557820962089837,0.9184453647658489,0,ONGC
2023-05-16,159.5,159.7,158.0,159.2,12249266,0.014335775724753086,0.016602809706258048,0.009207102749025177,9670903.6,154.0025,149.09300000000002,1,-0.17647048442913468,67.24285626596412,2.867973069418344,0.737751256281407,0.16771356783919592,0.9054648241206029,0,ONGC
2023-05-17,159.2,159.2,157.4,158.5,7360259,-0.0043969849246230375,0.0018963337547408532,0.008785171612120267,9603986.0,154.34,149.381,1,-0.3888886728396236,64.73913082155394,2.791689278745604,0.7454258675078863,0.1640378548895899,0.9094637223974762,0,ONGC
2023-05-18,158.75,159.65,157.35,157.65,7433090,-0.005362776025236604,-0.004106127605811749,0.009148791621194282,9354346.8,154.635,149.6,1,-0.47826066162579445,61.73329287787285,2.7565686159780616,0.7548366634950838,0.1595306057722804,0.9143672692673642,0,ONGC
2023-05-19,157.5,158.0,155.45,156.25,5969632,-0.008880431335236305,-0.003825310806502946,0.009085519554777917,9402439.3,154.90749999999997,149.806,1,-0.4901958861976895,57.03606083363578,2.7418137148367725,0.7705599999999998,0.152,0.9225599999999998,0,ONGC
2023-05-22,155.55,157.7,155.55,156.95,7331865,0.0044799999999998175,0.0,0.009387939118166775,9165678.8,155.1925,150.022,1,0.6511624878313973,58.72705727797155,2.6995413066341443,0.7626632685568653,0.1557820962089837,0.9184453647658489,0,ONGC
2023-05-23,156.95,158.3,155.85,156.35,10119254,-0.003822873526600823,-0.01790201005025127,0.004923452412354601,9417520.8,155.415,150.151,1,-0.24489785922535953,56.66824724841302,2.6817169275888495,0.7694275663575311,0.15254237288135591,0.921969939238887,1,ONGC
2023-05-24,156.35,157.75,156.0,157.55,6107980,0.007675087943716186,-0.005993690851734956,0.006968235013717178,8938175.9,155.68,150.303,1,0.6857138938777847,59.71043030853828,2.6151657184753603,0.7559504919073308,0.15899714376388455,0.9149476356712153,0,ONGC
2023-05-25,157.55,158.65,156.6,157.35,8077606,-0.001269438273564072,-0.0019029495718364542,0.006584157066307461,8958168.8,155.9125,150.488,1,-0.09756092801906728,58.96736963675082,2.574796738584264,0.7581823959326341,0.15792818557356209,0.9161105815061963,0,ONGC
2023-05-26,157.35,158.65,153.85,155.2,14873707,-0.013663806800127132,-0.006720000000000059,0.008264201498026598,8808182.1,156.0875,150.639,0,-0.447916573350714,51.5418444061669,2.733739828685389,0.7825386597938144,0.14626288659793807,0.9288015463917525,0,ONGC
2023-05-29,151.65,151.9,148.3,150.7,43253971,-0.02899484536082475,-0.039821599235425276,0.013976035887649632,12277663.0,156.09,150.7,0,-0.2638888155864453,40.146614587111685,3.031329840922145,0.8357664233576643,0.12076974120769735,0.9565361645653616,0,ONGC
2023-05-30,151.35,153.25,149.05,150.55,16117505,-0.0009953550099534025,-0.03709625839462738,0.014242733467794774,12664486.9,155.83249999999998,150.805,0,-0.1904761451247238,39.83050160103966,3.114806280856277,0.8375954832281631,0.1198937230156095,0.9574892062437727,0,ONGC
2023-05-31,150.7,151.05,142.2,146.8,83741017,-0.024908668216539365,-0.06823230720406215,0.012991726324322737,20302562.7,155.5375,150.85,0,-0.4406779163075764,32.86368524221922,3.5244629750808305,0.8845367847411442,0.09741144414168944,0.9819482288828335,0,ONGC
2023-06-01,146.6,147.8,145.2,145.65,13982606,-0.0078337874659401,-0.07435653002859854,0.011650294807928915,20957514.3,155.1925,150.87800000000001,0,-0.36538447485211745,31.0689655158598,3.4584299054322014,0.8994164092001371,0.09028492962581534,0.9897013388259525,1,ONGC
2023-06-02,146.9,146.9,145.4,146.6,9851058,0.006522485410229928,-0.05541237113402053,0.015281753226152946,21345656.9,154.9275,150.90699999999998,0,-0.19999986666676314,34.26272719104004,3.318542055044187,0.8871077762619372,0.09618008185538877,0.9832878581173259,0,ONGC
2023-06-05,147.4,147.8,146.35,147.3,11850547,0.004774897680764001,-0.022561380225613603,0.012722309298829575,21797525.1,154.475,150.96699999999998,0,-0.0689654696789817,36.593917600387975,3.185074765398175,0.878139850644942,0.10047522063815349,0.9786150712830954,0,ONGC
2023-06-06,147.4,147.75,145.2,145.65,8118800,-0.011201629327902252,-0.03254732646961145,0.012840049771405048,21597479.7,153.92749999999998,151.007,0,-0.6862742406767652,33.57180051417062,3.139712282155449,0.8994164092001371,0.09028492962581534,0.9897013388259525,0,ONGC
2023-06-07,145.6,146.4,144.55,145.8,12180164,0.001029866117404854,-0.006811989100817484,0.007814216390633283,22204698.1,153.3075,151.05,0,0.10810804967133406,34.104582573395675,3.0475899762872025,0.8974622770919064,0.0912208504801098,0.9886831275720163,1,ONGC
2023-06-08,146.4,148.45,146.1,147.9,13850599,0.014403292181069949,0.015447991761071034,0.009368897898072426,22781997.4,152.7875,151.112,0,0.6382976007244268,41.213265835402666,3.0191906922666862,0.87052062204192,0.10412440838404331,0.9746450304259633,0,ONGC
2023-06-09,148.5,148.7,145.75,146.15,11764248,-0.011832319134550406,-0.0030695770804910483,0.01112652506143591,22471051.5,152.2525,151.203,0,-0.7966098994542725,37.57544336228144,3.0142484999619223,0.8929182346903863,0.09339719466301748,0.9863154293534039,0,ONGC
2023-06-12,146.75,147.15,144.6,146.95,11017643,0.00547382825863818,-0.002376103190767309,0.011214429633181637,19247418.7,151.7525,151.29399999999998,0,0.07843134179162586,40.17514063846657,2.981087892821786,0.882613133718952,0.09833276624702272,0.9809458999659747,1,ONGC
2023-06-13,147.1,148.0,146.15,147.55,10073644,0.004083021435862699,0.013044970820460078,0.009493789161955452,18643032.6,151.17000000000002,151.455,0,0.2432431117604901,42.12196615080266,2.900295900477372,0.874957641477465,0.10199932226363952,0.9769569637411045,1,ONGC
2023-06-14,147.9,150.1,147.7,149.6,9695952,0.013893595391392566,0.026063100137174056,0.010626636511394946,11238526.1,150.725,151.616,0,0.708333038194561,48.31110065526613,2.8752747647289874,0.8492647058823528,0.11430481283422457,0.9635695187165775,0,ONGC
2023-06-15,149.25,149.65,148.0,149.4,7426254,-0.0013368983957218195,0.010141987829614507,0.009490998342676379,10582890.9,150.31250000000003,151.74099999999999,0,0.0909090358127087,47.77435101052431,2.7877551386769173,0.8517402945113787,0.1131191432396252,0.9648594377510038,0,ONGC
2023-06-16,149.95,150.35,148.15,148.8,11466647,-0.004016064257028051,0.018132056106739736,0.006929613050235534,10744449.8,149.94,151.804,0,-0.5227270351240673,46.11892436438851,2.7457726287714226,0.8592069892473115,0.10954301075268824,0.9687499999999998,1,ONGC
2023-06-19,149.65,150.15,148.3,149.55,4718221,0.00504032258064524,0.01769309288873777,0.006903273917826283,10031217.2,149.57,151.89700000000002,0,-0.054054024835659346,48.52022471454505,2.6817888695734635,0.8498829822801736,0.11400869274490144,0.963891675025075,0,ONGC
2023-06-20,149.3,149.55,148.35,149.05,6059738,-0.0033433634236041954,0.0101660454083361,0.007526110141891516,9825311.0,149.20499999999998,152.024,0,-0.20833315972236396,47.015877126031775,2.5759468074610745,0.8560885608856086,0.11103656491110372,0.9671251257967123,1,ONGC
2023-06-21,148.8,152.15,148.4,151.85,8284206,0.01878564240187841,0.015040106951871746,0.009508130282833663,9435715.2,148.92000000000002,152.082,1,0.8133331164444977,55.36229231696295,2.6598077497852834,0.8218636812644056,0.1274283832729667,0.9492920645373722,0,ONGC
2023-06-22,151.85,152.5,149.25,150.65,10629027,-0.007902535396773103,0.008366800535475338,0.010646521770491111,9113558.0,148.58499999999998,152.08,1,-0.3692306556213332,51.610005407335684,2.701964339086335,0.8363757052771322,0.1204779289744441,0.9568536342515763,0,ONGC
2023-06-23,150.7,150.7,147.3,148.7,8722650,-0.012943909724527192,-0.0006720430107528541,0.012444393108714593,8809398.2,148.26000000000002,152.066,1,-0.5882351211073212,46.13763650846154,2.751824029151595,0.8604572965702757,0.10894418291862804,0.9694014794889038,1,ONGC
2023-06-26,148.8,149.95,147.7,148.7,4273205,0.0,-0.005683717820127221,0.01212675040712909,8134954.4,148.16,152.031,1,-0.0444444246913769,46.13763650846154,2.715979455640767,0.8604572965702757,0.10894418291862804,0.9694014794889038,1,ONGC
2023-06-27,150.55,150.55,149.15,149.6,9730174,0.0060524546065905405,0.0036900369003689537,0.012413105724519398,8100607.4,148.1125,151.987,1,-0.6785709438779067,49.030507304813355,2.6541237802378563,0.8492647058823528,0.11430481283422457,0.9635695187165775,0,ONGC
2023-06-28,149.6,151.8,148.35,150.25,40243993,0.004344919786096302,-0.0105367138623641,0.008118940564323933,11155411.5,148.285,151.957,1,0.18840574249108985,51.0742971398704,2.7109720816494396,0.8412645590682195,0.11813643926788686,0.9594009983361064,1,ONGC
2023-06-30,152.55,152.55,150.65,151.9,7840112,0.010981697171380977,0.008297378028542912,0.009075001589272975,11196797.3,148.5975,151.96,1,-0.3421050831025898,55.907609267290916,2.681616932960195,0.8212639894667543,0.12771560236998028,0.9489795918367345,1,ONGC
2023-07-03,151.9,154.7,151.65,154.35,9548822,0.016129032258064502,0.03799596503026237,0.006222586250741731,11005014.8,148.98499999999999,152.031,1,0.8032784251546154,61.922682718881404,2.7079300091773226,0.7923550372529964,0.1415613864593456,0.933916423712342,0,ONGC
2023-07-04,154.0,154.35,151.65,152.75,5394282,-0.010366051182377656,0.02723604572965721,0.009954530399193655,11072620.9,149.2575,152.061,1,-0.4629627914952643,56.50170727364161,2.7073635799503704,0.8111292962356791,0.132569558101473,0.9436988543371521,1,ONGC
2023-07-05,153.55,155.8,152.9,154.25,8795342,0.009819967266775809,0.03108288770053469,0.010154164307356663,11346181.3,149.6875,152.108,1,0.24137922711060694,60.03413177669958,2.7318376099539163,0.7935170178282008,0.14100486223662884,0.9345218800648297,1,ONGC
2023-07-06,154.25,157.15,154.05,156.75,9845699,0.01620745542949753,0.043261231281197965,0.010970656501088468,11502330.6,150.23499999999999,152.198,1,0.8064513527576296,65.1184209839809,2.7581349235286363,0.7649122807017542,0.1547049441786284,0.9196172248803827,0,ONGC
2023-07-07,156.85,157.35,154.25,154.95,7597171,-0.011483253588516873,0.02007899934167212,0.013929313609979645,11199145.0,150.5875,152.24300000000002,1,-0.6129030280958003,59.27178346401433,2.7825538575623048,0.7854146498870603,0.1448854469183607,0.930300096805421,0,ONGC
2023-07-10,155.35,156.75,154.0,154.2,5437687,-0.004840271055179035,-0.0009718172983479434,0.012467698597252214,10870648.7,150.98999999999998,152.293,1,-0.4181816661157598,56.97632121590441,2.78022858202214,0.7940985732814526,0.1407263294422827,0.9348249027237353,1,ONGC
2023-07-11,154.7,156.45,154.35,155.95,6343183,0.011348897535667923,0.02094926350245485,0.01177455031354157,11077646.5,151.44,152.399,1,0.5952378117915198,60.791891993281915,2.742355111877701,0.7739660147483167,0.1503687079192048,0.9243347226675216,1,ONGC
2023-07-12,157.3,160.15,156.6,158.9,15614026,0.018916319333119658,0.030145867098865464,0.01344251966609069,11666031.7,152.0075,152.46300000000002,1,0.4507040983932087,66.22896315101627,2.8464726038864376,0.7410320956576462,0.16614222781623667,0.9071743234738827,1,ONGC
2023-07-13,159.85,160.45,158.45,159.0,11350009,0.0006293266205159576,0.014354066985645897,0.012245928743963389,8776633.3,152.4775,152.58900000000003,1,-0.42499978750010337,66.39906271112417,2.7860102750374063,0.7399371069182389,0.16666666666666666,0.9066037735849055,1,ONGC
2023-07-14,160.15,160.85,159.4,160.4,9448062,0.008805031446540879,0.035172636334301455,0.009286323998711741,8937428.3,153.02749999999997,152.746,1,0.17241367419746742,68.77062637897035,2.7191523982490198,0.7247506234413963,0.17394014962593518,0.8986907730673315,0,ONGC
2023-07-17,159.0,159.6,157.45,157.7,4968847,-0.016832917705735806,0.022697795071335847,0.013631943726682264,8479430.8,153.4725,152.862,1,-0.6046508815577332,59.97840312967908,2.735641512659805,0.75428027901078,0.15979708306911852,0.9140773620798984,0,ONGC
2023-07-18,157.7,159.35,157.35,158.15,4322257,0.0028535193405201387,0.01410708560436058,0.01309517780307961,8372228.3,153.90249999999997,152.89800000000002,1,0.22499988750006475,60.87618404123611,2.6830956903269616,0.7492886500158076,0.16218779639582678,0.9114764464116344,0,ONGC
2023-07-19,158.45,159.15,157.4,158.0,5968174,-0.000948466645589674,-0.005663939584644506,0.009543036560160685,8089511.5,154.35,152.92600000000002,1,-0.25714271020415913,60.38988480883987,2.61644599816075,0.7509493670886075,0.16139240506329114,0.9123417721518986,0,ONGC
2023-07-20,158.25,159.3,157.35,158.45,5217131,0.0028481012658228,-0.0034591194968554007,0.009693873907812301,7626654.7,154.68,152.931,1,0.10256404996714714,61.38644131653586,2.568842712577841,0.7459766487851057,0.1637740612180498,0.9097507100031554,1,ONGC
2023-07-21,158.6,162.1,157.8,161.65,7842863,0.020195645313979327,0.007793017456359186,0.013183242619255636,7651223.9,155.23000000000002,152.998,1,0.7093021606274099,67.62431935822842,2.692496804536565,0.7114135477884316,0.18032786885245905,0.8917414166408907,0,ONGC
2023-07-24,162.65,163.25,161.35,162.1,8451631,0.00278379214351987,0.027901077996195456,0.008350869796268704,7952618.3,155.9,153.103,1,-0.289473531856041,68.39747347753261,2.635889889926811,0.7066625539790252,0.1826033312769895,0.8892658852560147,1,ONGC
2023-07-25,163.0,164.25,162.3,163.95,10480578,0.011412708204811883,0.03667404362946569,0.00853604275260853,8366357.8,156.6625,153.243,1,0.4871792373439779,71.4192647443354,2.601183469217754,0.6874046965538274,0.1918267764562366,0.879231473010064,0,ONGC
2023-07-26,164.75,165.2,163.0,163.9,9103949,-0.0003049710277522877,0.03734177215189871,0.008384886163437844,7715350.1,157.3775,153.337,1,-0.3863634607438809,71.22105089570128,2.5725275071307707,0.6879194630872482,0.19158023184868825,0.8794996949359364,0,ONGC
2023-07-27,164.35,164.55,161.8,162.1,7731146,-0.010982306284319732,0.023035657936257614,0.011830052485815092,7353463.8,157.97,153.409,1,-0.8181815206612651,64.30223360239805,2.5852041137642874,0.7066625539790252,0.1826033312769895,0.8892658852560147,0,ONGC
2023-07-28,161.8,165.8,160.05,162.8,9004252,0.0043183220234424,0.007114135477884309,0.008168596720015976,7309082.8,158.51500000000001,153.512,1,0.17391301323251943,65.69781597551423,2.811260962781124,0.6993243243243241,0.18611793611793617,0.8854422604422603,0,ONGC
2023-07-31,163.8,168.2,162.4,167.8,9277749,0.03071253071253066,0.03516347933374475,0.01553760405732124,7739973.0,159.1875,153.74300000000002,1,0.6896550535077514,73.62843353772908,3.024742322582471,0.6486889153754467,0.21036948748510137,0.8590584028605481,0,ONGC
2023-08-01,166.15,167.75,165.2,167.45,5584773,-0.0020858164481526442,0.021347971942665467,0.015757144665212393,7866224.6,159.9225,153.953,1,0.5098037216455904,72.36715941884552,2.9944035852551534,0.6521349656613914,0.20871902060316508,0.8608539862645566,0,ONGC
2023-08-02,167.75,169.3,164.9,166.75,8975495,-0.004180352343983174,0.017388651616839557,0.016133055229241168,8166956.7,160.5475,154.161,1,-0.22727267561984615,69.79211364501758,3.0948033291655,0.6590704647676161,0.20539730134932535,0.8644677661169414,0,ONGC
2023-08-03,166.1,166.6,162.5,163.1,6152393,-0.02188905547226394,0.0061690314620603814,0.01906180290485099,8260482.9,160.865,154.272,1,-0.731707138608016,58.16917735446315,3.17731737708225,0.6961986511342734,0.18761496014714896,0.8838136112814223,1,ONGC
2023-08-04,164.25,165.35,163.1,164.25,4605271,0.007050889025137952,0.008906633906633932,0.019205909378401734,7936723.7,161.32999999999998,154.41,1,0.0,60.406472895833964,3.111080421576375,0.6843226788432266,0.1933028919330289,0.8776255707762556,0,ONGC
2023-08-07,165.2,165.4,163.1,163.9,2240015,-0.002130898021308947,-0.023241954707985735,0.010573992563484246,7315562.1,161.815,154.584,1,-0.5652171455577526,59.365790768384365,3.0531461057494917,0.6879194630872482,0.19158023184868825,0.8794996949359364,1,ONGC
2023-08-08,163.9,164.7,163.6,164.25,3631238,0.002135448444173349,-0.01911018214392346,0.010989947668730309,6630628.1,162.23000000000002,154.855,1,0.3181815289258793,60.10595379600752,2.913635669624528,0.6843226788432266,0.1933028919330289,0.8776255707762556,1,ONGC
2023-08-09,164.25,168.0,164.2,167.65,4852294,0.02070015220700161,0.005397301349325367,0.015488380354187727,6205462.6,162.66750000000002,155.197,1,0.8947366066482602,66.4913526263021,2.976947407508491,0.650164032209961,0.20966298836862513,0.8598270205785862,0,ONGC
2023-08-10,168.75,170.35,167.65,169.3,10430692,0.009841932597673742,0.038013488657265615,0.008681317226432284,6475417.2,163.1825,155.64700000000002,1,0.20370362825792052,69.07800000619892,2.9571654498293123,0.6340815121086826,0.21736562315416424,0.8514471352628469,0,ONGC
2023-08-11,169.55,170.3,167.45,167.95,4112277,-0.007974010632014306,0.022526636225266294,0.01113711109779484,5986219.7,163.56,156.093,1,-0.5614033117883152,64.67877073855813,2.949510774841506,0.6472164334623399,0.2110747246204227,0.8582911580827627,1,ONGC
2023-08-14,170.55,171.0,168.1,168.7,12876956,0.004465614766299586,0.029286150091519136,0.010527095092820592,6346140.4,164.11,156.535,1,-0.6379308145066223,65.97518785195095,2.956688576638542,0.6398933017190278,0.21458209839952574,0.8544754001185536,0,ONGC
2023-08-16,167.1,170.1,166.6,169.7,8371665,0.005927682276229973,0.03318112633181114,0.010328764666472314,6624829.6,164.6875,156.983,1,0.7428569306123038,67.67861039333783,2.995496535450075,0.6302298173246906,0.2192103712433706,0.8494401885680612,0,ONGC
2023-08-17,169.35,169.75,167.85,168.45,5199363,-0.007365939893930418,0.004771846107962885,0.008139286427956234,6247216.4,165.21,157.439,1,-0.4736839612189694,63.40546156880822,2.9172467829179274,0.6423271000296824,0.21341644404867907,0.8557435440783615,0,ONGC
2023-08-18,168.35,168.35,165.05,166.15,6734650,-0.013653903235381293,-0.018606024808033084,0.008516953387225972,6305442.1,165.59499999999997,157.846,1,-0.6666664646465258,56.35479804108883,2.951729155566645,0.6650616912428526,0.20252783629250679,0.8675895275353595,0,ONGC
2023-08-21,166.15,167.1,165.2,166.85,3599820,0.004213060487511244,-0.006549568323905852,0.00873625485628843,6204897.0,165.85500000000002,158.225,1,0.3684208587258568,57.88958373771345,2.876605644454742,0.6580761162721006,0.2058735391069823,0.8639496553790829,0,ONGC
2023-08-22,166.85,168.6,166.4,166.95,5348036,0.0005993407252022909,-0.010373443983402453,0.00825829821412451,6515699.1,166.0975,158.641,1,0.04545452479339547,58.11617554833173,2.828276669850831,0.6570829589697514,0.20634920634920628,0.8634321653189577,0,ONGC
2023-08-23,167.75,167.95,165.85,166.3,6379611,-0.0038933812518716637,-0.020035356511490687,0.006948831398531576,6790536.4,166.215,159.02800000000002,1,-0.6904758616781576,56.006614787731344,2.7762569077186283,0.6635598316295849,0.20324714371617564,0.8668069753457605,0,ONGC
2023-08-24,166.3,167.45,163.8,164.05,7976333,-0.013529765484064926,-0.026120510537251285,0.008136104385409513,7102940.3,166.2225,159.358,0,-0.6164381872772128,49.33130451716316,2.838667128595868,0.6863761048460832,0.1923194148125572,0.8786955196586405,1,ONGC
2023-08-25,164.05,166.1,163.85,165.55,4757915,0.009143553794574766,-0.0036111947035810665,0.008624418123852994,6535662.6,166.395,159.677,0,0.666666370370502,53.3252959630097,2.796619476553306,0.6710963455149499,0.19963757173059504,0.8707339172455449,1,ONGC
2023-08-28,165.95,166.6,165.45,166.05,4354221,0.0030202355783750523,-0.004794725801618105,0.008469879409728716,6559857.0,166.55749999999998,160.01,0,0.0869564461248488,54.60967764506385,2.6790037996566416,0.6660644384221618,0.20204757603131593,0.8681120144534776,0,ONGC
2023-08-29,166.4,166.9,165.8,166.5,4596468,0.0027100271002709064,-0.0026954177897573484,0.008616608968960882,5731808.2,166.4925,160.364,1,0.09090900826453326,55.78883478279197,2.566217813966881,0.6615615615615614,0.2042042042042042,0.8657657657657656,0,ONGC
2023-08-30,166.5,167.65,165.85,166.55,5937955,0.00030030030030037125,0.0015033072760071153,0.008406464802741037,5488437.2,166.4475,160.704,1,0.027777762345693728,55.925839223052094,2.5114879701121042,0.6610627439207443,0.20444311017712405,0.8655058540978683,0,ONGC
2023-08-31,166.6,166.8,164.0,165.05,15823452,-0.009006304413089139,0.0060957025297165846,0.006589119125806149,6550846.1,166.3625,161.024,0,-0.5535712308674092,50.83625645335504,2.5320959722469545,0.6761587397758253,0.19721296576794917,0.8733717055437744,1,ONGC
2023-09-01,165.3,175.1,165.3,172.25,22460960,0.043623144501666156,0.0404711567502265,0.020434078339083332,8123477.1,166.82,161.43200000000002,1,0.7091836011037143,66.56507114463543,3.0690891170864565,0.6060957910014513,0.23076923076923078,0.836865021770682,0,ONGC
2023-09-04,174.25,174.8,172.25,173.4,10998180,0.006676342525399059,0.0442637759710931,0.020270298666667876,8863313.1,167.2775,161.887,1,-0.3333332026144266,68.30903143224917,3.0320113230088532,0.5954440599769317,0.23587081891580164,0.8313148788927334,1,ONGC
2023-09-05,173.9,176.3,172.85,173.55,13506519,0.0008650519031141446,0.042342342342342354,0.0204264464861638,9679161.4,167.76,162.384,1,-0.10144924595673815,68.53953593548108,3.061867657079651,0.5940651109190432,0.23653125900316915,0.8305963699222124,0,ONGC
2023-09-06,175.25,176.95,172.8,173.5,11954407,-0.0002881014116969949,0.041729210447313037,0.0204870417146837,10236641.0,168.2225,162.88,1,-0.42168664537671424,68.36104505839242,3.1395913958596746,0.5945244956772333,0.23631123919308358,0.8308357348703169,0,ONGC
2023-09-07,175.3,175.5,171.55,172.25,11137801,-0.007204610951008661,0.043623144501666156,0.020117432333399896,10552787.8,168.45250000000001,163.333,1,-0.7721517032527384,63.882071037253745,3.19747772472684,0.6060957910014513,0.23076923076923078,0.836865021770682,1,ONGC
2023-09-08,172.95,175.25,172.45,174.8,9737214,0.014804063860667682,0.014804063860667682,0.008251526830983928,11050717.7,168.72750000000002,163.82399999999998,1,0.6607140497449876,68.42675712963674,3.1833721729606372,0.5826659038901599,0.24199084668192225,0.8246567505720822,0,ONGC
2023-09-11,175.75,176.25,172.75,173.8,10845871,-0.005720823798627039,0.0023068050749712743,0.008709476070102739,11699882.7,169.02,164.262,1,-0.5571426979592259,64.97400658193808,3.2059884463205917,0.5917721518987339,0.23762945914844655,0.8294016110471805,0,ONGC
2023-09-12,175.2,175.25,170.75,171.45,15524470,-0.013521288837744616,-0.012100259291270676,0.010703202706081024,12792682.9,169.1575,164.60399999999998,1,-0.8333331481481893,57.616379761908675,3.298417843011978,0.6135899679206765,0.22717993584135313,0.8407699037620296,1,ONGC
2023-09-13,172.35,175.05,171.45,174.3,10578786,0.016622922134733376,0.004610951008645614,0.013765725008891064,13256766.0,169.3875,165.035,1,0.5416665162037468,63.077162066402394,3.3199594256539813,0.5872059667240388,0.23981640849110733,0.8270223752151461,0,ONGC
2023-09-14,175.1,179.0,174.55,178.1,17746404,0.021801491681009644,0.03396226415094339,0.015454169030127154,13449061.2,169.87,165.512,1,0.6741571518747991,68.84158224476771,3.4185337523929817,0.5533408197641774,0.25603593486805165,0.809376754632229,0,ONGC
2023-09-15,181.7,181.7,175.9,176.9,19924829,-0.006737787759685476,0.012013729977116583,0.01566528213620182,13195448.1,170.4075,165.915,1,-0.8275860642092987,65.370805150747,3.5886384843649104,0.5638778971170151,0.2509892594686264,0.8148671565856415,0,ONGC
2023-09-18,176.1,177.7,175.4,176.95,5022956,0.0002826455624644897,0.018124280782508606,0.01509854206803454,12597925.7,170.9125,166.355,1,0.36956505671084516,65.44896978894809,3.496592878338844,0.5634359988697372,0.25120090421022884,0.8146369030799661,0,ONGC
2023-09-20,176.7,179.6,176.45,178.4,12687099,0.008194405199208887,0.04053659959171774,0.011636455019550452,12515983.7,171.485,166.83900000000003,1,0.5396823683548081,67.72421115398993,3.471836244171784,0.5507286995515693,0.2572869955156951,0.8080156950672645,0,ONGC
2023-09-21,178.5,178.55,176.35,176.9,7814108,-0.00840807174887892,0.014916810097532984,0.012377671837545673,12101953.8,172.015,167.25799999999998,1,-0.7272723966943568,63.09537369755356,3.380990798159515,0.5638778971170151,0.2509892594686264,0.8148671565856415,0,ONGC
2023-09-22,176.85,177.9,175.3,175.4,7814821,-0.00847936687394013,-0.015160022459292488,0.00723408316869924,11769655.8,172.5825,167.58800000000002,1,-0.5576920931953456,58.76958517374555,3.3252057411481206,0.5772519954389964,0.24458380843785635,0.8218358038768527,1,ONGC
2023-09-25,176.3,176.9,175.55,175.8,5540062,0.0022805017103764147,-0.006218202374222659,0.007202587823253577,11349940.6,173.095,167.924,1,-0.37037009602215265,59.56569173028531,3.1948339024946835,0.5736632536973831,0.2463026166097839,0.819965870307167,0,ONGC
2023-09-26,176.3,178.35,175.55,177.95,12446655,0.012229806598407222,0.005651313930488788,0.009457065212759335,11510019.0,173.69,168.275,1,0.5892855038266012,63.63061713329612,3.166631480887919,0.5546501826355718,0.2554088227030064,0.8100590053385782,0,ONGC
2023-09-27,179.4,179.4,176.55,177.45,5630907,-0.002809778027535792,-0.005325112107623431,0.008658496398594482,10520662.7,174.2375,168.67,1,-0.6842102862420122,62.06788080716108,3.1440149465387814,0.5590307128768667,0.2533107917723302,0.8123415046491969,1,ONGC
2023-09-28,179.0,179.6,176.75,177.65,14890642,0.0011270780501551059,0.00423968343697001,0.007616630436240036,10951848.3,174.7925,169.06,1,-0.4736840443213869,62.4649817138474,3.123013878928868,0.5572755417956654,0.2541514213340839,0.8114269631297494,1,ONGC
2023-09-29,178.6,182.2,178.35,181.8,10085766,0.023360540388404294,0.03648802736602064,0.010579844524679098,10185784.5,175.63,169.53600000000003,1,0.8311686152808848,69.5810588784208,3.224941459005376,0.5217271727172715,0.2711771177117712,0.7929042904290428,0,ONGC
2023-10-03,179.4,179.4,174.05,174.95,22118500,-0.03767876787678781,-0.004835039817975062,0.023028750793092814,10405151.6,175.765,169.86599999999999,0,-0.8317755454625189,52.04263830796905,3.548159926219278,0.5813089454129751,0.24264075450128603,0.8239496999142611,0,ONGC
2023-10-04,174.8,174.95,172.55,173.2,9360058,-0.010002857959417022,-0.026692891261590357,0.02201923789277679,10838861.8,175.755,170.097,0,-0.6666663888890204,48.667652102097705,3.4661485029178993,0.5972863741339491,0.2349884526558891,0.8322748267898382,0,ONGC
2023-10-05,171.8,174.35,171.55,172.65,11128340,-0.003175519630484902,-0.02704987320371921,0.02200991482278314,10682985.9,175.71,170.308,0,0.30357132015309973,47.62237114940067,3.418566466995191,0.6023747465971617,0.23255140457573129,0.8349261511728929,0,ONGC
2023-10-06,173.9,173.9,171.15,172.0,5759904,-0.003764842166232296,-0.03180410920349008,0.021761571105984517,10477565.5,175.63500000000002,170.46899999999997,0,-0.6909088396695149,46.35522506376648,3.370811719352677,0.6084302325581394,0.22965116279069767,0.8380813953488371,1,ONGC
2023-10-09,173.35,175.05,171.8,172.2,14622727,0.0011627906976743319,-0.05280528052805289,0.015602721015448273,11158356.1,175.6325,170.635,0,-0.3538460449704494,46.82407305799757,3.3621823108274858,0.6065621370499419,0.23054587688734024,0.8371080139372822,1,ONGC
2023-10-10,172.75,174.85,172.5,173.9,11819690,0.009872241579558683,-0.0060017147756500355,0.007350969816478376,11786318.9,175.5875,170.87099999999998,0,0.48936149388872957,50.76318393271657,3.31131214576838,0.5908568142610694,0.2380678550891317,0.8289246693502011,1,ONGC
2023-10-11,174.75,175.05,173.2,173.65,8499601,-0.0014376078205865506,0.002598152424942324,0.005561607621049296,11391613.5,175.58,171.088,0,-0.5945942731922744,50.17455388666839,3.206932706784926,0.5931471350417504,0.23697091851425284,0.8301180535560033,1,ONGC
2023-10-12,173.65,175.2,173.45,174.8,8677885,0.0066225165562914245,0.012452939472922031,0.005654330572144019,11696311.3,175.7475,171.22800000000004,0,0.6571424816328709,52.8811931195923,3.102866084871717,0.5826659038901599,0.24199084668192225,0.8246567505720822,0,ONGC
2023-10-13,174.85,176.5,174.4,175.25,7435899,0.0025743707093821566,0.018895348837209225,0.0044922108065547205,10950837.0,175.79500000000002,171.38400000000001,0,0.19047609977328903,53.93568478859397,3.0312327930951652,0.5786019971469328,0.24393723252496433,0.8225392296718972,1,ONGC
2023-10-16,178.15,178.4,176.5,176.8,12376549,0.00884450784593449,0.02671312427410011,0.004691542342990597,11179915.3,175.73,171.585,1,-0.7105259418284465,57.466566573457776,3.0397161650169395,0.5647624434389138,0.25056561085972856,0.8153280542986423,0,ONGC
2023-10-17,177.2,177.25,175.85,176.5,4381065,-0.0016968325791856254,0.014951121334100037,0.004722629733949281,9406171.8,175.71,171.85299999999998,1,-0.49999964285738785,56.56286672317483,2.9225935818014444,0.5674220963172804,0.24929178470254956,0.8167138810198299,0,ONGC
2023-10-18,178.2,178.25,176.35,177.15,10181113,0.0036827195467421525,0.020155485171321708,0.004029072092012385,9488277.3,175.72,172.111,1,-0.5526312880887851,58.100301303973964,2.8495511831013416,0.5616709003669205,0.25204628845611066,0.8137171888230311,0,ONGC
2023-10-19,176.3,176.9,175.35,176.55,9148124,-0.003386960203217604,0.010011441647597152,0.004813901286418839,9290255.7,175.6275,172.364,1,0.1612902185224385,56.125522469551456,2.7745832414512464,0.5669781931464172,0.24950438969130562,0.8164825828377228,0,ONGC
2023-10-20,177.2,177.5,175.45,176.45,7912216,-0.0005664117813651837,0.006847360912981326,0.004924444542913527,9505486.9,175.60500000000002,172.608,1,-0.36585348007147106,55.785198533688586,2.722827295633301,0.5678662510626239,0.24907905922357604,0.8169453102862,0,ONGC
2023-10-23,176.25,176.25,174.55,175.2,4723090,-0.007084159818645519,-0.009049773755656187,0.003938046827929892,8515523.2,175.595,172.75900000000001,0,-0.6176466955019547,51.575327523315686,2.664053917373778,0.579052511415525,0.24372146118721455,0.8227739726027397,0,ONGC
2023-10-25,175.2,176.15,173.45,174.7,6812004,-0.0028538812785388057,-0.010198300283286166,0.003963622677989794,8014754.6,175.54,172.86699999999996,0,-0.18518511659810377,49.95148871249034,2.6666214947042235,0.5835718374356038,0.24155695477962216,0.8251287922152261,0,ONGC
2023-10-26,173.9,174.5,170.45,171.45,8474867,-0.018603319977103627,-0.0321761219305674,0.007159334104325017,8012281.2,175.215,172.937,0,-0.6049381222375032,40.93063832223092,2.7797199593682076,0.6135899679206765,0.22717993584135313,0.8407699037620296,1,ONGC
2023-10-27,171.55,176.1,170.85,175.1,6422123,0.021289005540974015,-0.008212970829793331,0.01454071376879486,7786705.0,175.0975,173.065,1,0.6761903473923115,51.51972104360329,2.9561685336990497,0.579954311821816,0.24328954882924042,0.8232438606510565,1,ONGC
2023-10-30,175.3,179.3,174.95,178.9,7352638,0.021701884637350233,0.013884953244545306,0.017936340543219863,7778378.9,175.16000000000003,173.24900000000002,1,0.827586016646887,59.63302403242776,3.0557279241491195,0.5463946338736723,0.25936277249860257,0.8057574063722749,0,ONGC
2023-10-31,179.3,179.9,174.55,176.4,9404675,-0.013974287311347089,0.006849315068493178,0.019119842452114788,7481191.5,174.89000000000001,173.408,1,-0.5420559734474832,53.31185408186777,3.2196045009956107,0.5683106575963717,0.24886621315192747,0.8171768707482991,1,ONGC
2023-11-01,176.4,178.9,175.35,176.9,9167869,0.0028344671201814275,0.012593016599885543,0.018963724591682052,7959871.9,174.9875,173.623,1,0.1408450307478782,54.35399884279686,3.243204179495925,0.5638778971170151,0.2509892594686264,0.8148671565856415,1,ONGC
2023-11-02,177.2,177.85,176.05,176.45,11471209,-0.0025438100621820725,0.029163021289005497,0.01550964487200124,8088881.5,175.15,173.815,1,-0.41666643518531776,53.20297444800132,3.140118166674786,0.5678662510626239,0.24907905922357604,0.8169453102862,1,ONGC
2023-11-03,176.9,180.65,176.1,180.1,7464912,0.02068574667044487,0.02855511136493427,0.015361265053437656,7920560.3,175.52249999999998,174.078,1,0.703296548726029,60.50807736723087,3.240824011912302,0.5360910605219322,0.2642976124375347,0.8003886729594668,1,ONGC
2023-11-06,180.25,184.05,179.65,183.2,8962124,0.01721265963353691,0.024035774175517055,0.014288899279556701,8025551.1,176.08249999999998,174.416,1,0.6704543930785436,65.44217762499298,3.3236222967757096,0.5100982532751092,0.27674672489082963,0.7868449781659388,1,ONGC
2023-11-07,183.3,187.65,182.3,183.1,13921916,-0.0005458515283842669,0.03798185941043086,0.010672120395250534,8945433.7,176.6275,174.797,1,-0.037383170582588165,65.15936452517505,3.46836356129173,0.5109229929000545,0.2763517203713817,0.7872747132714363,0,ONGC
2023-11-08,183.55,186.3,182.25,185.1,10186886,0.010922992900054718,0.04635387224420562,0.010392041418346288,9282921.9,177.1875,175.188,1,0.3827159548849441,68.12618024274133,3.509909021199465,0.49459751485683406,0.284170718530524,0.7787682333873581,0,ONGC
2023-11-09,186.25,186.45,182.15,182.6,5303833,-0.013506212857914646,0.03485406630773591,0.014003766919914867,8965818.5,177.635,175.519,1,-0.848837011898374,61.11998206052181,3.5663440911137876,0.5150602409638554,0.27437020810514784,0.7894304490690032,1,ONGC
2023-11-10,182.6,186.25,182.6,185.65,6025889,0.016703176341730686,0.030816213214880595,0.013112344294322505,8926195.1,178.1775,175.90200000000002,1,0.8356162094202184,65.74803562128267,3.572319513177089,0.49016967411796375,0.28629140856450314,0.7764610826824668,1,ONGC
2023-11-12,188.4,188.4,185.65,186.5,2988611,0.004578507945057764,0.01801310043668125,0.011576731815991895,8489792.4,178.74,176.301,1,-0.6909088396695149,66.92948901708937,3.513582405093011,0.4833780160857908,0.289544235924933,0.7729222520107237,0,ONGC
2023-11-13,185.65,186.95,183.95,185.55,11181086,-0.005093833780160817,0.013380666302567068,0.01215132032610107,8667433.5,179.17749999999998,176.71099999999998,1,-0.03333332222222403,64.26157493559742,3.4768979475863673,0.4909727836162757,0.2859067636755592,0.776879547291835,1,ONGC
2023-11-15,188.15,192.4,187.3,189.05,19769385,0.01886284020479656,0.02133981631550519,0.013886122556753665,9727585.1,179.805,177.047,1,0.17647055363322608,69.14193768993098,3.717833808473055,0.46336947897381625,0.29912721502248085,0.7624966939962972,0,ONGC
2023-11-16,191.9,192.75,190.5,191.25,18629240,0.011637133033588931,0.047371303395399744,0.00976197989792375,10443388.2,180.51,177.40400000000002,1,-0.28888876049388673,71.7530611332119,3.716559965010693,0.44653594771241817,0.30718954248366015,0.7537254901960783,0,ONGC
2023-11-17,190.35,190.7,185.3,186.1,13199928,-0.02692810457516348,0.00242391597091296,0.01775805316338841,11016889.8,180.9875,177.655,1,-0.7870368912894679,59.137874135454055,3.8760913960813568,0.4865663621708758,0.28801719505642126,0.7745835572272971,1,ONGC
2023-11-20,187.65,188.15,186.65,187.5,6423265,0.007522837184309461,0.00536193029490617,0.01797004834865382,10763003.9,181.54,177.935,1,-0.09999993333338157,61.138116382182275,3.7456562963612607,0.47546666666666654,0.29333333333333333,0.7687999999999999,0,ONGC
2023-11-21,188.4,189.3,186.45,186.6,10720353,-0.0048000000000000265,0.0056588520614389015,0.017944782227741835,10442847.6,182.10999999999999,178.22199999999998,1,-0.6315787257618495,59.13411107041976,3.6816808466211723,0.48258306538049295,0.28992497320471594,0.7725080385852089,0,ONGC
2023-11-22,186.6,187.25,185.2,186.45,7538825,-0.000803858520900369,-0.013752975403332535,0.01504213175026149,10178041.5,182.69750000000002,178.455,1,-0.07317069601429699,58.78824279680645,3.565132214719661,0.4837758112094395,0.2893537141324751,0.7731295253419147,0,ONGC
2023-11-23,186.45,187.15,185.05,186.1,6541617,-0.0018771788683292767,-0.02692810457516348,0.012887505648809491,10301819.9,183.43,178.70100000000002,1,-0.16666658730162281,57.936735946280905,3.460479913668256,0.4865663621708758,0.28801719505642126,0.7745835572272971,0,ONGC
2023-11-24,186.3,187.25,183.65,184.35,5751331,-0.009403546480386882,-0.009403546480386882,0.006218948756336971,10274364.1,183.89249999999998,178.959,1,-0.5416665162037511,53.745031291331664,3.470445634120523,0.5006780580417683,0.2812584757255221,0.7819365337672903,1,ONGC
2023-11-28,184.35,189.8,183.9,189.3,9277764,0.026851098454027778,0.009600000000000053,0.014289435617176762,10903279.4,184.4125,179.25900000000001,1,0.8389829086469667,62.098153775410246,3.643985231683343,0.46143687268885347,0.30005282620179613,0.7614896988906495,1,ONGC
2023-11-29,190.8,190.8,187.1,187.4,8791333,-0.010036978341257274,0.004287245444801746,0.015081821800016583,10664304.1,184.9625,179.445,1,-0.9189186705625187,57.784595949415596,3.6479862865631056,0.47625400213447155,0.2929562433297759,0.7692102454642474,1,ONGC
2023-11-30,188.05,190.95,187.45,190.3,14965403,0.01547491995731054,0.0206489675516226,0.016316220453294658,10183905.9,185.6325,179.71300000000002,1,0.6428569591837259,62.1107503999357,3.640987266094311,0.4537572254335258,0.3037309511297951,0.7574881765633209,1,ONGC
2023-12-01,190.6,193.5,189.6,189.9,9935740,-0.0021019442984760994,0.020419129500268696,0.016337451163741263,9314555.9,186.305,179.972,1,-0.1794871334648344,61.179463675064966,3.6594881756590034,0.45681937862032634,0.3022643496577146,0.7590837282780409,1,ONGC
2023-12-04,191.8,200.95,191.35,197.2,28615290,0.038441284886782334,0.06970436669378888,0.020008593137187846,10856092.1,187.16,180.34799999999998,1,0.5624999414062541,70.01555510967465,4.1873818773976454,0.4028904665314401,0.3280933062880324,0.7309837728194726,0,ONGC
2023-12-05,197.35,199.05,194.4,197.2,14557746,0.0,0.041732699418911556,0.019191771503773124,11669540.2,187.86,180.75400000000002,1,-0.03225805757891353,70.01555510967465,4.2204260290121,0.4028904665314401,0.3280933062880324,0.7309837728194726,0,ONGC
2023-12-06,198.85,198.85,194.35,197.1,12662213,-0.0005070993914807476,0.051760939167555975,0.01728724886961027,11863726.2,188.56,181.188,1,-0.38888880246915497,69.76328135183616,4.240395598368378,0.4036022323693556,0.32775240994419075,0.7313546423135463,0,ONGC
2023-12-07,196.1,196.1,191.35,194.15,16425880,-0.0149670218163368,0.020231213872832443,0.020120561432680085,12752431.7,189.0125,181.555,1,-0.4105262293628967,62.59783050472788,4.348224484199209,0.4249291784702548,0.3175379860932269,0.7424671645634817,0,ONGC
2023-12-08,195.05,195.5,189.45,191.25,10414387,-0.014936904455318034,0.007109004739336511,0.021864442467496217,13139708.7,189.445,181.821,1,-0.6280990697356916,56.458683486879565,4.469779878184981,0.44653594771241817,0.30718954248366015,0.7537254901960783,0,ONGC
2023-12-11,192.35,196.05,189.6,193.05,10108266,0.009411764705882453,-0.02104462474645019,0.010580259085669563,13575402.2,189.815,182.13299999999998,1,0.10852711495703879,59.13744158517003,4.61122417260034,0.4330484330484328,0.3136493136493137,0.7466977466977466,0,ONGC
2023-12-12,192.25,193.05,189.9,190.7,10719911,-0.012173012173012254,-0.03296146044624748,0.010771067796048077,13719616.9,190.025,182.394,1,-0.49206333585291195,54.429347736812886,4.506851017414602,0.45070791819611955,0.3051914001048767,0.7558993183009962,0,ONGC
2023-12-13,190.7,190.7,187.45,188.55,10892122,-0.01127425275301508,-0.04337899543378987,0.010306072627999659,13929695.8,190.175,182.52899999999997,0,-0.6615382579882213,50.470443630035696,4.417075944742131,0.46725006629541216,0.2972686290108725,0.7645186953062847,1,ONGC
2023-12-14,191.2,191.6,188.6,191.25,15257294,0.014319809069212264,-0.014936904455318034,0.013684851572706203,13958884.9,190.285,182.855,1,0.01666666111111675,54.90620920104558,4.319427662974835,0.44653594771241817,0.30718954248366015,0.7537254901960783,1,ONGC
2023-12-15,192.55,197.1,192.15,196.25,22863981,0.02614379084967311,0.02614379084967311,0.016678865042433932,15251709.0,190.535,183.31599999999997,1,0.7474745964697779,61.73971105715783,4.428754258476632,0.40968152866242025,0.3248407643312102,0.7345222929936305,1,ONGC
2023-12-18,196.25,196.8,192.65,194.25,8061011,-0.010191082802547768,0.0062160062160061536,0.017736876045892604,13196281.1,190.9425,183.748,1,-0.4819275947162416,57.956395116555505,4.408843240014016,0.42419562419562407,0.3178893178893179,0.742084942084942,1,ONGC
2023-12-19,197.15,198.7,194.55,195.5,16739742,0.006435006435006496,0.025170424750917686,0.016058959576477436,13414480.7,191.3425,184.218,1,-0.3975902656409034,59.621799408445234,4.411783008584442,0.415089514066496,0.32225063938618925,0.7373401534526853,1,ONGC
2023-12-20,196.9,206.95,196.15,198.35,57762576,0.014578005115089443,0.05197560328825235,0.013419196616168598,17924517.0,191.93,184.74099999999999,1,0.13425924682784668,63.200919201645405,4.914512793685552,0.39475674313082926,0.33198890849508444,0.7267456516259136,1,ONGC
2023-12-21,199.05,201.8,196.4,197.8,22823936,-0.0027728762288882214,0.03424836601307191,0.014275348022836839,18564322.6,192.4975,185.21900000000002,1,-0.23148143861454815,62.05770529501834,4.949190451279441,0.3986349848331646,0.3301314459049545,0.7287664307381192,1,ONGC
2023-12-22,199.1,199.6,196.95,199.05,9910694,0.006319514661274006,0.014267515923567009,0.009540960030527184,18513953.3,193.145,185.727,1,-0.018867917408326575,63.66629681526293,4.784962561902339,0.3898517960311478,0.33433810600351677,0.7241899020346645,1,ONGC
2023-12-26,199.6,203.5,198.8,202.4,17052969,0.016829942225571326,0.041956241956242035,0.00778106573316314,19208423.6,194.0475,186.27899999999997,1,0.5957445540969072,67.62742506846897,4.778893807480742,0.3668478260869564,0.34535573122529645,0.7122035573122528,0,ONGC
2023-12-27,204.5,204.9,199.6,200.65,20361303,-0.008646245059288571,0.026342710997442564,0.010951279514164882,20172562.8,194.61499999999998,186.78699999999998,1,-0.7264149572801941,63.71938726532518,4.816115678374976,0.37876900074757025,0.3396461500124595,0.7184151507600298,1,ONGC
2023-12-28,201.55,203.9,200.45,203.3,22010872,0.013207076999750766,0.02495588605999499,0.01067334987870158,21284437.8,195.41,187.317,1,0.5072462297836989,66.84396282057259,4.718535987062479,0.36079685194294125,0.34825381210034434,0.7090506640432856,0,ONGC
2023-12-29,203.0,203.0,199.35,200.15,12171663,-0.015494343334973015,0.011880687563195158,0.013987462849820446,20975874.7,195.9025,187.79,1,-0.7808217038844619,60.20640280734323,4.663640559415161,0.3822133399950036,0.33799650262303277,0.7202098426180363,0,ONGC
2024-01-01,201.05,202.15,199.85,200.45,4820168,0.0014988758431175864,0.007033408691283549,0.013818597828947423,19171493.4,196.43,188.25600000000003,1,-0.2608694517958991,60.60759653585778,4.494809090885508,0.3801446744824145,0.33898727862309797,0.7191319531055125,0,ONGC
2024-01-02,200.45,205.7,198.8,202.1,21141219,0.008231479171863398,-0.0014822134387352248,0.011821309920857144,20479514.2,196.675,188.76699999999997,1,0.23913040012603057,62.827384191681446,4.666608441536541,0.36887679366650167,0.3443839683325086,0.7132607619990103,1,ONGC
2024-01-03,200.6,205.4,199.6,203.25,11650902,0.005690252350321723,0.012957886867680068,0.01098166060868225,19970630.2,196.9775,189.303,1,0.456896472948884,64.33582980281304,4.747564981426789,0.36113161131611304,0.34809348093480935,0.7092250922509225,1,ONGC
2024-01-04,205.45,210.25,204.3,209.5,31054419,0.03075030750307506,0.0304968027545498,0.01658183138759951,17299814.5,197.5975,189.98899999999998,1,0.6806721545088847,71.18059307068518,4.908453197039161,0.320525059665871,0.36754176610978523,0.6880668257756563,1,ONGC
2024-01-05,210.3,212.3,207.95,211.25,20743811,0.00835322195704058,0.05545840619535336,0.0114363923424972,17091802.0,198.4525,190.72,1,0.21839075439292627,72.75719085253172,4.868563682964937,0.30958579881656795,0.3727810650887574,0.6823668639053253,0,ONGC
2024-01-08,212.8,215.5,211.9,212.75,19310595,0.007100591715976323,0.06136193564479919,0.01052246073813571,18031792.1,199.52749999999997,191.546,1,-0.013888885030868449,74.06676605684814,4.824380562753156,0.30035252643948285,0.3772032902467685,0.6775558166862513,0,ONGC
2024-01-09,215.7,216.15,210.8,211.45,11951525,-0.006110458284371401,0.046264225630875844,0.013381511728795188,17521647.7,200.44750000000002,192.273,1,-0.7943923748799308,70.88639198527068,4.861924808270787,0.3083471269803736,0.37337432017025296,0.6817214471506265,0,ONGC
2024-01-10,209.85,209.85,204.7,207.0,16500666,-0.021045164341451872,0.01845018450184499,0.019192731140421974,17135584.0,201.2625,192.835,1,-0.5533979507965127,61.19912293720319,4.996787321965731,0.3364734299516907,0.35990338164251207,0.6963768115942028,1,ONGC
2024-01-11,208.9,208.9,205.8,206.8,12586419,-0.0009661835748792091,-0.01288782816229117,0.011929682164127467,16193138.7,202.175,193.44299999999998,1,-0.677419136316407,60.79698485781921,4.861302513253892,0.3377659574468083,0.35928433268858806,0.6970502901353963,1,ONGC
2024-01-12,208.7,219.35,207.25,218.05,39228118,0.05440038684719539,0.0321893491124261,0.02858389763321712,18898784.2,203.51500000000001,194.26600000000002,1,0.7727272088655223,71.95878126200839,5.4104951908786125,0.2687457005274018,0.39234120614537954,0.6610869066727814,1,ONGC
2024-01-15,223.05,229.8,219.25,227.9,57884916,0.045173125429947225,0.07121034077555821,0.0333920433759735,24205259.0,205.0975,195.295,1,0.4597155962354875,77.8935308627693,5.863316962958712,0.21390960947784102,0.4186046511627907,0.6325142606406318,0,ONGC
2024-01-16,229.35,233.25,225.55,229.45,34505065,0.006801228609038867,0.08512650744856942,0.03188520855745131,25541643.6,206.85750000000002,196.282,1,0.012987011300387423,78.65895362864072,5.99450860846166,0.20570930485944647,0.4225321420788843,0.6282414469383307,0,ONGC
2024-01-17,226.65,231.55,225.2,226.5,26010955,-0.012856831553715309,0.09420289855072461,0.029577598368470185,26977648.9,208.40750000000003,197.14800000000002,1,-0.023622043524088445,73.44665807353886,6.0199008507144,0.22141280353200873,0.41501103752759383,0.6364238410596026,0,ONGC
2024-01-18,224.55,228.9,219.25,227.95,19232183,0.006401766004414888,0.10227272727272707,0.028529644593461946,25795425.3,209.8875,198.045,1,0.35233156970657054,74.34648386590067,6.279193647091944,0.21364334283834172,0.41873217810923447,0.6323755209475762,1,ONGC
2024-01-19,230.35,236.75,229.35,236.25,26391844,0.036411493748629065,0.0834670947030498,0.023855895281083395,26360228.6,211.81,199.06799999999998,1,0.797297189554434,78.77941829916477,6.459251243728234,0.1710052910052909,0.43915343915343913,0.61015873015873,0,ONGC
2024-01-20,237.2,239.55,234.7,236.25,15133785,0.0,0.03663887670030719,0.01808389647149093,25942547.6,213.67,200.141,1,-0.19587624827293523,78.77941829916477,6.344304726319076,0.1710052910052909,0.43915343915343913,0.61015873015873,0,ONGC
2024-01-23,239.15,239.75,222.55,224.4,20282617,-0.05015873015873018,-0.022009152320766945,0.031489479246356575,26775656.8,214.76999999999998,200.916,1,-0.8575580896768558,61.25336947540744,7.1197115315819985,0.23284313725490183,0.4095365418894831,0.6423796791443849,1,ONGC
2024-01-24,225.45,229.35,222.65,228.75,14458601,0.019385026737967825,0.009933774834437026,0.03251717536323741,26571450.3,216.175,201.761,1,0.49253723991981746,64.38559172706664,7.089732136468998,0.20939890710382503,0.4207650273224044,0.6301639344262294,1,ONGC
2024-01-25,229.35,231.8,227.25,228.45,18291957,-0.0013114754098361159,0.00219346347883298,0.0324632519834778,27142004.1,217.43249999999998,202.61900000000003,1,-0.1978021543291976,64.00133248119889,6.908322698149784,0.21098708688991022,0.4200043773254541,0.6309914642153643,1,ONGC
2024-01-29,235.25,248.85,233.4,246.45,54127939,0.0787918581746554,0.0431746031746032,0.04654366652957183,28631986.2,219.74750000000003,203.767,1,0.7249190469308059,74.02001250202488,7.872013933996229,0.12254006897950899,0.46236559139784944,0.5849056603773585,0,ONGC
2024-01-30,250.35,257.0,242.7,243.25,51491099,-0.012984378170014188,0.029629629629629672,0.047546581665512566,27992604.5,221.8875,204.80700000000002,1,-0.49650346178297394,70.27554177775873,8.331155795853642,0.13730729701952715,0.4552929085303186,0.5926002055498457,0,ONGC
2024-01-31,244.45,248.25,240.4,246.2,33293192,0.012127440904419196,0.09714795008912658,0.0355591046536802,27871417.2,224.09250000000003,206.009,1,0.22292990790701825,71.69698871135041,8.296787524721237,0.12367993501218517,0.46181965881397236,0.5854995938261576,0,ONGC
2024-02-01,248.55,248.55,239.55,241.7,29758133,-0.018277822908204677,0.056612021857923356,0.03930261523383237,28246135.0,226.01500000000001,207.093,1,-0.7611110265432218,66.47484055623033,8.34701698724115,0.1446007447248655,0.4517997517583781,0.5964004964832437,1,ONGC
2024-02-02,244.0,253.8,243.05,251.1,30482663,0.03889118742242448,0.09914642153644126,0.04008764202152363,29371183.0,228.09500000000003,208.38300000000004,1,0.6604650548404596,71.19462187496907,8.615087202438213,0.10175228992433287,0.47232178414974113,0.574074074074074,0,ONGC
2024-02-05,253.8,261.65,249.0,256.65,34001868,0.022102747909199527,0.04138770541692027,0.02398106297112839,30132185.4,230.365,209.787,1,0.2252964248777507,73.56130869366675,8.90329525940691,0.07792713812585234,0.4837327099162283,0.5616598480420806,0,ONGC
2024-02-06,259.0,266.85,253.95,265.8,36708949,0.035651665692577605,0.0927029804727646,0.02299659698174026,32289701.8,233.0175,211.38099999999997,1,0.5271317420828102,76.92706621852386,9.188774169449276,0.04082016553799837,0.5015048908954101,0.5423250564334084,0,ONGC
2024-02-07,268.4,269.05,261.15,265.4,23756939,-0.0015048908954101714,0.07798537774167347,0.02463158547177251,32637134.0,235.715,213.00199999999998,1,-0.3797467873738227,76.46876550748777,9.096718871631474,0.042388847023360966,0.5007535795026374,0.5431424265259984,0,ONGC
2024-02-08,266.5,269.05,262.65,266.6,25252940,0.0045214770158252815,0.1030202730657841,0.018085182696347644,33716567.9,238.69500000000002,214.548,1,0.0156249975585976,76.91313301943214,8.904096095086372,0.03769692423105759,0.503000750187547,0.5406976744186045,0,ONGC
2024-02-09,268.4,269.05,252.95,261.15,26743792,-0.020442610652663284,0.04002389486260438,0.02165009076258334,34561751.4,241.4125,216.023,1,-0.45031053103661234,70.40987341130483,9.418089231151631,0.05935286233965155,0.4926287574191077,0.5519816197587593,0,ONGC
2024-02-12,255.7,260.2,250.65,251.75,30906374,-0.03599463909630474,-0.019092148840833767,0.027129857325956006,32239594.9,243.0975,217.25199999999998,1,-0.41361252213481403,60.85275687354739,9.495368571783656,0.09890764647467717,0.47368421052631576,0.5725918570009929,0,ONGC
2024-02-13,251.8,256.1,248.6,253.3,20711842,0.0061569016881828365,-0.04702784048156505,0.018216459760530396,29161669.2,244.3675,218.52,1,0.19999997333333613,61.77413763097185,9.352842245227682,0.09218318199763113,0.4769048559020924,0.5690880378997235,1,ONGC
2024-02-14,251.8,263.2,249.85,262.4,36168962,0.035925779707856265,-0.01130369253956287,0.027582554619454896,29449246.2,246.01499999999996,219.824,1,0.7940074311604899,66.72569014098713,9.638353513425704,0.0543064024390244,0.495045731707317,0.5493521341463414,0,ONGC
2024-02-15,265.15,273.15,262.55,270.65,32831246,0.031440548780487854,0.01519129782445594,0.03151271736207872,29756557.5,248.2225,221.293,1,0.518867875578504,70.46138553762586,9.717756833895297,0.022168852761869574,0.5104378348420469,0.5326066876039165,0,ONGC
2024-02-16,268.55,271.35,263.9,268.1,27044984,-0.009421762423794444,0.026613057629714998,0.02976349307899234,29412789.6,250.22999999999996,222.713,1,-0.06040267645601469,67.92304174608546,9.55577420290278,0.03189108541588942,0.5057814248414771,0.5376725102573665,0,ONGC
2024-02-19,268.1,272.35,265.9,268.1,15322964,0.0,0.06494538232373404,0.019900045020006273,27544899.2,251.8225,224.192,1,0.0,67.92304174608546,9.333933188409727,0.03189108541588942,0.5057814248414771,0.5376725102573665,0,ONGC
2024-02-20,268.2,274.4,267.5,270.0,18968785,0.007086907870197612,0.06592972759573623,0.019826403513633052,25770882.8,253.51,225.767,1,0.2608695274102159,68.8914572165441,9.16008081780903,0.024629629629629547,0.5092592592592593,0.5338888888888889,0,ONGC
2024-02-21,269.4,274.35,265.1,266.4,16340579,-0.01333333333333342,0.015243902439024293,0.017716703150528507,25029246.8,255.60999999999999,227.234,1,-0.32432428926223905,64.89380193712563,9.166503616536955,0.038475975975975976,0.5026276276276276,0.5411036036036035,0,ONGC
2024-02-22,267.3,269.4,262.05,268.1,16791453,0.006381381381381557,-0.009421762423794444,0.00922286183119452,24183098.1,257.5775,228.782,1,0.1088435226063255,65.9000944710029,9.036753358212884,0.03189108541588942,0.5057814248414771,0.5376725102573665,0,ONGC
2024-02-23,268.3,269.4,264.6,265.7,9464646,-0.008951883625513024,-0.008951883625513024,0.00912842602641314,22455183.5,259.44,230.325,1,-0.5416665538194778,63.148098867674456,8.734128118340532,0.04121189311253289,0.5013172751223184,0.5425291682348513,0,ONGC
2024-02-26,265.4,265.4,261.4,263.4,8661999,-0.008656379375235224,-0.0175307720999629,0.009522734658777569,20230746.0,260.2875,231.76800000000003,1,-0.49999987500003124,60.53895575097138,8.41740468131621,0.050303720577069104,0.496962794229309,0.5472665148063781,0,ONGC
2024-02-27,261.65,263.75,258.6,262.9,19582774,-0.0018982536066818323,-0.026296296296296373,0.007700035478796054,20117839.2,261.27,233.10100000000003,1,0.2427183994721565,59.958968263500175,8.184018632650766,0.05230125523012553,0.4960060859642449,0.5483073411943704,0,ONGC
2024-02-28,263.55,263.85,258.25,259.4,9118196,-0.013313046785850102,-0.026276276276276267,0.007694742369404419,17412762.6,261.92999999999995,234.40400000000002,0,-0.7410712962372716,55.92031965987035,7.999445873175712,0.06649961449498844,0.48920585967617575,0.5557054741711642,0,ONGC
2024-02-29,258.65,259.95,255.25,258.25,17179832,-0.004433307632999095,-0.03674002237970919,0.004416125067265749,15847621.2,262.7575,235.65900000000002,0,-0.08510636487098157,54.61854292422828,7.763771167948875,0.07124878993223611,0.48693126815101645,0.5581800580832526,1,ONGC
2024-03-01,260.1,266.4,260.1,264.05,12930057,0.022458857696030954,-0.0062100112909295735,0.013901455814477678,14436128.5,263.405,236.97299999999998,1,0.6269840274628555,59.712465998663234,7.79135894166681,0.04771823518273041,0.4982010982768415,0.5459193334595719,1,ONGC
2024-03-02,265.5,266.35,264.85,265.4,864693,0.005112668055292424,0.007593014426727329,0.013402119764930885,12990301.4,263.8425,238.32499999999996,1,-0.06666662222226702,60.81498089877824,7.399119017262039,0.042388847023360966,0.5007535795026374,0.5431424265259984,1,ONGC
2024-03-04,266.2,273.85,266.0,272.5,22280353,0.026752072343632305,0.03651578546976042,0.017142968811118313,13321458.2,264.17749999999995,239.79399999999998,1,0.8025476684652643,66.07348583266402,7.474181944600468,0.015229357798165054,0.5137614678899083,0.5289908256880733,0,ONGC
2024-03-05,273.3,278.15,270.05,276.95,18544484,0.016330275229357705,0.06765612952968403,0.01280148897465604,13541848.7,264.755,241.285,1,0.4506172283188598,68.89128859514918,7.51888323427186,0.0,0.5215742913883372,0.5215742913883372,0,ONGC
2024-03-06,277.5,277.5,267.0,273.55,16807149,-0.012276584220978437,0.0592449177153922,0.01566863005278057,13543418.3,265.10249999999996,242.743,1,-0.3761904403628141,64.48442344346532,7.731820146109585,0.011332480350941202,0.5156278559678305,0.5269603363187716,0,ONGC
2024-03-07,273.55,277.55,270.6,271.45,11386963,-0.007676841528057143,0.02802499526604807,0.016268232652852023,13735650.0,265.6175,244.106,1,-0.3021582299052944,61.85264810946954,7.6759758499589,0.019156382390863837,0.5118806410020261,0.5310370233928899,0,ONGC
2024-03-11,271.45,273.8,266.65,267.45,10684598,-0.014735678762202942,0.007724189902034606,0.01867518810140411,13937909.9,266.40250000000003,245.452,1,-0.5594404811971329,57.074480923661156,7.63840614639041,0.034398953075341146,0.5045802953823144,0.5389792484576555,0,ONGC
2024-03-12,267.45,269.0,262.6,263.95,13780189,-0.01308655823518412,-0.03137614678899092,0.012912804312525256,13357651.4,266.935,246.72199999999998,0,-0.5468749145507965,53.2017136369548,7.549948564505379,0.04811517332828183,0.49801098692934265,0.5461261602576245,0,ONGC
2024-03-13,264.3,264.5,246.7,249.25,20079496,-0.05569236597840499,-0.10001805380032491,0.019739298908773576,14453781.4,266.27750000000003,247.665,0,-0.8455055704772152,40.70796427580015,8.282095095612139,0.10992978936810423,0.4684052156469408,0.5783350050150451,0,ONGC
2024-03-14,246.45,258.0,245.2,256.95,21404057,0.03089267803410234,-0.060683604459879414,0.030725156906472043,14876203.9,265.5925,248.739,0,0.8203124359130902,47.64372330666098,8.6048025887827,0.07666861257053897,0.4843354738275929,0.5610040863981318,0,ONGC
2024-03-15,257.65,260.0,242.95,252.55,34961065,-0.017123954076668557,-0.06962608215140897,0.03067868842791433,17079304.7,264.815,249.6,0,-0.2991202170603956,44.44437809940885,9.208030975298223,0.09542664818847739,0.475351415561275,0.5707780637497524,1,ONGC
2024-03-18,252.75,256.75,251.4,255.35,9246173,0.0110869134824787,-0.04524210132735085,0.032624965978608596,17917452.7,264.1775,250.482,0,0.48598121757360363,46.88855999933218,8.932457334205493,0.08341492069708237,0.4811043665557078,0.5645192872527902,0,ONGC
2024-03-19,255.75,257.65,250.5,253.05,8758348,-0.00900724495790084,-0.04129569994317095,0.03254139154643862,16565252.2,263.33,251.28799999999998,0,-0.37762232480806607,45.13207167482718,8.805138953190813,0.09326220114601844,0.4763880655996839,0.5696502667457023,1,ONGC
2024-03-20,253.25,258.25,251.05,257.55,10484778,0.01778304682868992,0.03329989969909741,0.01963198591665945,15759281.6,262.8875,252.21,0,0.5972221392747054,49.14602774359321,8.690486170820039,0.07416035721219168,0.485536788973015,0.5596971461852066,1,ONGC
2024-03-21,258.35,260.55,256.05,256.65,12163200,-0.0034944670937683275,-0.0011675423234093207,0.014366747649031788,15294886.7,262.315,253.203,0,-0.37777769382718923,48.38365492540909,8.39116573004718,0.07792713812585234,0.4837327099162283,0.5616598480420806,0,ONGC
2024-03-22,256.65,258.9,252.25,256.95,13025089,0.0011689070718878813,0.017422292615323576,0.01086685496590062,15458699.3,261.8775,254.20600000000002,0,0.045112775171013114,48.66949161682324,8.266796749329522,0.07666861257053897,0.4843354738275929,0.5610040863981318,1,ONGC
2024-03-26,255.4,261.5,253.1,259.15,10830926,0.008561977038334279,0.014881535147836189,0.010478298619962287,15473332.1,261.66499999999996,255.028,0,0.4464285182823156,50.820304703098856,8.276311267234558,0.06752845842176346,0.48871310052093375,0.5562415589426972,1,ONGC
2024-03-27,258.65,261.8,253.45,255.5,28563001,-0.014084507042253391,0.009681881051175623,0.01205979388937378,16951613.3,261.29499999999996,255.58,0,-0.3772454638029348,47.28061578780149,8.281574748146378,0.08277886497064571,0.48140900195694714,0.5641878669275928,1,ONGC
2024-03-28,256.15,264.5,255.7,261.65,18888942,0.02407045009784725,0.01591923898272163,0.014247912198739072,16832557.9,261.4075,256.224,1,0.6249999289772801,53.19593686228891,8.332890837564493,0.05732849226065355,0.49359831836422696,0.5509268106248806,1,ONGC
2024-04-01,261.65,265.0,261.4,263.45,6440401,0.006879419071278425,0.02649522696278983,0.013768515216439927,15336192.3,261.6675,256.96299999999997,1,0.4999998611111497,54.79468327391146,7.994827206309888,0.05010438413361165,0.4970582653254887,0.5471626494591003,1,ONGC
2024-04-02,263.65,267.5,263.0,266.0,14439120,0.009679256025811434,0.03522086008951164,0.01365272093880446,13283997.8,261.765,257.724,1,0.5222221061728703,57.03379312205955,7.745196691573468,0.04003759398496232,0.5018796992481203,0.5419172932330826,0,ONGC
2024-04-03,268.45,272.3,267.3,268.75,22600929,0.010338345864661758,0.037044182905653145,0.01372575224517882,14619473.4,261.9325,258.374,1,0.059999988000004674,59.37101047257847,7.641968356461078,0.029395348837209217,0.5069767441860465,0.5363720930232557,0,ONGC
2024-04-04,272.0,272.0,259.0,262.55,24624383,-0.0230697674418604,0.027592954990215413,0.01734819993179903,16206076.9,261.43500000000006,258.9,1,-0.7269230210059207,52.44448281841297,8.024684902428143,0.05370405637021507,0.4953342220529423,0.5490382784231573,0,ONGC
2024-04-05,261.45,265.4,260.1,261.55,13029904,-0.003808798324128726,-0.00038218994840422127,0.014094474498588134,16460589.5,260.66499999999996,259.643,1,0.01886792096832125,51.402834319817096,7.830064552254702,0.05773274708468731,0.49340470273370296,0.5511374498183903,1,ONGC
2024-04-08,261.15,265.5,260.2,263.95,13011300,0.00917606576180452,0.0018978933383944074,0.01440849359268837,16545399.5,260.18500000000006,260.347,1,0.5283017871128713,53.77577534885252,7.649345655665081,0.04811517332828183,0.49801098692934265,0.5461261602576245,0,ONGC
2024-04-09,263.55,266.1,261.6,262.5,13173933,-0.005493464671339265,-0.013157894736842146,0.013554677922915634,16560283.9,259.7375,261.028,1,-0.2333332814814955,52.1199244573283,7.424392394546146,0.053904761904761817,0.49523809523809526,0.549142857142857,1,ONGC
2024-04-10,263.5,266.65,262.7,265.5,11137195,0.011428571428571344,-0.012093023255813962,0.013820432225403594,16590910.8,259.64,261.409,1,0.5063289857394987,55.193961052487715,7.190507223507134,0.04199623352165716,0.5009416195856874,0.5429378531073445,0,ONGC
2024-04-12,265.4,266.0,258.65,259.35,21894584,-0.023163841807909535,-0.012188154637211901,0.013855704701016287,15924069.1,259.40999999999997,261.731,0,-0.8231291397103124,48.341965742300545,7.201899564685197,0.06670522459996125,0.489107383844226,0.5558126084441872,1,ONGC
2024-04-15,262.65,276.2,260.7,273.15,75063828,0.05320994794678979,0.04435098451538888,0.02830643366137086,21541557.7,260.605,262.27,1,0.677419311134238,60.262900519741684,7.891049595779109,0.012813472451034232,0.5149185429251326,0.5277320153761669,0,ONGC
2024-04-16,270.35,285.55,268.65,276.35,79082544,0.011715174812374274,0.046978594430763465,0.028332440627273806,28805772.0,261.575,262.96299999999997,1,0.3550295647911493,62.428068203898576,8.534546053223462,0.0010855798805860485,0.5205355527410892,0.5216211326216753,0,ONGC
2024-04-18,279.15,280.8,266.8,267.6,34136482,-0.031662746517097884,0.019428571428571573,0.033710406231701504,30775508.2,262.3275,263.293,1,-0.8249999410714296,53.79645811063834,8.924935620850357,0.0338191330343795,0.5048579970104634,0.538677130044843,1,ONGC
2024-04-19,270.15,274.1,267.55,268.65,32658724,0.00392376681614337,0.011864406779660941,0.03348024762919569,31781287.7,262.99249999999995,263.533,1,-0.2290075986247937,54.60753424391935,8.75529736221819,0.029778522240833803,0.5067932253861902,0.536571747627024,0,ONGC
2024-04-22,270.65,271.35,267.2,270.15,14184019,0.005583472920156263,0.04164256795835719,0.030215048006253326,30737251.3,263.8475,263.62,1,-0.12048189867905956,55.80120197947616,8.42634755063118,0.02406070701462151,0.5095317416250231,0.5335924486396446,1,ONGC
2024-04-23,270.2,272.1,268.95,270.15,8799147,0.0,-0.010982976386600729,0.01706272140842349,30314175.6,264.4775,263.715,1,-0.015873010833968252,55.80120197947616,8.049465582728955,0.02406070701462151,0.5095317416250231,0.5335924486396446,1,ONGC
2024-04-24,270.95,273.7,269.7,272.65,9253985,0.009254118082546725,-0.013388818527230173,0.016594051406306924,29938444.1,265.2775,263.836,1,0.4249998937500237,57.93914390924148,7.760218041105458,0.014670823399963324,0.5140289748762149,0.5286997982761782,1,ONGC
2024-04-25,272.65,275.85,271.35,275.2,17050557,0.009352649917476752,0.0284005979073243,0.003924359554200421,30326106.5,266.18999999999994,264.117,1,0.5666665407407713,60.06123922366497,7.527345323883639,0.005268895348837168,0.518531976744186,0.5238008720930232,0,ONGC
2024-04-26,276.25,279.3,275.45,276.15,11070290,0.0034520348837208115,0.027917364600781758,0.003980684436417937,30319416.0,267.04,264.605,1,-0.025974019227533226,60.85364246809331,7.282534943606238,0.0018106101756291872,0.5201883034582654,0.5219989136338946,0,ONGC
2024-04-29,277.15,278.4,275.4,276.4,8952420,0.0009053050878145008,0.023135295206366813,0.004482656386540347,29025199.6,268.085,265.06699999999995,1,-0.24999991666669444,61.072523936062204,6.976639590491507,0.0009044862518089726,0.5206222865412445,0.5215267727930535,0,ONGC
2024-04-30,277.7,279.5,274.7,276.1,10658906,-0.0010853835021705782,0.022024801036461428,0.004777269737264913,22584707.4,268.8075,265.341,1,-0.33333326388889545,60.63439432340001,6.821165334027829,0.0019920318725097953,0.5201014125316915,0.5220934444042012,0,ONGC
2024-05-02,274.25,277.8,272.35,276.05,15677336,-0.0001810938065918144,0.012470199889969003,0.0041967497502809125,16244186.6,269.4375,265.449,1,0.33027516875685253,60.55642022419677,6.7232249530258406,0.002173519289983575,0.5200144901285999,0.5221880094185835,0,ONGC
2024-05-03,277.2,285.95,277.2,279.25,28913016,0.01159210287991308,0.014716569767441845,0.005128497055838295,15721840.0,270.1,265.672,1,0.23428568751020845,63.76779332182686,6.950137456381136,0.0,0.5255147717099373,0.5255147717099373,0,ONGC
2024-05-06,281.8,281.85,268.65,275.4,15491865,-0.013786929274843374,-0.0027159152634438355,0.009016374989966082,14005154.1,270.4325,265.818,1,-0.48484844811754274,57.68284938249546,7.396556209496772,0.004538852578068265,0.5188816267247639,0.5234204793028322,0,ONGC
2024-05-07,277.1,278.2,265.5,267.05,13179001,-0.030319535221495886,-0.03382778581765544,0.015942963343362634,13904652.3,270.65749999999997,265.75899999999996,0,-0.7913385203670473,47.169781141620966,7.775373623104144,0.03594832428384185,0.5038382325407227,0.5397865568245646,1,ONGC
2024-05-08,266.95,273.55,265.85,270.2,12797721,0.011795543905635641,-0.02136906917783421,0.017996783565162672,14304509.7,271.09000000000003,265.835,0,0.42207786726261526,50.811880265218676,7.769989792882419,0.02387120651369352,0.5096225018504811,0.5334937083641746,0,ONGC
2024-05-09,270.6,271.9,256.9,258.9,14869187,-0.041820873427091065,-0.06212642637203414,0.024236378652584326,14866029.9,270.8375,265.651,0,-0.7799999480000065,40.12527153122802,8.286419093390817,0.06855928930088838,0.4882193897257628,0.5567786790266511,0,ONGC
2024-05-10,260.6,264.7,258.1,263.8,9530738,0.01892622634221719,-0.05532676812891668,0.02620183699758425,14114048.0,270.9025,265.613,0,0.4848484113866051,45.4799478707415,8.165960586720042,0.04871114480667159,0.4977255496588325,0.546436694465504,0,ONGC
2024-05-13,265.4,265.4,255.8,260.5,7163239,-0.012509476876421566,-0.054103122730573605,0.026174583368658452,13723342.9,270.6525,265.555,0,-0.510416613498269,42.70969938468005,8.268391973382894,0.06199616122840682,0.491362763915547,0.5533589251439538,1,ONGC
2024-05-14,261.55,268.1,260.05,266.35,9123849,0.02245681381957776,-0.002621231979030081,0.026957617380565076,13740485.8,271.0025,265.62399999999997,0,0.5962732178542592,48.677732367444406,8.252792546712687,0.038670921719541784,0.5025342594330768,0.5412051811526186,0,ONGC
2024-05-15,267.95,269.4,266.0,266.9,6368662,0.002064952130655051,-0.012213175425610734,0.026213364342145322,13311461.4,270.68999999999994,265.774,0,-0.308823438581347,49.213394329800536,7.906164507661779,0.03653053578119146,0.5035593855376546,0.5400899213188459,1,ONGC
2024-05-16,269.4,272.65,267.25,271.0,23757779,0.015361558636193484,0.04673619157976061,0.014409195690535621,14119505.7,270.4225,266.029,1,0.2962962414266274,53.13979825758288,7.752152757114509,0.020848708487084786,0.511070110701107,0.5319188191881918,0,ONGC
2024-05-17,272.15,276.6,270.0,270.8,11529157,-0.0007380073800737907,0.02653525398028811,0.013781219708000642,12381119.8,270.5825,266.164,1,-0.20454542355371783,52.92484885788059,7.669856131606331,0.021602658788773876,0.5107090103397341,0.532311669128508,1,ONGC
2024-05-18,273.6,274.95,271.8,272.3,2010993,0.005539143279172931,0.045297504798464505,0.009700986539342786,11033032.6,270.765,266.302,1,-0.41269828168309175,54.41418259888495,7.4184378364915915,0.015975027543150812,0.5134043334557473,0.5293793609988982,0,ONGC
2024-05-21,274.35,277.2,271.7,273.4,17559555,0.00403966213734841,0.026468931856579614,0.0061194943015281415,11471088.0,270.92749999999995,266.32,1,-0.17272724132232803,55.525398582522605,7.281406562456477,0.01188734455010973,0.5153621068032187,0.5272494513533285,0,ONGC
2024-05-22,277.2,277.2,270.25,271.35,17935064,-0.007498171177761304,0.01667291120269776,0.008425255567027752,11984822.3,270.9875,266.20799999999997,1,-0.8417264975933062,52.93562021909642,7.257734665138157,0.01953196978072583,0.51170075548185,0.5312327252625759,1,ONGC
2024-05-23,273.25,277.75,272.4,276.65,17719819,0.01953196978072591,0.020848708487084755,0.009976425849205047,12269885.5,271.1875,266.27,1,0.635513899903937,58.34496991297095,7.1964679033425725,0.0,0.521055485270197,0.521055485270197,0,ONGC
2024-05-24,277.2,279.1,275.1,276.45,11041667,-0.0007229351165732867,0.020864106351550893,0.009974572356565547,12420978.4,271.24999999999994,266.37,1,-0.18749995312501172,58.07371902634562,6.968148767389532,0.0007234581298606932,0.5207089889672635,0.5214324470971242,0,ONGC
2024-05-27,277.2,277.4,269.1,271.0,13719808,-0.01971423403870498,-0.004774146162320969,0.014486239620753641,13076635.3,270.99249999999995,266.441,1,-0.7469878618086941,51.10176045187322,7.063280998290276,0.020848708487084786,0.511070110701107,0.5319188191881918,0,ONGC
2024-05-28,272.6,272.6,266.5,267.75,6927361,-0.011992619926199266,-0.02066569129480611,0.01489561781713137,12856986.5,270.56,266.517,0,-0.7950818368718308,47.44390039222888,6.994475212698115,0.033239962651727274,0.5051353874883286,0.5383753501400559,0,ONGC
2024-05-29,267.25,267.25,263.8,265.35,8327205,-0.008963585434173638,-0.02211166390270869,0.014993799514832465,13052840.8,270.0225,266.839,0,-0.5507244780508711,44.888611758158135,6.777012697505391,0.042585264744676665,0.5006595063124176,0.5432447710570942,0,ONGC
2024-05-30,266.45,268.5,258.65,260.3,15390964,-0.01903146787262111,-0.0590999457798661,0.007831138316086542,12216159.3,269.235,266.906,0,-0.6243654188461467,40.006026697277804,6.996511790540723,0.06281213983864758,0.4909719554360354,0.553784095274683,0,ONGC
2024-05-31,262.0,262.0,256.7,258.0,24167379,-0.008835958509412212,-0.06673901247965275,0.005329234074038714,13479981.5,268.1725,267.015,0,-0.7547168387326703,37.97980254692943,6.875332376930672,0.07228682170542627,0.48643410852713176,0.5587209302325581,1,ONGC
2024-06-03,271.3,279.7,266.65,277.3,30195397,0.07480620155038764,0.02324723247232474,0.03913243134641828,16298421.9,268.26750000000004,267.454,1,0.4597700797111046,57.45324297747451,7.934237207149908,0.0,0.5221781464118284,0.5221781464118284,0,ONGC
2024-06-04,278.2,278.2,217.65,230.65,72779900,-0.16822935448972232,-0.13856209150326793,0.08806882367102946,21820456.4,266.4475,267.00600000000003,0,-0.7853013908290439,31.6143854174244,11.692505978067771,0.19943637546065454,0.425536527205723,0.6249729026663775,1,ONGC
2024-06-05,241.1,243.75,224.95,241.6,37078551,0.047474528506394886,-0.0895044281138121,0.09420910707027387,23734805.1,265.01750000000004,266.687,0,0.02659574326618385,38.59523078478661,12.200184122491503,0.1450745033112582,0.4515728476821192,0.5966473509933774,0,ONGC
2024-06-06,247.9,253.3,243.3,246.25,30881233,0.019246688741721973,-0.05397618132923554,0.09532422982220748,25050946.5,264.38500000000005,266.47900000000004,0,-0.16499998350000222,41.33398687262546,12.164456685170682,0.1234517766497461,0.4619289340101523,0.5853807106598984,1,ONGC
2024-06-07,247.45,254.55,245.75,254.15,22010688,0.0320812182741117,-0.014922480620154999,0.09688235987085184,26147848.6,263.90250000000003,266.423,0,0.7613635498450522,45.760160724631625,11.924138350515634,0.08853039543576617,0.47865433798937634,0.5671847334251425,1,ONGC
2024-06-10,257.7,257.7,251.85,252.95,14138524,-0.0047216210899075906,-0.08781103498016596,0.0878596589305822,26189720.2,263.525,266.299,0,-0.8119656731682617,45.20228036027096,11.490271325478803,0.09369440600909267,0.4761810634512749,0.5698754694603676,1,ONGC
2024-06-11,260.45,268.4,258.9,267.0,47270206,0.05554457402648749,0.15759809234771294,0.023892532753912708,30224004.7,263.5575,266.529,1,0.6894736116343579,52.503492578934924,11.773109087944603,0.03614232209737819,0.5037453183520599,0.5398876404494382,0,ONGC
2024-06-12,271.35,272.4,268.05,268.9,20560662,0.007116104868913675,0.11299668874172175,0.02329118948886508,31447350.4,263.6575,266.67400000000004,1,-0.5632182613291502,53.40757854471878,11.317887010234273,0.028821123094087023,0.5072517664559315,0.5360728895500185,0,ONGC
2024-06-13,271.35,271.35,266.0,269.95,16013386,0.003904797322424658,0.09624365482233488,0.024689068853295457,31509592.6,263.605,266.804,1,-0.26168219407809984,53.92948361216121,10.891609366646112,0.024819411002037373,0.5091683645119466,0.533987775513984,0,ONGC
2024-06-14,270.35,271.55,268.05,268.8,10642648,-0.004260048157066043,0.05764312413928785,0.025141344660660304,30157119.5,263.505,266.86,1,-0.44285701632657,53.22625686287394,10.363637269028532,0.02920386904761892,0.5070684523809524,0.5362723214285713,0,ONGC
2024-06-18,272.25,272.3,267.45,269.2,17044769,0.0014880952380951218,0.06424194504842862,0.024277179661054096,28842056.7,263.35,266.86899999999997,1,-0.6288658497183809,53.453610524811964,9.969806035526494,0.027674591381872175,0.5078008915304606,0.5354754829123328,0,ONGC
2024-06-19,269.3,270.0,264.6,265.05,13361607,-0.015416047548291179,-0.007303370786516772,0.008854799416765206,22900227.4,262.9325,266.91900000000004,1,-0.7870368912894679,50.70013192487172,9.64339131870317,0.04376532729673634,0.5000943218260706,0.5438596491228069,0,ONGC
2024-06-20,265.3,267.45,262.65,265.35,12826509,0.0011318619128466434,-0.013201933804388055,0.007745223657652752,20475023.2,262.6325,266.995,1,0.010416664496530573,50.89704300216191,9.297434795938658,0.042585264744676665,0.5006595063124176,0.5432447710570942,0,ONGC
2024-06-21,264.95,268.15,262.45,263.2,17406416,-0.00810250612398733,-0.0250046304871272,0.007041966987595168,19127541.5,261.96,266.98,1,-0.3070174899969322,49.37497801799671,9.040475167657325,0.051101823708206644,0.49658054711246197,0.5476823708206686,0,ONGC
2024-06-24,263.2,264.75,260.2,263.45,7282347,0.0009498480243161911,-0.019903273809523947,0.007551694582635825,17654707.4,261.31000000000006,266.999,1,0.05494504286922121,49.56385054823915,8.719726941396088,0.05010438413361165,0.4970582653254887,0.5471626494591003,0,ONGC
2024-06-25,263.65,264.3,258.65,260.6,14425434,-0.010817992028847812,-0.03194650817236244,0.00732192795074568,17683398.4,260.79,266.901,0,-0.5398229133056678,47.3931080966655,8.50046073129637,0.06158864159631602,0.49155794320798163,0.5531465848042977,0,ONGC
2024-06-26,260.5,262.7,257.8,261.35,10650910,0.0028779739063700127,-0.013959630258441713,0.0062081548437217336,14021468.8,260.47,266.941,1,0.17346935235319882,48.038063485011776,8.243284964775198,0.058542184809642066,0.4930170269753205,0.5515592117849626,0,ONGC
2024-06-27,261.0,261.7,257.2,261.1,22830930,-0.0009565716472164087,-0.016016581872997926,0.0059427237017698024,14248495.6,260.2575,266.7,1,0.022222217283956767,47.82757476863644,7.975907467291255,0.05955572577556474,0.4925315970892379,0.5520873228648027,1,ONGC
2024-06-28,262.55,268.85,261.95,267.65,19532912,0.025086173879739437,0.016907294832826603,0.013206939644315442,14600448.2,260.625,266.526,1,0.7391303276622627,53.56803092258727,7.959771219627593,0.03362600410984495,0.504950495049505,0.5385764991593499,1,ONGC
2024-07-01,268.4,269.2,265.1,266.4,11750972,-0.004670278348589574,0.011197570696526826,0.013700505952252877,14711280.6,261.04499999999996,266.50199999999995,1,-0.48780475907201404,52.383481636470805,7.684073275368477,0.038475975975975976,0.5026276276276276,0.5411036036036035,0,ONGC
2024-07-02,266.65,273.1,265.0,268.25,24470518,0.00694444444444442,0.02935533384497302,0.011587348767959854,15453855.5,260.5925,266.49399999999997,1,0.1975308398110097,54.00457665742036,7.713782327127873,0.031314072693382954,0.5060577819198508,0.5373718546132339,1,ONGC
2024-07-03,269.4,271.05,267.45,268.1,9125400,-0.0005591798695245842,0.025827434474842148,0.01190579784538864,15030234.8,262.46500000000003,266.453,1,-0.3611110108024821,53.84451161624198,7.419940732333027,0.03189108541588942,0.5057814248414771,0.5376725102573665,0,ONGC
2024-07-04,268.4,272.2,266.5,270.4,13444669,0.008578888474449764,0.0356185369590194,0.011433649575828212,15092050.8,263.905,266.45799999999997,1,0.3508771314250654,55.99808068720483,7.297087822880667,0.02311390532544379,0.5099852071005917,0.5330991124260355,1,ONGC
2024-07-05,270.6,282.35,269.9,281.3,39781962,0.04031065088757413,0.05099943956659825,0.017725206564764,17329605.4,265.65749999999997,266.63100000000003,1,0.859437681972873,64.46105985628888,7.6651529783891945,-0.00728759331674373,0.5289726270885177,0.5216850337717739,1,ONGC
2024-07-08,283.05,295.75,280.45,292.0,53136198,0.038037682189832944,0.09609609609609615,0.019055872757159007,21914990.5,267.55,266.967,1,0.5849672820282811,70.46608276085304,8.210499194218539,0.0010273972602740115,0.5462328767123288,0.5472602739726028,1,ONGC
2024-07-09,293.6,294.6,286.35,290.35,18686252,-0.0056506849315067775,0.08238583410997213,0.02164830105900515,22341072.3,269.42,267.25100000000003,1,-0.3939393461891702,68.54274077377829,8.213320680345786,0.006716032374720126,0.5436542104356811,0.5503702428104013,0,ONGC
2024-07-10,292.55,292.6,281.95,291.0,19278800,0.0022386774582399127,0.08541588959343516,0.021138796614579954,23203861.3,270.62,267.543,1,-0.1455398924375694,68.90283099911562,8.387369203178233,0.004467353951890073,0.5446735395189003,0.5491408934707904,1,ONGC
2024-07-11,292.8,299.85,288.1,297.45,36020507,0.02216494845360817,0.10003698224852076,0.020702108669984072,24522819.0,272.0475,267.97,1,0.39574464717066643,72.29223257004587,8.62755711723693,-0.017313834257858388,0.5545469826861658,0.5372331484283074,1,ONGC
2024-07-12,299.45,304.3,296.9,299.75,31788101,0.007732391998655164,0.06558833985069312,0.017336652733504373,25748337.9,273.5375,268.44399999999996,1,0.0405405350620912,73.40537035279127,8.539874466005724,-0.024854045037531237,0.5579649708090075,0.5331109257714762,1,ONGC
2024-07-15,304.35,315.9,301.25,314.8,51435537,0.05020850708924107,0.07808219178082187,0.021980229219556908,29716794.4,275.8375,269.155,1,0.7133105315146399,79.27315258739887,9.083454861291028,0.025571791613723034,0.5790978398983482,0.6046696315120712,0,ONGC
2024-07-16,315.85,319.75,312.1,314.95,37468292,0.000476493011435819,0.08472533149646955,0.020647902602762568,31016571.8,278.125,269.94599999999997,1,-0.11764704344483573,79.32212206273448,8.981065228341667,0.02508334656294661,0.5792983013176695,0.6043816478806161,1,ONGC
2024-07-18,317.3,325.3,313.95,323.75,48189915,0.02794094300682648,0.11254295532646053,0.019348331561689688,34923023.3,281.06,271.08,1,0.5682818882571002,82.00779265942302,9.150274854888693,-0.0027799227799227095,0.5907335907335908,0.587953667953668,0,ONGC
2024-07-19,325.05,325.2,310.45,312.0,26579496,-0.03629343629343629,0.048915784165405984,0.0323168768262498,36236506.0,283.39250000000004,271.916,1,-0.8847457027291057,69.10218558163116,9.550255222396643,0.034775641025641096,0.5753205128205128,0.6100961538461539,0,ONGC
2024-07-22,312.35,315.6,306.95,313.1,22234557,0.003525641025641013,0.04453711426188489,0.032445597712943815,34481765.5,285.8875,273.0,1,0.08670519228841674,69.58474881016207,9.485951277939742,0.031140210795273075,0.5768125199616736,0.6079527307569467,0,ONGC
2024-07-23,312.4,313.7,290.3,306.65,37871058,-0.020600447141488454,-0.02588945362134698,0.024548100124270764,32955251.5,288.0475,273.857,1,-0.2457264852253641,63.33815081117639,10.479811900944044,-0.046796021522908744,0.5679112995271481,0.5211152780042394,0,ONGC
2024-07-24,305.55,317.95,304.65,311.9,28259305,0.01712049567911289,-0.009684076837593314,0.026523711824734664,33912556.8,290.6125,274.885,1,0.47744357312454044,66.01258491461064,10.681253908019471,0.03510740621994244,0.5751843539596024,0.6102917601795449,1,ONGC
2024-07-25,310.45,329.45,308.55,327.75,42054664,0.05081756973388907,0.01235521235521242,0.03386407721517718,36190143.2,293.9325,276.113,1,0.8277511565669317,72.5282470207881,11.411164343160936,-0.014950419527078497,0.5957284515636918,0.5807780320366134,0,ONGC
2024-07-26,328.45,330.4,322.2,323.65,25703985,-0.012509534706331094,0.03733974358974357,0.028171937072196954,35158491.0,297.06,277.24800000000005,1,-0.5853657822724678,68.85126411694321,11.181795461506582,-0.0024718059632317458,0.5906071373397188,0.5881353313764871,1,ONGC
2024-07-29,325.8,331.4,322.85,324.95,26721790,0.004016684690251848,0.03784733312040878,0.02815472517488223,34651859.9,299.925,278.327,1,-0.09941519305085782,69.38131209810982,10.993810071398965,-0.006462532697337947,0.5922449607631943,0.5857824280658563,0,ONGC
2024-07-30,324.05,330.15,323.1,323.95,19792253,-0.0030773965225419087,0.05641610957117238,0.024607738360386554,31487531.5,302.8025,279.39,1,-0.01418439515115294,68.4168631411091,10.71210935201332,-0.003395585738539793,0.5909862633122396,0.5875906775736998,0,ONGC
2024-07-31,324.1,329.35,321.85,326.2,21393361,0.00694551628337714,0.04584802821417133,0.024423362228141933,29880038.4,305.7,280.468,1,0.2799999626666671,69.4459974369095,10.482672969726654,-0.010269773145309522,0.5938074800735745,0.583537706928265,0,ONGC
2024-08-01,329.7,336.45,329.1,333.55,36044960,0.022532188841201783,0.017696414950419515,0.012979762128438991,28665542.9,308.97249999999997,281.67100000000005,1,0.5238094525429371,72.58826276520033,10.466053471889037,0.0,0.6027582071653426,0.6027582071653426,0,ONGC
2024-08-02,329.9,329.9,320.8,322.2,22939377,-0.034027881876780186,-0.004480148308357745,0.02083766360117106,28301531.0,311.5625,282.688,1,-0.8461537531699193,61.986771375789964,10.629192509611247,0.0020173805090007266,0.5887647423960273,0.5907821229050281,0,ONGC
2024-08-05,312.7,315.55,298.65,302.8,37986023,-0.06021104903786456,-0.06816433297430369,0.033272592082601936,29876677.6,312.6375,283.211,0,-0.5857987819053949,48.853169214048506,11.552107330353303,-0.034676354029062086,0.5624174372523117,0.5277410832232496,0,ONGC
2024-08-06,307.25,314.75,297.85,298.75,28386636,-0.013375165125495414,-0.07778978237382306,0.03277591656518115,28928235.4,312.975,283.657,0,-0.5029585501207965,46.63187690554533,11.934099663899493,-0.021589958158995778,0.5564853556485355,0.5348953974895397,1,ONGC
2024-08-07,304.9,323.05,304.55,321.2,66110716,0.07514644351464428,-0.015328019619865074,0.05267140360894449,32713376.5,314.5175,284.661,1,0.8810810334550798,58.02514218123123,12.817378259335245,0.005136986301369969,0.5874844333748444,0.5926214196762143,0,ONGC
2024-08-08,321.1,321.1,314.0,315.0,23478224,-0.019302615193026118,-0.05561385099685212,0.051102125727934954,30855732.5,315.7175,285.606,0,-0.8591548085697457,54.560903092517016,12.416136955097013,0.024920634920634992,0.5793650793650794,0.6042857142857143,1,ONGC
2024-08-09,325.95,327.8,320.35,324.6,29814474,0.030476190476190546,0.007448789571694814,0.051769229819487006,31266781.4,317.075,286.791,1,-0.18120802936804545,58.67495017185062,12.443555744018655,-0.0053912507701786815,0.5918052988293284,0.5864140480591498,0,ONGC
2024-08-12,324.8,336.45,322.0,333.15,34754596,0.026340110905729963,0.10023117569352702,0.038241249844044305,32070062.0,318.745,288.248,1,0.5778546312903351,61.976873296355485,12.586873190874465,0.0,0.6022812546900795,0.6022812546900795,0,ONGC
2024-08-13,335.85,336.75,325.0,327.85,28943385,-0.01590874981239665,0.09740585774058585,0.038804319904755066,32985175.2,319.3975,289.645,1,-0.6808510058850208,58.83846567838201,12.527096534383432,-0.01525087692542321,0.5958517614762849,0.5806008845508617,0,ONGC
2024-08-14,327.8,328.45,319.0,320.3,17812763,-0.02302882415738905,-0.0028019925280198255,0.026354317260840348,32627115.4,319.665,290.505,1,-0.7936507096665926,54.597106255886246,12.307303924784614,0.007961286294099318,0.5863253200124883,0.5942866063065876,1,ONGC
2024-08-16,324.6,327.7,320.8,321.7,16584396,0.004370902279113187,0.021269841269841328,0.024114882715797127,30681059.0,319.5625,292.32599999999996,1,-0.4202897941609057,55.24140304882977,11.956782215871426,0.0035747590923221454,0.5881255828411563,0.5917003419334785,1,ONGC
2024-08-19,327.0,330.65,325.55,327.25,19636518,0.017252098228162982,0.008163894023413443,0.021081177149126894,30350773.1,320.325,294.039,1,0.049019598231451654,57.798126740936,11.742012057594895,-0.013445378151260434,0.5951107715813598,0.5816653934300994,0,ONGC
2024-08-20,327.8,327.95,320.2,322.2,14972714,-0.015431627196333064,-0.032868077442593346,0.016761765487873666,28049442.2,320.78,295.558,1,-0.722580551925093,54.734395026267755,11.456868339195259,0.0020173805090007266,0.5887647423960273,0.5907821229050281,0,ONGC
2024-08-21,322.75,323.55,318.7,319.85,11835143,-0.007293606455617496,-0.024401403080677175,0.015983871948253247,26394292.9,321.44,296.872,0,-0.5979380210436995,53.3180394128144,10.984949172109884,0.009379396592152572,0.5857433171799281,0.5951227137720807,0,ONGC
2024-08-22,320.7,322.6,315.85,316.6,13387819,-0.010161012974831962,-0.011551670309085216,0.013095280973587057,21122003.2,321.675,298.145,0,-0.6074073174211331,51.33941622637351,10.682452802673463,0.01974099810486418,0.5814908401768794,0.6012318382817435,0,ONGC
2024-08-23,316.65,317.0,309.95,311.25,13229612,-0.0168982943777638,-0.032483680447621954,0.013839195038754566,20097142.0,320.85,299.03,0,-0.7659573381620752,48.17040125410325,10.422991888196789,0.03726907630522096,0.5742971887550201,0.611566265060241,1,ONGC
2024-08-26,315.75,321.2,315.05,320.0,21346682,0.028112449799196693,-0.022154316271963292,0.018550635278057583,19250362.8,320.66749999999996,300.05199999999996,0,0.6910567982021492,53.25279142308677,10.38920675332559,0.00890625000000007,0.5859375,0.5948437500000001,0,ONGC
2024-08-27,321.5,324.6,318.2,321.0,20165503,0.0031250000000000444,-0.003724394785847296,0.01760773600009208,17791453.5,320.46999999999997,301.073,1,-0.07812498779297024,53.8102497410639,10.104263413802338,0.005763239875389479,0.5872274143302181,0.5929906542056076,0,ONGC
2024-08-28,320.8,322.4,316.9,319.95,12446738,-0.003271028037383217,0.00031264655307161604,0.017316242731722217,16141788.8,320.27,302.096,0,-0.15454542644629024,53.09430640445673,9.775387455673599,0.009063916236912124,0.5858727926238475,0.5949367088607596,0,ONGC
2024-08-29,318.3,322.25,317.15,321.7,13799961,0.005469604625722768,0.016108654453569127,0.016367228650321235,15740508.6,320.045,303.146,1,0.6666665359477306,54.1883214173018,9.441431208839772,0.0035747590923221454,0.5881255828411563,0.5917003419334785,0,ONGC
2024-08-30,322.55,326.4,321.65,322.85,19666466,0.0035747590923220773,0.03726907630522103,0.012036516440569007,16048715.6,319.51,304.30199999999996,1,0.0631578814404484,54.932210949266675,9.106328979636931,0.0,0.5895926901037634,0.5895926901037634,0,ONGC
2024-09-02,322.1,324.0,318.0,318.4,8975511,-0.013783490785194474,-0.0050000000000001155,0.00787991746304634,14982614.9,319.32000000000005,305.36300000000006,0,-0.6166665638889136,51.45068033701475,8.884448338234293,0.013976130653266475,0.5838567839195979,0.5978329145728645,0,ONGC
2024-09-03,319.15,320.15,313.95,314.5,10321111,-0.012248743718592858,-0.02024922118380057,0.00882222826664838,14517454.6,319.90500000000003,306.389,0,-0.7499998790322753,48.54670971140487,8.692702028360413,0.026550079491256033,0.5786963434022258,0.6052464228934817,0,ONGC
2024-09-04,307.45,308.65,301.0,306.85,25397204,-0.024324324324324298,-0.04094389748398175,0.01258019355089232,15873660.7,320.31,307.25699999999995,0,-0.07843136229654972,43.37512813680689,9.036080454906097,-0.047417304872087375,0.5681929281407855,0.5207756232686981,0,ONGC
2024-09-05,309.35,309.35,302.75,303.95,15571640,-0.0094508717614471,-0.055175629468448895,0.010017039303362802,16092042.8,319.4475,308.124,0,-0.8181816942148972,41.56738177875879,8.862074708127091,-0.038328672479026084,0.5640730383286725,0.5257443658496463,0,ONGC
2024-09-06,304.05,305.65,296.45,301.4,27946491,-0.008389537752919951,-0.06643952299829659,0.006348762030549914,17563730.7,318.76750000000004,308.925,0,-0.28804344695180334,39.98916755204402,8.886212228975156,-0.030192435301924243,0.5603848706038487,0.5301924353019244,0,ONGC
2024-09-09,301.3,301.3,287.6,291.75,30369085,-0.032017252820172426,-0.08369974874371855,0.01039781280741766,18465971.0,317.125,309.538,0,-0.697080241089035,34.63063840137812,9.237197069762642,0.0018851756640960115,0.5458440445586975,0.5477292202227936,0,ONGC
2024-09-10,292.9,294.3,287.95,288.5,15618589,-0.011139674378748965,-0.08267090620031792,0.010542956529904777,18011279.6,314.89250000000004,309.955,0,-0.6929132767065646,33.02556738453545,9.03096870763674,0.0131715771230503,0.5407279029462738,0.5538994800693241,0,ONGC
2024-09-11,285.4,285.4,276.45,278.45,44826300,-0.03483535528596193,-0.09255336483623933,0.013092184222933814,21249235.8,312.4225,310.196,0,-0.7765362260853377,28.6097139117998,9.246613799948403,0.0028730472257138136,0.5241515532411564,0.5270246004668702,1,ONGC
2024-09-12,281.1,287.7,279.65,287.0,21964895,0.030705692224815895,-0.05576575094587921,0.026248602029078014,22065729.2,310.7575,310.571,0,0.7329191636125225,36.40084399084295,9.24685567138066,0.018466898954703874,0.5383275261324042,0.5567944250871081,0,ONGC
2024-09-13,288.6,290.15,284.1,284.45,13672371,-0.008885017421602859,-0.056237558062375514,0.02623657737297877,21466319.7,308.895,310.89799999999997,0,-0.6859502998429364,35.168110713035716,9.018508837710609,-0.018280892951309507,0.5341887853752856,0.5159078924239762,1,ONGC
2024-09-16,287.75,288.35,284.4,285.5,10971110,0.003691334153629766,-0.02142245072836335,0.023923086638677545,21665879.6,306.8075,311.2,0,-0.5696201089569278,36.12730527442205,8.656472492159855,-0.021891418563922942,0.5359019264448336,0.5140105078809106,1,ONGC
2024-09-17,286.65,289.5,285.15,287.6,11873436,0.007355516637478132,-0.0031195840554592014,0.02399083236147412,21821112.1,305.0775,311.32599999999996,0,0.21839075439293934,38.09983922122677,8.348867314148439,0.016342141863699543,0.5392906815020863,0.5556328233657858,0,ONGC
2024-09-18,290.5,290.65,281.0,283.45,13421760,-0.014429763560500852,0.0179565451607111,0.01753382805517725,20623567.7,303.2575,311.155,0,-0.7305698724798089,35.75019987241538,8.441805363137835,-0.014817428117833794,0.5325454224730993,0.5177279943552655,0,ONGC
2024-09-19,280.5,282.3,275.75,278.4,17067311,-0.017816193332157337,-0.02996515679442513,0.011082610602309155,20773134.8,301.34749999999997,310.916,0,-0.3206106380747146,33.07699595698409,8.388819265770845,0.0030531609195403116,0.524066091954023,0.5271192528735633,1,ONGC
2024-09-20,280.15,282.15,278.35,279.4,16585530,0.0035919540229885083,-0.01775355950079105,0.011664734962039265,19637038.7,299.755,310.68399999999997,0,-0.19736836911358943,34.12738890694631,8.061046461072925,-0.0005368647100929753,0.5257695060844667,0.5252326413743738,1,ONGC
2024-09-23,281.5,289.3,280.65,288.4,14621229,0.0322118826055835,0.010157618213660236,0.02004011924168361,18062253.1,298.175,310.503,0,0.7976877690534314,42.82516952255551,8.192400285282003,0.013522884882108302,0.5405686546463245,0.5540915395284328,0,ONGC
2024-09-24,289.2,294.75,287.65,292.3,16986759,0.013522884882108288,0.016342141863699533,0.020619531078006015,18199070.1,296.74,310.35400000000004,0,0.4366196568141346,46.14370759033558,8.114371693476148,0.0,0.5466985973315087,0.5466985973315087,0,ONGC
2024-09-25,292.3,294.0,289.6,291.55,10609614,-0.0025658569962367928,0.028576468512965247,0.018640128079212087,14777401.5,295.32000000000005,309.88899999999995,0,-0.1704545067148857,45.59562447110402,7.849059429656421,0.0025724575544503513,0.5455324987137712,0.5481049562682216,0,ONGC
2024-09-26,289.95,291.55,284.5,288.15,27812412,-0.011661807580175099,0.0350215517241379,0.016804527283302822,15362153.2,293.6425,309.353,0,-0.2553191127206944,43.09655226500565,7.791983756109535,0.014402221065417437,0.5401700503210133,0.5545722713864307,0,ONGC
2024-09-27,285.7,291.3,282.75,290.1,35706130,0.00676730869338904,0.0382963493199715,0.016702286706523982,17565529.1,292.005,308.68,0,0.5146198228514861,44.95982247292549,7.8461277735302835,0.007583591864874142,0.5432609445018959,0.5508445363667701,0,ONGC
2024-09-30,289.9,294.6,286.7,290.5,16294341,0.0013788348845225062,0.00728155339805836,0.009514103570458773,18097852.2,290.61,308.25,0,0.07594935747476743,45.35509533216497,7.849975789706694,0.006196213425129127,0.5438898450946644,0.5500860585197935,0,ONGC
2024-10-01,289.9,292.0,283.75,284.95,10919818,-0.019104991394148008,-0.025145398563120147,0.0103490053341134,18002490.4,289.1325,307.687,0,-0.5999999272727348,40.959757865961706,7.878548947584788,-0.020003509387611824,0.5350061414283207,0.515002632040709,0,ONGC
2024-10-03,287.95,290.85,283.6,285.05,28124665,0.0003509387611861925,-0.022294632138569748,0.010602254559872572,19472780.9,288.0425,307.255,0,-0.39999994482759066,41.070570703635845,7.833652594185874,-0.02034730748991409,0.5351692685493773,0.5148219610594632,1,ONGC
2024-10-04,289.9,292.55,286.2,288.2,23104209,0.011050692860901545,0.0001735207357278501,0.0115639537786737,20076470.7,287.255,306.781,1,-0.2677164932729904,44.5980329036818,7.80982026602974,0.014226231783483772,0.5402498265093685,0.5544760582928523,0,ONGC
2024-10-07,288.9,289.2,274.75,282.5,20917962,-0.019777931991672437,-0.026197862805929062,0.01363856476476125,20509713.9,286.31,305.87600000000003,0,-0.4429065437434906,39.93918706834264,8.284118818456186,-0.011504424778761062,0.5309734513274337,0.5194690265486726,0,ONGC
2024-10-08,281.25,286.85,273.85,286.45,10572360,0.013982300884955778,-0.013941480206540513,0.016104878514336517,20104827.0,286.04499999999996,305.13199999999995,1,0.39999996923077075,44.28287167686283,8.620967474280745,0.02042241228835756,0.5374410891953221,0.5578635014836796,0,ONGC
2024-10-09,284.3,284.9,280.0,281.6,13147475,-0.01693140164077489,-0.011756448499736671,0.015571863424263954,19720898.6,285.7,304.265,0,-0.551020295710144,40.41770640327778,8.465898368974976,-0.008345170454545534,0.5294744318181819,0.5211292613636364,1,ONGC
2024-10-10,281.8,285.15,280.65,281.85,7237212,0.0008877840909091717,-0.011226100684090468,0.015596242171534803,19383658.4,285.87,303.423,0,0.011111108641978383,40.70500485385642,8.182619914048193,-0.009224764945893285,0.5298917864112117,0.5206670214653184,1,ONGC
2024-10-11,284.35,286.6,282.55,285.55,7011704,0.013127550115309417,-0.009195003469812502,0.01605681854970905,17303587.6,285.7975,302.61,0,0.2962962231367314,44.9367934499227,7.937432777330464,-0.022062686044475612,0.5359831903344423,0.5139205042899667,0,ONGC
2024-10-14,285.7,285.9,278.3,279.65,12690951,-0.020661880581334335,-0.01008849557522129,0.0163079417199546,15002069.7,285.5575,301.532,0,-0.7960525268351989,40.030717457815896,7.913330436092571,-0.0014303593777935896,0.5261934561058466,0.524763096728053,0,ONGC
2024-10-15,279.55,279.55,274.15,276.9,15087155,-0.009833720722331463,-0.033339151684412704,0.013785323218652385,14881351.1,285.1275,300.62600000000003,0,-0.4907406498628458,37.95092534557003,7.740949690657388,0.00018057060310585545,0.5214879017695919,0.5216684723726978,0,ONGC
2024-10-16,276.25,280.35,273.95,278.55,18188885,0.005958829902491969,-0.01083096590909094,0.013323884856729319,15608257.8,284.675,300.14099999999996,0,0.3593749438476649,39.96630810308399,7.645167569896148,0.002513013821575978,0.5243223837731108,0.5268353975946868,0,ONGC
2024-10-17,278.2,280.7,274.2,274.85,13343303,-0.013283073056901795,-0.02483590562355864,0.014017433325077381,14130121.6,284.245,299.663,0,-0.5153845360946815,37.05945105546062,7.563369886332137,0.00654902674185903,0.5179188648353648,0.5244678915772238,0,ONGC
2024-10-18,275.25,277.7,272.5,276.5,14028398,0.006003274513370904,-0.031693223603572074,0.011928364685882046,13222540.5,284.15,298.769,0,0.24038456915681414,39.183752601277234,7.394557751594127,0.0005424954792042577,0.5207956600361664,0.5213381555153707,0,ONGC
2024-10-21,274.4,277.2,268.0,270.0,10299773,-0.023508137432188048,-0.0345074199892722,0.012816193516489133,12160721.6,283.67999999999995,297.869,0,-0.47826081758034406,34.275928759152734,7.523517912194547,0.024629629629629547,0.5092592592592593,0.5338888888888889,0,ONGC
2024-10-22,271.35,271.5,263.55,264.3,10028511,-0.02111111111111108,-0.045503791982665076,0.014354422797627619,12106336.7,282.475,296.663,0,-0.8867923412839849,30.650445425603877,7.553980918466364,0.04672720393492231,0.49867574725690506,0.5454029511918274,0,ONGC
2024-10-23,263.55,267.85,258.7,264.35,18823321,0.00018917896329928574,-0.050978280380542085,0.013000428541049816,12673921.3,281.0775,295.28700000000003,0,0.08743168443369662,30.71967098200109,7.667982281433055,0.04652922262152432,0.498770569320976,0.5452997919425003,0,ONGC
2024-10-24,265.4,265.95,261.95,262.65,7488521,-0.00643086816720273,-0.044387847917045864,0.012974019294953846,12699052.2,279.6325,293.983,0,-0.687499828125043,29.636460837112708,7.40598354704498,0.05330287454787741,0.4955263658861602,0.5488292404340377,0,ONGC
2024-10-25,263.55,263.85,255.35,257.75,12961181,-0.018656006091756994,-0.06781193490054249,0.010261930362927383,13293999.9,278.1125,292.73199999999997,0,-0.6823528608996625,26.712676073150675,7.484127579398913,0.07332686711930156,0.4859359844810863,0.5592628516003879,0,ONGC
2024-10-28,254.4,258.7,249.2,257.05,13835091,-0.0027158098933074415,-0.047962962962962874,0.009587431960176517,13408413.9,276.46,291.439,0,0.2789473390581755,26.313300926327372,7.628118466584705,0.07624975685664254,0.4845360824742268,0.5607858393308693,0,ONGC
2024-10-29,257.05,259.2,253.2,258.65,9122757,0.006224469947480937,-0.021377222852818845,0.009274425873755494,12811974.1,274.86749999999995,290.067,0,0.2666666222222239,28.92885426018391,7.511824290400083,0.06959211289387203,0.48772472453121973,0.5573168374250917,0,ONGC
2024-10-30,258.65,259.85,254.8,255.4,11166643,-0.012565242605837912,-0.03385662946850776,0.009490158999340765,12109749.9,273.39,288.731,0,-0.6435642289971752,26.84447183120301,7.335979698228649,0.08320281910728258,0.4812059514487079,0.5644087705559905,1,ONGC
2024-10-31,257.1,261.9,254.9,259.8,16173656,0.017227877838684513,-0.010850942318674894,0.01437763434327573,12392785.2,272.1275,287.53,0,0.3857142306122527,33.798957222093605,7.311981148355172,0.064857582755966,0.4899923017705928,0.5548498845265588,0,ONGC
2024-11-01,263.35,267.45,262.2,265.25,2955757,0.020977675134719043,0.029097963142580063,0.013882859078736359,11285521.1,270.98,286.50300000000004,0,0.36190469297053035,41.2490434611607,7.336125352044086,0.04297832233741745,0.5004712535344015,0.543449575871819,0,ONGC
2024-11-04,267.45,267.8,253.9,258.95,14355959,-0.023751178133836093,0.007391558062633585,0.019264243635731808,11691139.7,269.8025,285.457,0,-0.6115107473733273,36.180330173640165,7.804973541183794,0.06835296389264332,0.48831820814829113,0.5566711720409345,0,ONGC
2024-11-05,258.85,262.15,257.3,261.0,11676017,0.007916586213554844,0.009085636961144505,0.019379811194864573,11855890.3,268.53000000000003,284.277,0,0.44329887767033294,38.81500352249761,7.593904002527807,0.059961685823754704,0.49233716475095785,0.5522988505747125,0,ONGC
2024-11-06,261.3,264.1,258.05,262.6,19244545,0.006130268199233901,0.028191072826938113,0.017598079464246772,11898012.7,267.58,283.10900000000004,0,0.2148759975411589,40.86689192449165,7.4836251452043925,0.05350342726580332,0.49543031226199546,0.5489337395277988,0,ONGC
2024-11-07,264.0,264.0,258.45,258.85,6766663,-0.014280274181264319,-0.003656658968437254,0.01807312753828349,11825826.9,266.43,281.887,0,-0.9279277607337307,37.67764249329803,7.34550906340408,0.0687656944176162,0.48812053312729387,0.55688622754491,0,ONGC
2024-11-08,259.6,260.1,253.45,256.25,7836093,-0.010044427274483403,-0.03393025447690856,0.013579330131529722,11313318.1,264.96500000000003,280.578,0,-0.5037593227429598,35.60305883304389,7.295829844589505,0.0796097560975609,0.48292682926829267,0.5625365853658536,0,ONGC
2024-11-11,256.05,256.05,249.85,250.75,8450657,-0.02146341463414636,-0.03166634485421893,0.012886484243404538,10774874.7,263.52,279.136,0,-0.8548385718002298,31.63491075232446,7.231841998547398,0.1032901296111664,0.4715852442671984,0.5748753738783648,0,ONGC
2024-11-12,254.6,256.9,249.3,250.0,22445400,-0.0029910269192422456,-0.04214559386973182,0.010585792878166807,12107139.0,262.175,277.768,0,-0.60526307825486,31.12546301644636,7.258138998651153,0.1065999999999999,0.47,0.5765999999999999,0,ONGC
2024-11-13,250.0,250.8,243.05,246.5,17483332,-0.014000000000000012,-0.06130997715156139,0.0067490184538397556,12738807.9,260.5725,276.408,0,-0.45161284495318127,28.795003202753477,7.293271927318927,0.12231237322515204,0.46247464503042596,0.584787018255578,0,ONGC
2024-11-14,246.5,248.2,243.05,244.8,12454540,-0.006896551724137834,-0.05427853969480401,0.007077196321959239,12366896.3,259.07000000000005,275.16700000000003,0,-0.33009702328213064,27.70976709849232,7.140181075367574,0.13010620915032664,0.4587418300653595,0.5888480392156862,0,ONGC
2024-11-18,245.1,246.05,241.2,244.65,14636541,-0.0006127450980392135,-0.04526829268292676,0.008529789606671372,13534974.7,257.4775,273.981,0,-0.09278348602402071,27.61088573139287,6.97659671284132,0.13079910075618217,0.4584099734314327,0.5892090741876148,1,ONGC
2024-11-19,250.0,255.4,247.1,248.0,17397559,0.013693030860412847,-0.010967098703888345,0.010210579103698825,13839134.7,256.3775,272.913,0,-0.24096382638990013,33.33268699678577,7.246125519066941,0.115524193548387,0.4657258064516129,0.5812499999999999,0,ONGC
2024-11-21,248.0,248.0,240.8,242.15,16189440,-0.02358870967741933,-0.031399999999999983,0.014058891329414437,14290477.0,255.27000000000004,271.92100000000005,0,-0.812499887152794,29.019094579900184,7.242830839133587,0.14247367334296912,0.45281850092917614,0.5952921742721452,1,ONGC
2024-11-22,244.8,246.95,243.5,245.6,9637581,0.014247367334296879,-0.0036511156186612714,0.015754821314010917,13329780.6,254.33249999999998,271.063,0,0.23188399075825936,34.40991527712444,7.068342922052615,0.1264250814332247,0.4605048859934853,0.58692996742671,1,ONGC
2024-11-25,248.5,260.5,247.95,257.9,31973671,0.05008143322475567,0.053513071895424646,0.026814700335489803,15850481.4,254.09500000000003,270.652,1,0.749003924382155,49.21786701936527,7.627746999048857,0.07270259790616519,0.4862349747964327,0.5589375727025979,0,ONGC
2024-11-26,256.95,258.25,252.55,254.25,9242451,-0.014152772392400093,0.03923973022685456,0.028856816377759976,15991117.2,253.92000000000002,269.997,1,-0.47368412742383625,45.90581650907735,7.490050784831081,0.0881022615535889,0.47885939036381514,0.566961651917404,0,ONGC
2024-11-27,255.0,255.5,250.55,254.3,11689970,0.0001966568338249708,0.0254032258064516,0.028828926564866086,16315048.5,253.78249999999997,269.394,1,-0.1414141128456318,45.95946476746853,7.308618585914575,0.08788832088084925,0.4789618560755014,0.5668501769563506,0,ONGC
2024-11-28,255.0,257.4,251.2,252.2,14202863,-0.008257963035784632,0.041503200495560444,0.025617089327112947,15490794.8,253.46000000000004,268.728,0,-0.45161283038503003,43.986329953165686,7.229431544063533,0.09694686756542423,0.4746233148295004,0.5715701823949246,1,ONGC
2024-11-29,253.8,258.65,252.25,256.7,11476347,0.01784298176050747,0.045195439739413645,0.02587068116207667,14890096.3,253.525,268.11,1,0.45312492919922787,49.035579020199826,7.173757862344708,0.07771717958706657,0.4838332684067004,0.561550447993767,0,ONGC
2024-12-02,255.5,258.3,252.7,257.55,13677959,0.0033112582781458233,-0.0013571151609149679,0.01222339326598103,15012438.2,253.4125,267.592,1,0.3660713632015428,49.95327644056317,7.061346586462944,0.07416035721219168,0.485536788973015,0.5596971461852066,0,ONGC
2024-12-03,260.4,264.7,258.85,262.35,15345326,0.01863715783343034,0.031858407079646156,0.011657111193713158,15083316.7,253.26749999999998,267.27099999999996,1,0.3333332763532958,54.89280225231736,7.067678973144161,0.05450733752620527,0.494949494949495,0.5494568324757003,0,ONGC
2024-12-04,263.85,264.3,260.0,260.7,10713838,-0.0062893081761007386,0.02516712544239086,0.012815773935522932,14414944.6,253.35499999999996,266.897,1,-0.7325579691725713,52.95786250210574,6.869987617919579,0.06118143459915608,0.49175297276563096,0.552934407364787,0,ONGC
2024-12-05,260.7,263.25,256.9,261.3,12896743,0.0023014959723821615,0.03608247422680422,0.010783703135994806,14085674.9,253.36999999999998,266.355,1,0.09448817409635378,53.59838898897171,6.832845645211039,0.05874473784921533,0.49292001530807505,0.5516647531572904,0,ONGC
2024-12-06,260.8,263.0,259.55,260.05,8783386,-0.004783773440489858,0.013050253213868324,0.009890893294268628,14000255.4,253.2425,265.71,1,-0.2173912413358728,52.00956171524085,6.59121381341025,0.06383387810036519,0.49048259950009615,0.5543164776004613,0,ONGC
2024-12-09,260.05,261.35,257.7,258.9,6800856,-0.004422226494904979,0.005241700640652214,0.010352662775654211,11482973.9,253.24499999999998,265.057,1,-0.31506840683057985,50.525645663164475,6.381127112452377,0.06855928930088838,0.4882193897257628,0.5567786790266511,0,ONGC
2024-12-10,257.65,258.75,254.5,256.9,11318782,-0.0077249903437620615,-0.020773775490756763,0.0038551612448361255,11690607.0,253.2775,264.432,1,-0.17647054671281254,47.962659654768515,6.239618032991492,0.07687816270922539,0.48423511093810817,0.5611132736473335,0,ONGC
2024-12-11,257.5,258.7,255.65,256.6,5353032,-0.0011677695601399751,-0.015726889144610512,0.00383620618690175,11056913.2,253.57,263.762,1,-0.2950818704649547,47.57283496812353,6.011788173492099,0.07813717848791876,0.4836321122369447,0.5617692907248635,0,ONGC
2024-12-12,258.0,258.6,253.6,254.05,7123877,-0.009937646141855105,-0.027745885954841176,0.0033551652653677393,10349014.6,253.77249999999998,263.033,1,-0.7899998420000248,44.278536475567215,5.9395175896712376,0.08895886636488866,0.47844912418815194,0.5674079905530406,0,ONGC
2024-12-13,253.0,256.8,249.5,254.25,11143128,0.000787246604998959,-0.022303403191693993,0.004445028226547139,10315692.7,254.16,262.419,1,0.17123285325577325,44.60255374531151,6.036694904694722,0.0881022615535889,0.47885939036381514,0.566961651917404,0,ONGC
2024-12-16,254.0,256.3,251.2,251.8,7283872,-0.00963618485742379,-0.02742371572035518,0.005001064088411735,9676284.0,254.51,261.754,0,-0.4313724644367675,41.424755170284726,5.969788125787957,0.09868943606036523,0.4737887212073074,0.5724781572676726,0,ONGC
2024-12-17,251.75,252.45,246.5,247.4,10066884,-0.017474185861795055,-0.03697936940443747,0.00739534254425732,9148439.8,254.64749999999998,260.938,0,-0.7310923141021325,36.40787987560526,5.968374688231674,0.11822958771220683,0.46443007275666937,0.5826596604688762,0,ONGC
2024-12-18,247.4,247.5,243.4,244.15,8430930,-0.013136620856911918,-0.048519095869057005,0.0067477803013507994,8920149.0,254.455,260.171,0,-0.7926827334920173,33.20868697136039,5.834919353357983,0.13311488838828578,0.45730083964775753,0.5904157280360434,0,ONGC
2024-12-19,240.0,243.95,238.55,241.85,9518542,-0.009420438255171026,-0.048022042904940054,0.006750629403367621,8582328.9,254.43999999999997,259.279,0,0.34259252914953203,31.124320514040363,5.8181393995466975,0.14389084143063877,0.45213975604713663,0.5960305974777754,0,ONGC
2024-12-20,241.5,244.15,235.3,237.1,15556528,-0.01964027289642345,-0.06745329400196665,0.004597485251846668,9259643.1,254.01500000000001,258.389,0,-0.49717508506496316,27.311715551549653,6.034700871007646,0.16680725432307036,0.4411640657950232,0.6079713201180935,1,ONGC
2024-12-23,238.25,242.3,236.85,240.85,7722901,0.015816111345423822,-0.04348689436060371,0.014299414299497383,9351847.6,253.1625,257.569,0,0.47706413264878045,34.16789267459207,5.992936523078529,0.14864023250986083,0.44986506124143655,0.5985052937512975,0,ONGC
2024-12-24,241.0,243.25,238.6,238.95,3577400,-0.00788872742370772,-0.034155214227970965,0.013458745428028166,8577709.4,252.39749999999998,256.637,0,-0.4408601202451373,32.4954648652631,5.897012485715777,0.15777359280184136,0.4454906884285415,0.6032642812303829,1,ONGC
2024-12-26,240.0,242.0,239.0,240.25,6330006,0.005440468717304858,-0.01597378660659432,0.013849295225991876,8675406.8,251.69500000000002,255.849,0,0.08333330555556481,34.84536255031948,5.693654451021794,0.15150884495317368,0.44849115504682624,0.5999999999999999,0,ONGC
2024-12-27,240.0,241.0,236.3,236.9,6487888,-0.013943808532778323,-0.02046723175522014,0.014494921807876029,8611807.9,250.92999999999998,255.04899999999998,0,-0.6595743277501434,31.775657257259724,5.622679133091665,0.16779231743351614,0.44069227522161253,0.6084845926551287,0,ONGC
2024-12-30,236.05,237.0,231.15,232.65,19401112,-0.017940059096665295,-0.01876845212990297,0.014050685507172716,9437606.3,249.72750000000002,254.13100000000003,0,-0.5811964818467568,28.362017958509654,5.638916337870831,0.18912529550827412,0.430474962389856,0.6196002578981301,1,ONGC
2024-12-31,232.65,239.9,232.35,239.25,12004845,0.028368794326241176,-0.00664313888312229,0.0187468828263086,9909703.6,248.8125,253.419,0,0.8741720696460814,39.27259029474407,5.775422313737201,0.15632183908045968,0.44618599791013586,0.6025078369905955,1,ONGC
2025-01-01,237.81,239.24,236.35,236.95,9418453,-0.009613375130616553,-0.008369951872776782,0.018915989817855333,9844860.5,247.54250000000002,252.628,0,-0.2975777517032033,37.14923509930992,5.570035005613116,0.16754589575859882,0.44081029753112466,0.6083561932897235,1,ONGC
2025-01-02,237.05,246.78,237.0,246.07,19745810,0.0384891327284238,0.024224765868886555,0.02629763043662518,10976348.5,246.811,252.14939999999999,0,0.9222902942443443,48.93831541688997,5.874318219497894,0.12427358068842194,0.46153533547364567,0.5858089161620676,1,ONGC
2025-01-03,248.45,262.75,247.99,258.89,49760410,0.05209899622058756,0.09282397636133388,0.030593505751502627,15000535.3,246.69050000000001,252.04120000000003,1,0.7073170252495243,60.23089270592542,6.646152632390902,0.06860056394607746,0.48819962146085205,0.5568001854069295,0,ONGC
2025-01-06,259.11,259.5,251.45,254.36,19265884,-0.01749777897948923,0.09331614012465073,0.030462958756550244,15371470.9,246.406,251.8414,1,-0.5900620385016093,55.555482534179156,6.746427444362981,0.08763170309797123,0.4790847617549929,0.5667164648529642,1,ONGC
2025-01-07,259.15,267.4,258.05,263.49,52956766,0.035894008491901275,0.10131661442006279,0.03125607691308371,19894857.4,246.6355,251.8582,1,0.46417107335069246,61.96393613338263,7.195968341194194,0.0499449694485558,0.4971346161144636,0.5470795855630194,0,ONGC
2025-01-08,266.45,273.5,265.75,271.33,42237794,0.029754449884245915,0.1450939016670183,0.026579629229400412,23760896.8,247.35699999999997,252.1298,1,0.6296773381061493,66.43900611177682,7.396970602537466,0.019607120480595562,0.5116647624663694,0.5312718829469649,0,ONGC
2025-01-09,272.03,272.59,261.71,263.18,14706472,-0.03003722404452136,0.0695330596984598,0.03574374758985473,24598543.4,247.686,252.25239999999997,1,-0.8134190428842764,58.706556486237176,7.645758416641932,0.051181700737137965,0.4965422904476024,0.5477239911847404,0,ONGC
2025-01-10,264.0,266.5,258.47,263.02,13053552,-0.0006079489322897702,0.01595272123295599,0.028814906220339446,25255109.8,248.13450000000003,252.3398,1,-0.12204232602212897,58.56245769951363,7.67320424402465,0.051821154284845246,0.4962360276785035,0.5480571819633487,0,ONGC
2025-01-13,266.03,268.6,254.61,255.73,20416370,-0.02771652345829212,0.005386066991665217,0.030959238752078514,25356635.6,248.20850000000002,252.3464,1,-0.7362401189249362,52.26743715322964,8.124403940880033,0.0818050287412505,0.48187541547726115,0.5636804442185116,1,ONGC
2025-01-14,257.52,262.0,256.82,260.37,8470150,0.01814413639385304,-0.01184105658658774,0.02675561502460946,25003166.1,248.637,252.3578,1,0.5501929439781998,55.543050643450954,7.991946516531459,0.06252640473172782,0.4911088066981603,0.5536352114298881,0,ONGC
2025-01-15,260.9,264.47,257.69,258.18,9344731,-0.008411107270422824,-0.04846496885711116,0.01998635194895841,24995793.9,249.17600000000002,252.2164,1,-0.4011798818318697,53.67095497482695,7.905378908207785,0.07153923619180405,0.4867921605081726,0.5583313966999767,1,ONGC
2025-01-16,260.0,265.63,260.0,263.18,14195450,0.019366333565729255,0.0,0.01964348791772837,24440757.9,250.1275,252.30100000000002,1,0.5648311607759944,57.21651649065255,7.8728518433358,0.051181700737137965,0.4965422904476024,0.5477239911847404,0,ONGC
2025-01-17,262.0,267.0,261.3,266.57,12148143,0.012880918002887709,0.013497072465972204,0.020423295852401442,20679531.2,251.36350000000002,252.41240000000002,1,0.8017542453062732,59.48068205123414,7.717648140240385,0.03781370746895744,0.5029448174963425,0.5407585249652999,0,ONGC
2025-01-20,268.1,270.47,265.01,269.36,9676264,0.010466294031586498,0.053298400656943024,0.011184185331046674,19720569.2,252.9765,252.5476,1,0.23076918850380843,61.29609732444488,7.556387558794646,0.027064152064151928,0.5080932580932581,0.53515741015741,0,ONGC
2025-01-21,268.05,269.35,264.81,265.8,8989218,-0.013216513216513182,0.02085493720474707,0.014204012942406436,15323814.4,254.224,252.6866,1,-0.49559460449457826,57.741176248626246,7.341645590309315,0.04082016553799837,0.5015048908954101,0.5423250564334084,0,ONGC
2025-01-22,266.0,266.39,261.71,264.05,7919682,-0.00658389766741907,0.022736075606166306,0.013816094027654404,11892003.2,255.47899999999998,252.84259999999998,1,-0.4166665776353436,56.02120065024894,7.151528048144364,0.04771823518273041,0.4982010982768415,0.5459193334595719,0,ONGC
2025-01-23,263.0,263.83,261.17,263.05,5026675,-0.0037871615224389643,-0.0004939585074853481,0.011267390194998853,10924023.5,256.619,253.0886,1,0.018796985414671636,55.0127682454674,6.846418901848338,0.051701197490971164,0.49629348032693404,0.5479946778179052,0,ONGC
2025-01-24,262.99,265.64,255.75,256.51,6306281,-0.024862193499334828,-0.037738680271598435,0.012956558876935132,10249296.4,257.5995,253.2188,0,-0.6552072138314271,48.82291291040307,7.063817551716313,0.07851545748703749,0.4834509375852793,0.5619663950723168,0,ONGC
2025-01-27,255.0,256.44,249.51,250.78,6944911,-0.022338310397255423,-0.06897831897831908,0.009318059751929062,8902150.5,258.506,253.3044,0,-0.6089465210755373,44.137125291769145,7.059259155165148,0.103158146582662,0.471648456814738,0.5748066033974,0,ONGC
2025-01-28,250.0,252.4,246.71,248.68,8029472,-0.008373873514634367,-0.06440933032355156,0.009684791090057196,8858082.7,258.97749999999996,253.382,0,-0.23198589947523623,42.526237715618855,6.96145492979621,0.11247386199131401,0.46718674601898025,0.5796606080102943,1,ONGC
2025-01-29,248.9,252.0,247.0,251.4,5651586,0.010937751327006584,-0.04790759325885252,0.01459670245205359,8488768.2,259.7,253.517,0,0.49999990000002,45.31043466223083,6.821351006239338,0.10043754972155915,0.47295147175815433,0.5733890214797135,0,ONGC
2025-01-30,252.0,259.4,250.94,256.72,12588155,0.02116149562450298,-0.024063866185135896,0.02027607879854215,8328038.7,260.2325,253.69140000000004,0,0.5579195558014756,50.374112041508575,6.938397362936526,0.07763321907136159,0.4838734808351512,0.5615066999065128,0,ONGC
2025-01-31,257.01,263.49,255.21,262.61,8850307,0.02294328451230898,0.023780749288526914,0.01965048543938387,7998255.1,260.4185,254.1006,1,0.6763284207332853,55.30790187344727,7.034226122726774,0.05346331061269549,0.4954495259129508,0.5489128365256463,0,ONGC
2025-02-01,259.55,262.5,253.75,257.55,10921673,-0.01926811621796576,0.026995773187654448,0.018608208727369055,8122796.0,260.57800000000003,254.33960000000002,0,-0.2285714024489826,50.649200676657195,7.164638542532005,0.07416035721219168,0.485536788973015,0.5596971461852066,0,ONGC
2025-02-03,255.6,256.35,244.85,249.0,25719512,-0.033197437390797946,0.0012867942737655458,0.025327058624630847,9795825.4,259.85350000000005,254.1616,0,-0.5739129935727812,43.91762409398731,7.560021503779721,0.11104417670682722,0.4678714859437751,0.5789156626506023,1,ONGC
2025-02-04,252.4,257.5,252.0,254.1,8402532,0.02048192771084345,0.010739856801909253,0.02663483733721318,9844110.4,258.992,254.15859999999998,0,0.3090908528925701,48.32905371470413,7.627162824938312,0.08874458874458868,0.478551751279024,0.5672963400236126,1,ONGC
2025-02-05,259.0,263.0,257.75,261.65,11590755,0.029712711530893277,0.019203801807416543,0.028357581296292407,10500518.4,258.9155,254.30560000000003,1,0.504761808616794,54.08679350575135,7.718079766014148,0.05732849226065355,0.49359831836422696,0.5509268106248806,0,ONGC
2025-02-06,262.65,262.95,254.3,256.15,12327998,-0.02102044716223961,-0.024599215566810217,0.02787941191855736,11102690.1,258.572,254.38459999999998,0,-0.75144499983295,49.73868531359496,7.784645497013136,0.08003123170017569,0.48272496584032787,0.5627561975405035,0,ONGC
2025-02-07,252.95,253.85,247.5,248.9,10098454,-0.02830372828420835,-0.0335857115123277,0.02931884218341553,11418044.4,258.2305,254.2286,0,-0.637795175150364,44.643843714962394,7.846456532940768,0.11149055845721162,0.467657693852953,0.5791482523101646,0,ONGC
2025-02-10,248.95,249.6,241.8,242.45,7582536,-0.025914021695460088,-0.026305220883534153,0.02780024903184337,11373350.8,257.33450000000005,253.9266,0,-0.833333226495742,40.654082201796605,7.843138209159283,0.14106001237368526,0.45349556609610225,0.5945555784697876,0,ONGC
2025-02-11,242.45,242.45,236.8,238.95,6711630,-0.014435966178593551,-0.059622195985832405,0.023909537636702935,11479355.2,256.373,253.45860000000002,0,-0.6194689169081588,38.63630170776852,7.686485479933618,0.15777359280184136,0.4454906884285415,0.6032642812303829,0,ONGC
2025-02-12,239.0,241.25,234.15,237.4,5985956,-0.006486712701401887,-0.09268106248805641,0.008882405358905238,10819135.3,255.08399999999997,252.99259999999998,0,-0.225352080936326,37.742886769528944,7.6445936599383595,0.16533277169334445,0.4418702611625948,0.6072030328559392,0,ONGC
2025-02-13,238.5,239.45,234.2,234.95,10079210,-0.01032013479359739,-0.08276400546554752,0.009603589310389375,10942025.6,253.503,252.46560000000002,0,-0.676190347392317,36.31351557310999,7.473551255657048,0.17748457118535854,0.4360502234517982,0.6135347946371568,0,ONGC
2025-02-14,235.0,237.95,226.75,230.5,8065352,-0.01894020004256225,-0.07392527119325032,0.007567953516899083,10656393.5,251.56000000000003,251.8746,0,-0.4017856784119934,33.80901551108066,7.739726165967258,0.20021691973969621,0.42516268980477223,0.6253796095444685,0,ONGC
2025-02-17,230.2,234.3,225.05,233.65,6692422,0.013665943600867703,-0.036296143534749414,0.012607236548223603,8753684.5,249.95250000000001,251.3696,0,0.3729729326515767,37.115247570035656,7.847602868398168,0.18403595120907326,0.43291247592552967,0.616948427134603,0,ONGC
2025-02-18,232.2,237.15,229.55,236.6,6170974,0.012625722234110848,-0.009834693450512688,0.01445337183227099,8530528.7,248.58,250.9636,0,0.5789472922437785,40.13124432186627,7.829916949226869,0.16927303465764998,0.43998309382924766,0.6092561284868976,0,ONGC
2025-02-19,236.0,238.8,234.5,238.3,6168581,0.007185122569738134,0.0037910699241785473,0.014658389461740993,7988311.3,247.34249999999997,250.59759999999997,0,0.5348835965386997,41.861695941331945,7.577780024282093,0.16093159882501035,0.44397817876626106,0.6049097775912714,0,ONGC
2025-02-20,236.8,242.65,236.5,241.9,8929816,0.015107007973143016,0.029580761864226535,0.01422143777534511,7648493.1,246.61200000000002,250.35460000000003,0,0.8292681578425742,45.45700690553625,7.475795736833374,0.14365440264572124,0.4522529971062423,0.5959073997519635,0,ONGC
2025-02-21,241.9,243.05,238.1,239.9,5697387,-0.008267879288962332,0.04078091106290671,0.009608560590313087,7208386.4,246.06799999999998,250.06760000000003,0,-0.40404032241609505,43.83516353600967,7.2953817556309914,0.15318882867861597,0.4476865360566903,0.6008753647353062,0,ONGC
2025-02-24,236.3,237.95,234.0,234.35,6883143,-0.023134639433097126,0.002995934089450092,0.01612726257853765,7138447.1,245.35150000000004,249.7186,0,-0.49367076109601554,39.6116079340596,7.195711630228778,0.18049925325368033,0.4346063580115212,0.6151056112652016,0,ONGC
2025-02-25,235.0,236.7,232.55,233.0,5519036,-0.00576061446554299,-0.015215553677092153,0.014767975326426762,7019187.7,244.4315,249.43060000000003,0,-0.48192759471624486,38.63644274938284,6.978160799498149,0.18733905579399132,0.4313304721030043,0.6186695278969956,0,ONGC
2025-02-27,233.5,233.85,228.5,231.0,9664032,-0.008583690987124415,-0.030633655056651277,0.01370123919711802,7386995.3,243.1455,249.16760000000002,0,-0.4672896322823122,37.176275820230714,6.861863599533995,0.19761904761904753,0.4264069264069264,0.6240259740259739,0,ONGC
2025-02-28,230.0,230.5,223.15,225.25,17237276,-0.024891774891774854,-0.06883009508061189,0.00911142032378231,8102801.9,241.2775,248.8356,0,-0.646258415475046,33.28191479076945,6.932444770995852,0.22819089900110978,0.4117647058823529,0.6399556048834627,0,ONGC
2025-03-03,224.75,226.0,218.36,225.13,11928529,-0.0005327413984461682,-0.06156731971654861,0.01084655655910149,8489119.6,239.6565,248.59619999999998,0,0.0497382133850501,33.20374203091933,6.982984430210434,0.2288455559010349,0.4114511615511038,0.6402967174521387,0,ONGC
2025-03-04,220.1,227.75,215.48,226.76,12428265,0.007240261182427821,-0.03238745466183057,0.011911639603830172,9062703.9,238.54449999999997,248.31439999999998,0,0.54278724182663,35.422546823742024,7.360628399481118,0.22001234785676482,0.41568177809137413,0.6356941259481389,0,ONGC
2025-03-05,227.12,231.25,226.76,228.94,7466729,0.009613688481213689,-0.017424892703862715,0.013960253391065162,9192279.4,237.28650000000002,248.1142,0,0.40534512130397954,38.371073993623185,7.1555835138038955,0.20839521271948974,0.4212457412422469,0.6296409539617366,0,ONGC
2025-03-06,231.49,233.57,226.71,232.6,10439208,0.015986721411723526,0.006926406926407003,0.015884772976034505,9619342.1,235.83399999999997,247.9612,0,0.16180755658781792,43.07076039065402,7.134470405675045,0.18938091143594146,0.43035253654342215,0.6197334479793636,0,ONGC
2025-03-07,232.6,236.47,231.17,232.89,9079049,0.0012467755803955427,0.03391786903440619,0.006653462697424838,9634265.4,234.671,247.88100000000003,0,0.0547169708081171,43.43880836023241,7.003436805269685,0.187899866889948,0.43106187470479623,0.6189617415947443,0,ONGC
2025-03-10,232.89,235.0,222.48,223.19,16489167,-0.04165056464425265,-0.008617243370497074,0.023050506954788573,10713443.4,233.38549999999995,247.69179999999997,0,-0.7747603215047651,35.233678636021665,7.397477033464709,0.23952686052242475,0.40633540929253104,0.6458622698149558,0,ONGC
2025-03-11,220.9,227.26,220.1,226.72,10941588,0.015816120793942456,-0.00017639795378365797,0.024157125243354203,11119287.9,232.599,247.44119999999998,0,0.8128490484847691,39.69772694860258,7.380514388217229,0.22022759350740992,0.41557868736767817,0.6358062808750882,1,ONGC
2025-03-12,227.1,228.84,222.36,224.4,6994310,-0.010232886379675343,-0.019830523281209045,0.023852768349662143,11266815.3,231.87150000000003,247.1902,0,-0.41666660236626396,37.85119342884798,7.316191931915997,0.23284313725490183,0.4095365418894831,0.6423796791443849,1,ONGC
2025-03-13,228.15,230.4,224.87,225.43,16105085,0.004590017825311987,-0.030825451418744598,0.02196290518955055,11910920.6,231.273,246.77740000000003,0,-0.4918624788675442,39.20328343802588,7.222178222493426,0.22721022046755077,0.4122343964867143,0.639444616954265,1,ONGC
2025-03-17,226.52,230.45,226.24,229.74,8789001,0.019119016989752824,-0.013525698827772659,0.024726962798692277,11066093.1,231.0125,246.19439999999997,0,0.7648454240272187,44.63153564566865,7.064879778029608,0.20418734221293622,0.423261077740054,0.6274484199529902,1,ONGC
2025-03-18,230.84,232.5,228.52,232.12,9647391,0.010359536867763586,0.04001075316994496,0.011557828231130702,10837979.3,231.09350000000003,245.74960000000002,1,0.32160795939498615,47.42317077194256,6.844531222456064,0.19184042736515583,0.42917456488023437,0.6210149922453903,1,ONGC
2025-03-19,232.5,235.14,231.6,232.57,8626593,0.0019386524211613132,0.02580275229357798,0.01083434490693499,10457812.1,231.0395,245.13120000000004,1,0.019774005713555826,47.95745815170136,6.608493277994916,0.18953433374897874,0.4302790557681558,0.6198133895171345,1,ONGC
2025-03-20,233.48,237.04,232.01,235.59,18955995,0.012985337747774883,0.04986631016042775,0.00682363951055009,11606738.7,230.98900000000003,244.41640000000004,1,0.4194830179954265,51.518183838636354,6.495743758138137,0.17428583556178096,0.43758224033278154,0.6118680758945625,1,ONGC
2025-03-21,235.8,248.0,235.8,242.42,29285333,0.028991043762468527,0.07536707625426953,0.010104343832409716,13491351.2,231.19500000000002,244.00120000000004,1,0.5426229063423833,58.44319683511621,6.918190632556842,0.14120122102136784,0.4534279349888623,0.5946291560102301,0,ONGC
2025-03-24,244.19,246.4,242.75,243.83,10566066,0.005816351786156471,0.061330199355793535,0.010390189421456779,13640052.9,231.29149999999998,243.6174,1,-0.09863010996434923,59.72225402486618,6.708319873088497,0.13460197678710561,0.45658860681622443,0.5911905836033301,0,ONGC
2025-03-25,244.01,245.37,240.55,242.25,8915800,-0.006479924537587722,0.04364122005859028,0.013365436574835828,12882716.2,231.40900000000002,243.34780000000003,1,-0.36514515245951057,57.58346339891902,6.573439882153603,0.14200206398348802,0.45304437564499483,0.5950464396284829,0,ONGC
2025-03-26,243.35,244.5,239.37,239.72,7543985,-0.010443756449948438,0.030743432084963773,0.015838334474232763,12542955.9,231.67749999999995,242.9348,1,-0.707602201247134,54.23416997281685,6.470337033428345,0.15405473051893867,0.4472718171199733,0.601326547638912,0,ONGC
2025-03-27,238.87,243.4,238.65,242.17,9935664,0.010220256966460894,0.027929878178190926,0.015587326957119627,12837091.3,232.13599999999997,242.6146,1,0.6947366958449025,56.85145952390444,6.347455816754892,0.14237932031217737,0.452863690795722,0.5952430111078993,1,ONGC
2025-03-28,243.44,254.9,243.26,246.38,32905564,0.01738448197547182,0.01633528586750277,0.011588058285207441,14517139.2,232.90499999999997,242.27859999999998,1,0.25257729788854777,60.98087558438912,6.803351829843829,0.1228589982953161,0.46221284195145707,0.5850718402467732,0,ONGC
2025-04-01,247.0,252.2,246.7,248.07,11258957,0.006859322996996431,0.017389164581880667,0.011653890509265548,14764134.8,234.046,241.9086,1,0.19454541917355891,62.531059537886684,6.733112413426412,0.1152094166969,0.4658765670979965,0.5810859837948965,0,ONGC
2025-04-02,250.05,251.5,248.0,250.64,15337906,0.01035997903817476,0.03463364293085647,0.010413027893182075,15333186.3,235.32149999999996,241.53420000000003,1,0.16857138040816988,64.81999088614049,6.502175812467383,0.10377433769549949,0.47135333546121927,0.5751276731567188,0,ONGC
2025-04-03,248.0,249.62,242.51,243.31,11141370,-0.029245132460899992,0.014975805105956974,0.01849182683112246,15584664.0,236.14900000000003,241.0844,1,-0.6596342250866053,54.57899039027818,6.618448968719712,0.1370268381899633,0.45542723274834573,0.592454070938309,0,ONGC
2025-04-04,240.56,241.21,224.2,226.01,38336194,-0.07110270847889533,-0.06672998306974443,0.037091159366463906,17522683.9,236.0025,240.3236,0,-0.8553791384256823,38.94134961310448,7.510702613811162,0.22406088226184678,0.4137427547453652,0.637803637007212,0,ONGC
2025-04-07,208.0,220.8,205.0,219.84,27024128,-0.027299677005442224,-0.10771978244987412,0.033059214275767114,17296563.4,235.3645,239.4594,0,0.7493670411793009,35.080881444141,8.474938141396079,0.25841521106259085,0.39728893740902477,0.6557041484716156,0,ONGC
2025-04-08,223.0,227.24,219.18,226.66,11309092,0.031022561863173204,-0.08630628451646716,0.03948906351017047,17370866.0,235.05300000000003,238.86239999999998,0,0.4540942364647344,41.93324543491596,8.44529970272493,0.22055060442954197,0.41542398305832523,0.6359745874878672,1,ONGC
2025-04-09,222.0,224.06,220.26,221.94,16889575,-0.020824141886526037,-0.11450686243217356,0.03637764216324812,18168243.5,234.99050000000003,238.28560000000002,0,-0.015789469529087517,38.874946579007094,8.299206866816006,0.24650806524285834,0.40299179958547354,0.6494998648283319,1,ONGC
2025-04-11,228.3,231.4,225.25,230.37,13886447,0.03798323871316578,-0.053183181948953995,0.045097710281920375,18802489.7,235.173,237.9194,0,0.3365853111243382,46.394636778459386,8.382120662043434,0.20089421365629193,0.42483830359855884,0.6257325172548508,1,ONGC
2025-04-15,234.0,234.0,230.1,232.69,12102239,0.01007075574076488,0.02955621432679978,0.029554393700326764,19019147.2,235.5875,237.5452,0,-0.33589734976991037,48.280373970022346,8.06196918618319,0.1889208818599853,0.43057286518543986,0.6194937470454251,1,ONGC
2025-04-16,232.69,242.0,231.72,241.22,18748952,0.03665821479221276,0.0972525473071324,0.024911894639182218,17603486.0,236.377,237.23519999999996,1,0.8297664562483993,54.6036173905954,8.220399958598675,0.14687836829450285,0.450708896443081,0.5975872647375838,0,ONGC
2025-04-17,241.0,244.61,239.26,243.49,12891813,0.00941049664206961,0.07425218388776145,0.024164217820478815,17766771.6,237.06449999999995,236.8528,1,0.4654204737531822,56.14039406339308,8.015371390127342,0.1361862910181115,0.4558298082056758,0.5920160992237873,0,ONGC
2025-04-21,244.01,250.55,241.75,249.78,11698653,0.02583268306706632,0.12543930792105984,0.013838326756646908,17402846.3,237.9475,236.6974,1,0.6556817436725295,60.1644987459074,8.071416290832532,0.10757466570582103,0.4695331892065017,0.5771078549123227,0,ONGC
2025-04-22,248.97,250.6,247.26,247.78,9896443,-0.00800704620065662,0.0755740764856534,0.017110488450967694,17278353.6,238.708,236.673,1,-0.3562873184768497,58.331870070066344,7.733457984344495,0.11651465009282418,0.46525143272257646,0.5817660828154007,0,ONGC
2025-04-23,248.74,252.75,244.92,252.17,16555874,0.017717329889417988,0.08371653272594437,0.01692360065939429,15100321.6,239.53699999999998,236.63440000000003,1,0.4380586924573794,61.13060136817743,7.740353842605603,0.09707736844192406,0.47456081215053336,0.5716381805924574,0,ONGC
2025-04-24,250.0,251.37,248.0,249.37,6538518,-0.011103620573422623,0.03378658486029362,0.016031449924710662,13051760.6,239.88449999999997,236.38879999999997,1,-0.18694356470517207,58.43468689283996,7.485328568133773,0.10939567710630778,0.46866102578497815,0.578056702891286,0,ONGC
2025-04-25,249.0,250.68,244.4,246.33,15616265,-0.012190720615952166,0.011663723356195366,0.01793908007002251,13482477.9,240.00949999999997,236.1924,1,-0.4251591679682833,55.56930417744215,7.399233670409933,0.12308691592579046,0.46210368205253116,0.5851905979783216,0,ONGC
2025-04-28,246.0,251.95,244.38,250.6,7669983,0.017334470019891857,0.0032828889422691354,0.015391485944364102,12560518.7,240.427,236.22639999999998,1,0.6076617427131117,58.63733292509946,7.411431265380651,0.10395051875498797,0.47126895450917794,0.5752194732641659,0,ONGC
2025-04-29,251.24,252.1,245.1,245.68,8030552,-0.01963288108539496,-0.008475260311566646,0.017743571036308584,11974929.2,240.72499999999997,236.291,1,-0.794285600816343,54.009591217161336,7.382043317853461,0.12605828720286538,0.46068056007815045,0.5867388472810159,0,ONGC
2025-04-30,245.5,247.44,242.22,244.45,9822483,-0.00500651253663309,-0.03061426815243684,0.014103546505948363,11746953.6,240.83900000000003,236.401,1,-0.20114938675299326,52.88586831001366,7.2276116522925,0.13172427899365918,0.45796686438944567,0.5896911433831049,0,ONGC
2025-05-02,241.0,246.27,239.0,243.42,12347590,-0.00421354060134993,-0.023860127521353913,0.013828788295962766,11106817.4,240.69100000000003,236.52140000000003,1,0.33287478227306766,51.911840036819065,7.230639391414464,0.1365130227590173,0.45567332183058085,0.5921863445895982,0,ONGC
2025-05-05,240.0,241.15,234.5,239.2,20086323,-0.01733629118396185,-0.028944911297852594,0.014686563358080957,11826268.4,240.2475,236.6064,0,-0.12030073378936494,48.01038154188253,7.35130800631343,0.15656354515050164,0.4460702341137123,0.602633779264214,0,ONGC
2025-05-06,241.13,242.99,236.0,237.0,11350559,-0.009197324414715657,-0.05426975259377487,0.007068820624021827,11791459.0,239.56550000000001,236.7364,0,-0.5908439784200302,46.06662496174429,7.325500291576757,0.16729957805907164,0.4409282700421941,0.6082278481012657,0,ONGC
2025-05-07,232.3,240.09,232.07,238.67,16689539,0.00704641350210955,-0.028533051123412645,0.008842899739419659,12470768.6,239.33350000000002,236.8368,0,0.7942642401166744,47.79445810753147,7.375107413606989,0.15913185570033936,0.44484015586374487,0.6039720115640842,0,ONGC
2025-05-08,237.66,239.34,231.4,233.22,15026122,-0.022834876607868537,-0.045939865003068125,0.011628224852794015,12317793.4,239.69399999999996,236.76919999999998,0,-0.5591938842325082,42.95774434850341,7.415456884063633,0.1862190206671811,0.43186690678329476,0.6180859274504759,0,ONGC
2025-05-09,229.1,235.3,228.45,234.96,11184507,0.007460766658091034,-0.034754744885383215,0.013863820946549024,12782392.3,240.45,236.7024,0,0.8554743276679805,44.87576316561556,7.375067106630517,0.1774344569288388,0.4360742254000681,0.613508682328907,0,ONGC
2025-05-12,239.0,244.6,238.11,244.02,11374237,0.03855975485188967,0.020150501672240972,0.022965735541733024,12358189.5,241.31799999999998,236.7448,1,0.7734975695689453,53.620485154760786,7.53684802758548,0.13371854766002772,0.45701172035079096,0.5907302680108186,0,ONGC
2025-05-13,244.15,245.29,240.29,241.16,9336026,-0.011720350790918821,0.01755274261603379,0.023358249213145867,12524793.8,242.279,236.77,0,-0.5979998804000257,50.87673136365324,7.35564459704366,0.14716370874108467,0.4505722342013601,0.5977359429424448,1,ONGC
2025-05-14,241.16,246.9,241.16,246.01,8234859,0.02011112954055405,0.03075376042234046,0.024527328487796568,12545224.5,243.061,237.0032,1,0.8449475879882228,55.0749350092531,7.240241411540542,0.12454778261046294,0.4614040079671558,0.5859517905776187,0,ONGC
2025-05-15,244.95,248.92,242.3,247.61,16812750,0.006503800658509862,0.061701397821799286,0.01860451159299805,13244251.2,243.80699999999996,237.29539999999997,1,0.40181262812498586,56.39878200270365,7.195938453573359,0.11728120835184347,0.4648842938491984,0.5821655022010418,0,ONGC
2025-05-16,247.06,249.39,246.2,247.27,8030229,-0.001373127095028459,0.05239189649302012,0.019559993106906017,12812515.1,244.10950000000003,237.62079999999997,1,0.06583070036655415,56.02099802174988,6.909799992603834,0.1188174869575766,0.46414850163788574,0.5829659885954623,0,ONGC
2025-05-19,248.0,249.45,244.91,246.58,8043270,-0.00279047195373483,0.010490943365297989,0.011945344290912777,11608209.8,244.26400000000004,238.04739999999998,1,-0.31277526150324414,55.21270707980164,6.740528564560703,0.1219482520885715,0.4626490388514884,0.5845972909400599,1,ONGC
2025-05-20,246.79,252.7,246.79,249.26,13183059,0.010868683591532147,0.03358765964504884,0.009387661752000799,11791459.8,244.238,238.53,1,0.4179356314829727,57.76183870692827,6.696205095663508,0.10988526037069721,0.4684265425659953,0.5783118029366925,0,ONGC
2025-05-21,251.5,251.95,247.76,248.68,7158307,-0.0023268875872581862,0.010853217348888222,0.006160981033723179,10838336.6,244.283,238.9684,1,-0.6730308656250904,57.005644766026265,6.517190445973258,0.11247386199131401,0.46718674601898025,0.5796606080102943,0,ONGC
2025-05-22,248.68,250.48,239.61,241.67,18502235,-0.02818883705967512,-0.023989338071968125,0.01426916359622358,11185947.9,243.75799999999998,239.22299999999998,0,-0.6448941449039457,48.706165707102045,6.828105414118023,0.14474283113336364,0.4517317002524103,0.5964745313857739,0,ONGC
2025-05-23,242.5,244.68,240.15,244.24,8725218,0.010634336078123141,-0.012253811622922273,0.015899418731887566,10940019.0,243.5015,239.4558,1,0.3841058754733186,51.494371931676056,6.663955027395308,0.1326973468719291,0.45750081886668853,0.5901981657386176,0,ONGC
2025-05-26,245.3,247.13,244.81,245.94,7159571,0.006960366852276412,-0.0025955065293211677,0.016422900290587895,10518552.4,243.48200000000003,239.7168,1,0.2758619500594992,53.30259881274425,6.394386811152785,0.12486785394811735,0.461250711555664,0.5861185655037813,0,ONGC
2025-05-27,246.85,246.85,242.92,244.54,9712093,-0.005692445311864747,-0.018936050710101848,0.01520421367439394,10556159.1,243.179,240.1438,1,-0.5877861099780886,51.59672568172224,6.218359181784729,0.13130776151140913,0.4581663531528584,0.5894741146642676,0,ONGC
2025-05-28,244.64,245.34,241.3,242.67,7385958,-0.007647010713993652,-0.02416760495415804,0.015268134334811334,10471269.0,243.02850000000004,240.4628,0,-0.4876236416773171,49.325960882897725,6.062762097371533,0.14002554909960024,0.4539910166069147,0.594016565706515,0,ONGC
2025-05-29,243.6,244.6,241.35,243.04,12938112,0.0015247043309845054,0.00566888732569204,0.007874955127954086,10083805.2,242.958,240.8356,1,-0.17230763928995782,49.79675024675153,5.861850518987852,0.13828999341672146,0.4548222514812376,0.5931122448979591,0,ONGC
2025-05-30,243.04,245.19,238.89,239.4,10108840,-0.01497695852534553,-0.019816573861775266,0.008475036684554385,10291666.3,242.75699999999998,241.115,0,-0.5777776860670307,45.33449652757431,5.8931469104887215,0.1555973266499581,0.4465329991645781,0.6021303258145362,0,ONGC
2025-06-02,239.0,240.09,237.66,238.31,6278145,-0.00455304928989142,-0.031023826949662547,0.005952860332273005,10115153.8,242.7125,241.2864,0,-0.2839505004318911,44.06122900049012,5.645779274025243,0.16088288363895756,0.44400151063740506,0.6048843942763626,0,ONGC
2025-06-03,240.5,241.05,236.6,237.27,9515918,-0.004364063614619607,-0.029729287642103475,0.006014347522684219,9748439.7,242.72599999999997,241.3894,0,-0.7258425335185267,42.8253296456097,5.560366468737726,0.1659712563745942,0.4415644624267712,0.6075357188013654,0,ONGC
2025-06-04,238.0,238.5,235.5,238.05,6733580,0.003287394107978292,-0.019038200024724783,0.007148285465963272,9705967.0,242.695,241.49899999999997,0,0.01666666111111675,44.09195093440799,5.377483149542174,0.16215080865364404,0.4433942449065323,0.6055450535601763,1,ONGC
2025-06-05,238.05,239.62,236.22,237.77,8941808,-0.0011762234824617135,-0.02168367346938771,0.006733797293319634,8749924.3,242.92250000000004,241.5426,0,-0.08235291695502461,43.71754135190498,5.236234353146306,0.16351936745594467,0.4427387811750852,0.6062581486310299,1,ONGC
2025-06-06,237.79,240.47,237.51,240.06,5985346,0.009631156159313647,0.002756892230576513,0.005981817722099049,8475937.1,243.1775,241.49539999999996,0,0.7668916328068822,47.63404724088353,5.073646185064427,0.15242022827626417,0.4480546530034158,0.60047488127968,1,ONGC
2025-06-09,241.78,244.12,240.5,242.8,7719525,0.011413813213363433,0.018841005413117395,0.00677571743448129,8531932.5,243.1165,241.4748,0,0.28176787796467706,51.94309478872562,5.001242886131253,0.13941515650741337,0.4542833607907743,0.5936985172981877,1,ONGC
2025-06-10,244.25,245.0,242.59,244.68,7659657,0.007742998352553432,0.03123024402579344,0.005104591953830083,8326688.9,243.29250000000002,241.5234,1,0.17842316248001863,54.69761111213799,4.81615410855045,0.13066045447114585,0.4584763773091385,0.5891368317802843,1,ONGC
2025-06-11,244.5,250.4,243.55,247.32,20842417,0.010789602746444249,0.038941398865784516,0.00514428477807818,9672334.8,243.358,241.6754,1,0.41167877201769687,58.31120738175114,4.96142881508256,0.11859129872230303,0.4642568332524664,0.5828481319747695,0,ONGC
2025-06-12,251.5,255.2,246.75,247.88,35613271,0.0022642730066311234,0.04252008243260286,0.0036872351113100325,11939850.7,243.37150000000003,241.78959999999998,1,-0.4284023161654075,59.05725114863417,5.210612471148091,0.11606422462481839,0.46546716152977247,0.5815313861545909,1,ONGC
2025-06-13,255.55,255.95,249.12,251.51,39320377,0.014644182669033334,0.04769640923102547,0.004667652861902189,14861004.4,243.58350000000002,241.8922,1,-0.5915079661042553,63.604008942530506,5.414854437494655,0.0999562641644467,0.473181980835752,0.5731382450001987,0,ONGC
2025-06-16,253.99,257.5,252.19,256.79,41444122,0.020993201065564016,0.05761943986820439,0.007065726583127763,18377602.1,244.094,242.0666,1,0.527306868680441,68.99711449070776,5.455936263387895,0.07733946025935572,0.48401417500681493,0.5613536352661707,0,ONGC
2025-06-17,256.94,257.09,251.55,252.31,18781097,-0.017446162233731966,0.03118358672551902,0.014881417883571333,19304120.0,244.24649999999997,242.1,1,-0.8357399213465893,60.76906826815529,5.461940816003043,0.09646862986009264,0.4748523641552059,0.5713209940152986,0,ONGC
2025-06-18,254.03,255.89,249.77,250.36,12691905,-0.007728587848281787,0.012291767750283178,0.01574800245637212,19899952.5,244.33050000000003,242.241,1,-0.5996731046285779,57.55194935973304,5.508945043431396,0.1050087873462213,0.47076210257229595,0.5757708899185172,0,ONGC
2025-06-19,250.5,253.0,248.2,251.56,10790997,0.004793097938967872,0.014845893174116442,0.015777298108448176,20084871.4,244.825,242.752,1,0.22083328732639843,58.990740583553695,5.458306111757726,0.09973763714421997,0.47328669104786136,0.5730243281920813,0,ONGC
2025-06-20,252.26,253.25,249.35,251.89,15907673,0.0013118142788997034,0.001510874319112565,0.014394173449242036,21077104.1,245.20750000000004,243.393,1,-0.09487177054570088,59.39830993490236,5.34699853234646,0.09829687562031042,0.4739767358767716,0.572273611497082,0,ONGC
2025-06-23,253.01,255.49,250.33,251.38,16776881,-0.002024693318511961,-0.021067798590287845,0.008716332732863825,21982839.7,245.4795,243.8874,1,-0.31589141164895057,58.431792438705315,5.3336414943217125,0.10052510144005085,0.4729095393428276,0.5734346407828784,0,ONGC
2025-06-24,247.5,248.0,243.49,243.92,22215004,-0.029676187445301982,-0.03325274463953076,0.013666528337802053,23438374.4,245.44850000000002,244.327,0,-0.7937913982724216,46.5101365650495,5.51623853044159,0.1341833387996064,0.45678911118399473,0.5909724499836011,0,ONGC
2025-06-25,244.0,245.3,241.5,241.91,13056178,-0.008240406690718238,-0.03375139798689897,0.013678398786725329,22659750.5,245.4105,244.55780000000001,0,-0.5499998552631952,43.910584590600116,5.393650063981477,0.14360712661733696,0.45227563970071516,0.595882766318052,1,ONGC
2025-06-26,242.0,245.37,241.54,244.73,15769123,0.011657227894671607,-0.027150580378438538,0.015368728009683641,20675335.7,245.49499999999998,244.7986,0,0.7127935475734812,48.278365682835236,5.281960773697087,0.13042945286642418,0.4585870142606137,0.5890164671270379,0,ONGC
2025-06-27,245.01,246.22,242.0,242.83,21691960,-0.007763657908715582,-0.03596808130533158,0.014907695547301906,18912494.0,245.66649999999998,244.8308,0,-0.5165875553110009,45.69639635376348,5.206106432718722,0.13927438949058998,0.45435078038133675,0.5936251698719267,1,ONGC
2025-06-30,244.0,245.7,243.0,244.21,8783448,0.005682988098669739,-0.028522555493674884,0.01594059734671011,15646426.6,245.96149999999997,244.84519999999998,0,0.07777774897120736,47.87681377642055,5.039241687524526,0.13283649318209725,0.4574341755046886,0.5902706686867859,0,ONGC
2025-07-01,245.3,245.3,241.3,243.37,8470489,-0.0034396625854796747,-0.00225483765168899,0.008765162994851663,14615365.8,246.2665,244.717,0,-0.48249987937503186,46.64898426481379,4.96501013841563,0.13674651764802553,0.45556149073427293,0.5923080083822985,0,ONGC
2025-07-02,242.9,243.75,240.2,241.07,10419419,-0.009450630726876796,-0.00347236575585963,0.009047254164211026,14388117.2,246.41750000000002,244.5828,0,-0.5154928125372378,43.36932501426217,4.863937985671657,0.14759198573028576,0.45036711328659723,0.5979590990168829,1,ONGC
2025-07-03,242.0,246.2,241.8,244.05,13891239,0.012361554735139224,-0.002778572304171889,0.009289277026960509,14698141.4,246.7315,244.4204,0,0.4659089850206902,48.42839079547468,4.882942415266539,0.13357918459332088,0.4570784675271461,0.590657652120467,0,ONGC
2025-07-04,245.2,245.45,242.51,245.24,7717259,0.004876049989756215,0.00992463863608295,0.00851329212001587,13879100.0,246.99050000000003,244.33780000000002,0,0.013605437549177871,50.33636488859248,4.744160814176071,0.1280786168651116,0.4597129342684717,0.5877915511335833,0,ONGC
2025-07-07,245.5,245.5,240.83,241.52,9222263,-0.01516881422280214,-0.011015109946357682,0.011004561998570916,13123638.2,246.92649999999998,244.2416,0,-0.8522482115100191,44.76135459926328,4.7388636131634945,0.14545379264657157,0.4513911891354753,0.5968449817820469,0,ONGC
2025-07-08,242.41,243.7,240.65,243.24,7537067,0.007121563431599753,-0.0005341660845625817,0.011690748072114622,11655844.5,246.8545,244.09440000000004,0,0.2721310583176914,47.648465273392034,4.61823049793753,0.13735405360960354,0.45527051471797403,0.5926245683275776,0,ONGC
2025-07-09,243.35,244.17,242.27,243.81,6009374,0.0023433645781942847,0.01136599327996013,0.010443652553257864,10951164.1,246.679,244.05700000000002,0,0.2421051357341462,48.60710318975134,4.424071176656276,0.13469504942373148,0.45654403018744105,0.5912390796111725,0,ONGC
