date,open,high,low,close,volume,returns_1d,returns_5d,volatility_5d,avg_volume_10d,sma_20,sma_50,above_20ma,candle_body_ratio,rsi_14,atr_14,resistance_distance,support_distance,sr_band_width,label,symbol
2021-09-23,313.2,324.0,313.2,321.5,52701665,0.03676233473073198,0.031605968233595405,0.02756824020017523,27294472.5,299.575,298.33799999999997,1,0.7685184473594033,66.88039853860772,8.664811065769323,2.089113530326594,0.07013996889580097,2.159253499222395,1,TATAMOTORS
2021-09-24,325.1,326.95,316.05,317.95,28901243,-0.011041990668740342,0.03029812054439396,0.02775923333154983,26782499.8,301.2575,298.478,1,-0.6559632425721841,63.12154963207698,8.82446741821437,2.1236043403050795,0.05975782355716308,2.1833621638622427,1,TATAMOTORS
2021-09-27,323.15,333.6,323.15,331.65,56305136,0.04308853593332285,0.10938283993978914,0.02190335334987443,30779027.4,303.5525,298.92,1,0.813397051349561,70.10449713283924,9.31200545977049,1.9945725915875172,0.09859791949344185,2.093170511080959,1,TATAMOTORS
2021-09-28,334.0,336.0,324.5,329.3,28497009,-0.007085783205186047,0.09057791025004147,0.025172927374171955,31305263.4,305.42,299.301,1,-0.4086956166351628,67.73523700145637,9.468290784072597,2.015942909201336,0.09216519890677201,2.1081081081081083,0,TATAMOTORS
2021-09-29,325.0,333.0,324.0,330.25,19740150,0.00288490737928937,0.06497903901967095,0.025267117541020876,30598391.2,307.5675,299.681,1,0.5833332685185257,68.20307173437385,9.434841442353123,2.007267221801665,0.09477668433005303,2.1020439061317187,1,TATAMOTORS
2021-09-30,331.25,337.9,329.1,333.35,30268517,0.009386828160484528,0.036858475894245846,0.021493832071339664,31000306.0,309.47249999999997,300.171,1,0.23863633651860197,69.74472888974745,9.389495625042183,1.9793010349482523,0.1031948402579872,2.0824958752062397,0,TATAMOTORS
2021-10-01,332.65,337.3,325.7,333.3,29877695,-0.0001499925003750624,0.04827803113697127,0.01962201929710569,31490868.6,311.47999999999996,300.79400000000004,1,0.05603447792806508,69.68604195484508,9.54738879468203,1.9797479747974793,0.10306030603060312,2.082808280828083,1,TATAMOTORS
2021-10-04,336.8,343.25,335.15,342.0,29553072,0.026102610261026005,0.031207598371777445,0.012590573932573623,32482907.0,313.8025,301.583,1,0.641975229385771,73.8148035428184,9.576146737919029,1.9039473684210526,-0.08859649122807021,1.8153508771929823,0,TATAMOTORS
2021-10-05,340.45,351.5,338.85,344.95,31861985,0.008625730994151981,0.04752505314303068,0.01016392086244792,33725172.5,316.1775,302.57099999999997,1,0.3557311971754001,75.05542888553322,9.795707685210525,1.8791129149152053,-0.07928685316712573,1.7998260617480792,0,TATAMOTORS
2021-10-06,347.0,348.7,335.0,336.05,25272592,-0.025800840701550865,0.01756245268735812,0.018997232016643897,33297906.4,318.25,303.42900000000003,1,-0.7992700146518237,65.04302785977075,10.074585707695487,1.9553637851510188,-0.10787085255170362,1.8474929325993152,1,TATAMOTORS
2021-10-07,341.1,383.0,339.25,376.5,163238084,0.12036899270941825,0.1294435278236088,0.05606778498012689,44351548.3,322.3125,305.13100000000003,1,0.8091428386481632,78.85156288697988,12.708543871431521,1.637848605577689,-0.004913678618857962,1.6329349269588311,1,TATAMOTORS
2021-10-08,385.9,397.55,380.0,382.95,93728117,0.01713147410358573,0.14896489648964883,0.05457880715979984,50834235.7,326.5125,307.101,1,-0.16809115851332354,80.19499181524408,13.30436216632927,1.5934195064629848,0.0006528267397832616,1.5940723332027682,1,TATAMOTORS
2021-10-11,390.15,420.9,388.0,415.75,113404983,0.08565086825956403,0.21564327485380108,0.05994392917012675,56544220.4,332.23999999999995,309.558,1,0.7781154778688317,85.30659977999214,15.06476486873432,1.3888153938665062,0.0794948887552616,1.468310282621768,1,TATAMOTORS
2021-10-12,423.0,435.7,413.6,420.85,97349265,0.012266987372218985,0.22003188867951895,0.05946956716271105,63429446.0,337.9775,312.096,1,-0.09728506347126321,85.91531030496968,15.567281663824724,1.359866935962932,0.09064987525246533,1.4505168112153974,1,TATAMOTORS
2021-10-13,462.9,523.85,462.9,506.9,197949387,0.2044671498158488,0.5084064871298912,0.07964876275918137,81250369.7,347.725,316.297,1,0.721903187499537,91.96425831998401,21.81247583069439,0.9592621818899192,0.2450187413691063,1.2042809232590257,0,TATAMOTORS
2021-10-14,530.0,530.0,492.0,497.6,103630901,-0.018346813967251796,0.32164674634794155,0.0891386911794527,88586608.1,357.0225,320.175,1,-0.8526315565096954,87.58616670247639,22.96872755707336,0.9958802250803858,0.23090836012861743,1.2267885852090032,1,TATAMOTORS
2021-10-18,507.0,525.0,503.6,509.6,72322623,0.02411575562700974,0.33072202637420034,0.08834558533857526,92831100.9,367.07250000000005,324.404,1,0.12149532142545345,88.35642285948707,23.285247017282405,0.9488814756671898,0.24901883830455265,1.1979003139717426,0,TATAMOTORS
2021-10-19,512.45,517.4,476.05,481.9,57428637,-0.05435635792778659,0.1591100420926037,0.10021903422149767,95618657.4,376.21999999999997,328.04799999999994,1,-0.7388149760867018,76.54907347556102,24.575586516047945,1.0609047520232413,0.20585183648059763,1.2667565885038392,0,TATAMOTORS
2021-10-20,481.8,497.0,471.25,486.9,55444814,0.010375596596804426,0.15694427943447775,0.10032334012785983,97976940.3,385.4675,331.785,1,0.19805824473560082,77.14283435951032,24.659473193473094,1.0397412199630314,0.2140069829533785,1.25374820291641,0,TATAMOTORS
2021-10-21,491.75,510.4,485.75,508.0,52608672,0.04333538714315055,0.0021700532649437942,0.03825293287528006,100710548.3,395.3625,335.983,1,0.6592291821813725,79.50152149692585,24.658796536796444,0.9550196850393701,0.24665354330708664,1.2016732283464568,0,TATAMOTORS
2021-10-22,509.9,510.7,487.4,490.9,42742785,-0.033661417322834675,-0.013464630225080487,0.040725028158146485,88661018.4,403.83250000000004,339.917,1,-0.8154506087789434,72.93296178651545,24.561739641310986,1.0231207985333062,0.22041148910165,1.2435322876349564,0,TATAMOTORS
2021-10-25,493.9,496.0,473.25,479.9,33107841,-0.022407822367080832,-0.0582810047095762,0.03851011057084976,82598990.8,411.93,343.606,1,-0.6153845883347433,68.98450385535807,24.43232966693163,1.0694936445092729,0.20254219629089393,1.2720358408001669,1,TATAMOTORS
2021-10-26,483.5,510.0,483.25,508.65,58027770,0.05990831423213172,0.05550944179290318,0.04045804794933455,77061269.5,420.78000000000003,347.65899999999993,1,0.9401868807406765,73.08574966351641,24.8371632621508,0.9525213801238573,0.2476162390641895,1.2001376191880468,0,TATAMOTORS
2021-10-27,505.75,506.55,496.0,497.9,30361263,-0.02113437530718565,0.022591907989320203,0.04304999422853506,70362469.3,429.2099999999999,351.472,1,-0.7440757588553797,69.39091524123901,23.9666516005686,0.9946776461136775,0.23137176139787105,1.2260494075115487,0,TATAMOTORS
2021-10-28,493.9,493.9,478.55,481.05,25182748,-0.033842136975296144,-0.05305118110236218,0.03966469519769532,53085805.4,436.75,355.019,1,-0.837133495952215,63.934890569655295,23.636890771956555,1.0645463049579045,0.20444860201642245,1.2689949069743272,0,TATAMOTORS
2021-10-29,482.0,491.6,467.7,483.7,31054342,0.005508782870803364,-0.014666938276634678,0.037698714851664185,45828149.5,444.2674999999999,358.73900000000003,1,0.07112970413683188,64.40885561539821,23.655684288245375,1.0532354765350425,0.20880711184618567,1.262042588381228,1,TATAMOTORS
2021-11-01,486.45,489.7,469.8,485.7,34315690,0.004134794293983779,0.012085851219004073,0.03600664190854524,42027456.2,451.8875,362.586,1,-0.03768844031716385,64.78500083561192,23.38742112479928,1.044780728844966,0.2120650607370805,1.2568457895820466,1,TATAMOTORS
2021-11-02,506.5,510.0,486.5,487.85,51580720,0.004426600782376111,-0.040892558733903406,0.018195634256510985,41442664.5,459.18,366.681,1,-0.7936169875056591,65.2106512317147,23.452605330170762,1.0357691913498,0.21553756277544334,1.2513067541252434,0,TATAMOTORS
2021-11-03,483.8,495.0,481.6,484.9,22950198,-0.006046940657989275,-0.026109660574412552,0.016700079470119998,38193202.9,466.17749999999995,370.84,1,0.08208954611271804,64.06639344788817,22.73456209230142,1.0481542586100228,0.21076510620746544,1.2589193648174883,1,TATAMOTORS
2021-11-04,489.8,493.55,488.0,489.7,5531940,0.009898948236749971,0.017981498804698015,0.005859857672497744,33485529.7,473.86,375.038,1,-0.01801801477153293,65.13830210362485,21.728521942851323,1.0280784153563407,0.21850112313661427,1.246579538492955,1,TATAMOTORS
2021-11-08,493.9,504.85,490.25,501.4,31736426,0.0238921788850317,0.0365929295017573,0.0109369002411083,32384893.8,480.105,379.37799999999993,1,0.5136985949521503,67.66989242721282,21.258627518361944,0.9807538891104907,0.23673713601914637,1.2174910251296371,1,TATAMOTORS
2021-11-09,505.0,520.65,503.5,509.65,50458762,0.01645392899880327,0.04931027383158315,0.01143290041276537,34119985.9,486.43999999999994,383.885,1,0.27113701042932786,69.35952825377429,21.115154124193232,0.9486902776415187,0.24909251447071518,1.197782792112234,0,TATAMOTORS
2021-11-10,506.25,515.95,500.2,510.75,26615777,0.0021583439615422417,0.04694065798913605,0.011736660954836036,30978786.6,491.18999999999994,388.385,1,0.2857142675736963,69.58775047349702,20.731928829608005,0.9444933920704845,0.250709740577582,1.1952031326480668,0,TATAMOTORS
2021-11-11,510.0,519.0,501.0,503.45,29256213,-0.014292706803720079,0.03825531037327279,0.014645921749476348,30868281.6,495.32000000000005,392.615,1,-0.36388886867284126,66.07064123236677,20.536791056064576,0.9726884496970901,0.23984506902373623,1.2125335187208264,0,TATAMOTORS
2021-11-12,506.95,509.55,497.35,507.05,20731808,0.007150660442943657,0.03542985501327345,0.01459057836622885,30423187.6,495.3275,397.01,1,0.008196720639614935,66.95757123565132,19.94130598063139,0.9586825756828714,0.24524208657923285,1.2039246622621045,1,TATAMOTORS
2021-11-15,506.25,514.9,504.5,505.45,18014977,-0.0031555073464155647,0.008077383326685394,0.011477521030942415,29119251.1,495.7200000000001,401.214,1,-0.0769230695266292,66.13017125343455,19.259784124872002,0.9648827777228213,0.24285290335344742,1.2077356810762687,1,TATAMOTORS
2021-11-16,506.9,526.85,506.2,519.05,55897781,0.02690671678702139,0.0184440302168154,0.015195037281661954,31277460.2,496.1925,405.732,1,0.5883776954780756,69.57202544839556,19.412656687381148,0.9133994798189,0.26269145554378187,1.176090935362682,0,TATAMOTORS
2021-11-17,520.25,536.7,520.25,530.15,48463415,0.02138522300356427,0.037983357807146234,0.017014369923384072,30965729.7,498.605,410.4239999999999,1,0.6018236716216582,72.06699832715618,19.2867526382825,0.8733377346034141,0.27812883146279355,1.1514665660662078,0,TATAMOTORS
2021-11-18,531.45,534.2,501.3,509.7,47197742,-0.03857398849382243,0.012414341046777189,0.02594576595734842,33390484.1,499.745,414.66900000000004,1,-0.6610942048299645,61.98324704841399,20.259127449833752,0.9484991171277222,0.24916617618206788,1.1976652933097902,0,TATAMOTORS
2021-11-22,512.25,512.25,478.4,486.1,40044849,-0.04630174612517157,-0.04131742431712848,0.03356790972370573,36841775.0,498.65,418.499,0,-0.7725258265132684,52.80131986870413,21.229904060559914,1.0430981279572102,0.21271343344990748,1.255811561407118,0,TATAMOTORS
2021-11-23,484.4,499.35,477.0,495.5,27553684,0.019337584859082435,-0.019685428825798823,0.03580348897192681,36423500.8,498.88,422.504,0,0.4966442730807936,55.62123029329742,21.309910913377063,1.0043390514631685,0.22764883955600407,1.2319878910191726,0,TATAMOTORS
2021-11-24,499.0,501.8,485.3,488.65,20915837,-0.013824419778002084,-0.058568538676428084,0.03155120549844881,33469208.3,499.3175,426.29799999999994,0,-0.6272726892562019,53.13011616074001,20.96634584813584,1.0324363041031415,0.2168218561342474,1.249258160237389,0,TATAMOTORS
2021-11-25,490.8,495.15,486.5,492.75,15336539,0.008390463521948277,-0.0705460718664529,0.02854756103674566,32341284.5,498.52250000000004,430.129,0,0.2254334999498837,54.445234454906505,20.08660685898328,1.015525114155251,0.22333840690005075,1.238863521055302,0,TATAMOTORS
2021-11-26,486.0,486.75,458.0,460.2,51787989,-0.06605783866057846,-0.09711595055915245,0.036070179267886374,34594462.1,496.6375,433.211,0,-0.897391273134217,43.91113480564153,21.133992083341617,1.1580834419817472,0.16840504128639722,1.3264884832681445,0,TATAMOTORS
2021-11-29,457.0,470.75,443.1,461.45,42819150,0.0027162103433289175,-0.050709730508125994,0.03360673047352768,36803196.3,495.65749999999997,436.20099999999996,0,0.16094031967666084,44.356377344262825,21.599421220245784,1.1522375121898365,0.17065770939430058,1.3228952215841372,0,TATAMOTORS
2021-11-30,466.55,478.0,455.65,458.6,35471800,-0.006176183768555554,-0.0744702320887991,0.02977886011030482,38548878.6,494.40250000000003,439.14,0,-0.355704682071378,43.50834562397349,21.65303399022823,1.165612734409071,0.16550370693414748,1.3311164413432186,1,TATAMOTORS
2021-12-01,467.85,478.4,463.55,475.25,28256188,0.03630614914958574,-0.02742249053514778,0.03766456905764255,35784719.3,493.88,442.47299999999996,0,0.49831646475983365,49.57383728312024,21.52067441949764,1.0897422409258284,0.19473961073119414,1.2844818516570227,0,TATAMOTORS
2021-12-02,479.4,480.45,471.7,479.1,21012008,0.008100999473961146,-0.02770167427701664,0.03763912415202205,33039578.6,493.4425,446.0760000000001,0,-0.034285710367342195,50.88697293911569,20.608483389533525,1.072949279899812,0.20121060321436032,1.2741598831141725,0,TATAMOTORS
2021-12-03,480.0,484.7,477.3,480.1,20948900,0.0020872469213106815,0.043242068665797495,0.016303757277063978,30414694.4,493.2025,449.639,0,0.013513511687366399,51.24213154157253,19.665020290281127,1.0686315350968547,0.20287440116642372,1.2715059362632786,0,TATAMOTORS
2021-12-06,480.1,480.9,466.0,467.2,17473075,-0.026869402207873483,0.01246072163831391,0.022978550778114146,28157517.0,492.0775,452.781,0,-0.8657717539750537,46.564216506973374,19.324661698118184,1.1257491438356166,0.18086472602739725,1.3066138698630139,1,TATAMOTORS
2021-12-07,476.85,484.9,471.0,481.8,21280797,0.03125,0.05058874836458793,0.025342619950690023,27530228.3,491.09749999999997,455.98699999999997,0,0.3561150822938788,51.91461433256762,19.208614433966886,1.061332503113325,0.20568700705687012,1.267019510170195,0,TATAMOTORS
2021-12-08,484.5,495.95,483.5,493.9,20581817,0.02511415525114158,0.03924250394529194,0.022826972928351275,27496826.3,490.31000000000006,459.5060000000001,1,0.7550200196771057,55.859282534217975,18.84728483154068,1.010832152257542,0.22514679084834985,1.235978943105892,0,TATAMOTORS
2021-12-09,498.0,498.5,489.55,493.95,16951593,0.0001012350678275542,0.03099561678146512,0.023091391473949004,27658331.7,489.46999999999997,462.75199999999995,1,-0.45251391592023477,55.87539075469968,18.14033591500206,1.010628606134224,0.22522522522522523,1.2358538313594494,0,TATAMOTORS
2021-12-10,487.75,496.8,486.55,494.45,14567815,0.0010122482032595137,0.029889606332013985,0.023145788698464124,23936314.3,489.02,466.055,1,0.6536584728138065,56.04812175966239,17.576740492501912,1.008595409040348,0.22600869653149966,1.2346041055718475,0,TATAMOTORS
2021-12-13,499.45,506.4,494.2,495.35,21921272,0.001820204267367842,0.06025256849315075,0.015069708860968482,21846526.5,488.43500000000006,469.357,1,-0.3360655462241331,56.37913161382934,17.192687600180346,1.0049459977793478,0.22741495911981432,1.2323609568991623,0,TATAMOTORS
2021-12-14,491.95,491.95,483.3,489.4,17722547,-0.0120117088927022,0.01577418015774179,0.013489982069748505,20071601.2,487.6325,472.47799999999995,1,-0.2947976537806202,53.509955457379064,16.825352771596037,1.0293216183081324,0.2180220678381692,1.2473436861463016,0,TATAMOTORS
2021-12-15,487.8,497.7,487.25,491.65,16263723,0.004597466285247265,-0.004555578052237275,0.006437212334556083,18872354.7,486.2625,475.645,1,0.3684210173759764,54.453886759404696,16.369970430767747,1.0200345774433033,0.2216007322282111,1.2416353096715145,0,TATAMOTORS
2021-12-16,495.0,496.5,487.4,491.95,13581352,0.0006101901759381079,-0.004048992813037722,0.0064609064295944214,18129289.1,484.35249999999996,478.64399999999995,1,-0.33516479833353907,54.586287633045345,15.850686828570051,1.0188027238540502,0.22207541416810653,1.2408781380221567,0,TATAMOTORS
2021-12-17,488.0,488.85,468.2,470.2,27341178,-0.04421181014330722,-0.049044392759631905,0.020246881977725666,18768516.9,482.37749999999994,481.14899999999994,0,-0.8619854304123269,44.48880794276426,16.41492348367219,1.112186303700553,0.18609102509570397,1.298277328796257,0,TATAMOTORS
2021-12-20,459.9,460.0,440.0,447.05,33007516,-0.049234368353891944,-0.0975068133642879,0.025171787788713988,20321961.0,480.425,483.3689999999999,0,-0.6424999678749999,36.70590251428437,17.399571806267033,1.2215635834917793,0.14394363046639083,1.3655072139581703,1,TATAMOTORS
2021-12-21,452.1,460.9,449.85,453.6,18838054,0.014651604965887577,-0.07315079689415604,0.029714806355370438,20077686.7,478.3299999999999,484.911,0,0.13574659405008255,39.90903674002303,17.146030962962243,1.1894841269841268,0.15630511463844804,1.345789241622575,1,TATAMOTORS
2021-12-22,458.15,472.15,458.15,470.5,22730750,0.037257495590828915,-0.04301840740364071,0.037572822600797855,20292580.0,477.42249999999996,486.662,0,0.8821427941326593,47.31720476358507,17.246314465607792,1.1108395324123272,0.18660998937300746,1.2974495217853348,1,TATAMOTORS
2021-12-23,476.0,478.0,470.95,472.35,12116814,0.0039319872476089035,-0.03984144730155492,0.03779593114226426,19809102.1,476.4025,487.7939999999999,0,-0.5177304230169572,48.071903749436984,16.550149146635807,1.1025722451571927,0.18979570233936705,1.2923679474965597,0,TATAMOTORS
2021-12-24,474.9,474.9,460.0,467.6,15487368,-0.010056102466391437,-0.005529561888558021,0.032175377250607116,19901057.4,476.77250000000004,488.72900000000004,0,-0.48993285302463846,46.24029740158448,16.432281350447532,1.1239307100085543,0.18156544054747653,1.3054961505560307,1,TATAMOTORS
2021-12-27,465.7,472.45,460.1,471.15,12557565,0.007591958939264121,0.053908958729448564,0.017372351818106212,18964686.7,477.2575,488.01399999999995,0,0.4412955108262748,47.83985197028636,16.140689825415564,1.10792741165234,0.18773214475220204,1.2956595564045423,1,TATAMOTORS
2021-12-28,475.2,482.8,472.65,480.2,22860916,0.01920832006791895,0.05864197530864179,0.01774853741005111,19478523.6,478.3375,487.666,1,0.4926107889053394,51.778840880995816,15.819926266457312,1.0682007496876302,0.20304039983340275,1.271241149521033,0,TATAMOTORS
2021-12-29,478.75,481.6,474.25,476.0,10263884,-0.008746355685131157,0.011689691817215797,0.012157485290878157,18878539.7,478.375,486.994,0,-0.3741496089592357,49.89565133880847,15.214931533138934,1.0864495798319327,0.19600840336134456,1.2824579831932774,0,TATAMOTORS
2021-12-30,472.55,476.4,468.6,470.4,11923961,-0.01176470588235301,-0.004128294696729262,0.013599556563449869,18712800.6,477.93999999999994,486.764,0,-0.2756409903024431,47.41925661002301,14.68529356648615,1.1112882653061225,0.18643707482993196,1.2977253401360547,1,TATAMOTORS
2021-12-31,472.7,483.6,471.85,482.4,15541446,0.025510204081632626,0.03165098374679198,0.016507833845666058,17532827.4,478.055,486.6739999999999,1,0.8255318446355868,52.82267268739195,14.579201168880001,1.058768656716418,0.20667495854063017,1.2654436152570483,1,TATAMOTORS
2022-01-03,493.5,500.85,492.0,497.6,32748423,0.03150912106136006,0.05613923378966379,0.020041171908521824,17506918.1,479.575,486.466,1,0.46327678381053433,58.62294391372922,14.85568679967429,0.9958802250803858,0.23090836012861743,1.2267885852090032,0,TATAMOTORS
2022-01-04,496.8,499.0,484.05,489.6,24100985,-0.01607717041800638,0.019575177009579336,0.022547127088293328,18033211.2,479.96500000000003,486.44,1,-0.4816053189561656,54.80387645649593,14.862423456840412,1.0284926470588234,0.2183415032679739,1.2468341503267975,0,TATAMOTORS
2022-01-05,486.95,492.75,483.55,489.75,15420105,0.00030637254901955124,0.028886554621848637,0.021602740884328186,17302146.7,479.7575,486.63699999999994,1,0.3043477930056763,54.8632517718306,14.45796463849467,1.0278713629402756,0.21858090862685045,1.2464522715671262,0,TATAMOTORS
2022-01-06,481.5,492.95,477.1,488.85,16563230,-0.001837672281776337,0.03922193877551039,0.019968089770342985,17746788.3,479.50250000000005,486.24100000000004,1,0.4637223682194114,54.40145468536488,14.557395735745047,1.0316047867444,0.21714227268078148,1.2487470594251815,1,TATAMOTORS
2022-01-07,490.05,495.5,483.75,490.6,15532165,0.0035798302137670657,0.016998341625207303,0.01736715839274389,17751268.0,479.30999999999995,486.095,1,0.04680850665459615,55.19124667991423,14.356867468906115,1.024357929066449,0.219934773746433,1.2442927028128823,1,TATAMOTORS
2022-01-10,493.1,504.9,491.3,503.7,25193771,0.026701997554015477,0.012258842443729767,0.015456676318664849,19014888.6,479.72749999999996,486.548,1,0.7794117073961975,60.681325041689995,14.35280550684139,0.9717093508040501,0.24022235457613658,1.2119317053801868,0,TATAMOTORS
2022-01-11,503.0,507.9,498.15,501.3,16269193,-0.004764740917212573,0.023897058823529438,0.012618656035450064,18355716.3,480.32249999999993,486.9,1,-0.1743589564760033,59.24906520247974,14.024033684924149,0.9811490125673249,0.2365848793137842,1.2177338918811091,1,TATAMOTORS
2022-01-12,505.85,511.85,503.5,507.25,16255334,0.011869140235387876,0.03573251659009702,0.012649389247623214,18954861.3,481.10249999999996,487.33099999999996,1,0.1676646505790806,61.664829536138974,13.775888421715281,0.9579103006407097,0.2455396747166092,1.203449975357319,0,TATAMOTORS
2022-01-13,504.0,513.8,494.8,511.95,27572553,0.009265648102513513,0.047253758821724334,0.011618561084628594,20519720.5,482.10249999999996,487.81300000000005,1,0.4184210306094201,63.50523347725327,14.149039248735615,0.9399355405801347,0.2524660611387831,1.192401601718918,0,TATAMOTORS
2022-01-14,509.0,515.4,505.65,509.9,12655602,-0.004004297294657677,0.03933958418263339,0.0129730949385196,20231136.1,484.0875,488.31299999999993,1,0.09230768284023533,62.10473968512488,13.834822159540213,0.9477348499705825,0.2494606785644244,1.197195528535007,1,TATAMOTORS
2022-01-17,514.8,526.9,512.0,525.0,27942414,0.029613649735242165,0.04228707564026202,0.01405329254674998,19750535.2,487.985,489.01899999999995,1,0.6845637124453926,67.74696061433045,14.060906291001627,0.8917142857142857,0.2710476190476191,1.1627619047619049,0,TATAMOTORS
2022-01-18,527.9,528.5,507.15,510.8,19353195,-0.027047619047618987,0.01895072810692211,0.02105774486168182,19275756.2,490.8450000000001,489.20700000000005,1,-0.8009367306352795,58.87015956738484,14.58155584164437,0.9443030540328895,0.2507830853563039,1.1950861393891934,0,TATAMOTORS
2022-01-19,510.0,522.2,504.8,520.85,21799071,0.019675019577134023,0.026811237062592364,0.022058210267263192,19913652.8,493.3625,489.431,1,0.6235631825538401,62.60476979490217,14.782873281526918,0.9067869828165498,0.26523951233560533,1.172026495152155,0,TATAMOTORS
2022-01-20,519.95,523.2,512.0,515.7,18364451,-0.009887683594124952,0.007324934075593426,0.02288835748770487,20093774.9,495.53000000000003,489.53,1,-0.37946425183354743,59.617412088124155,14.526953761417856,0.925828970331588,0.2579018809385302,1.1837308512701183,0,TATAMOTORS
2022-01-21,510.4,513.85,494.25,501.85,17946821,-0.02685669963156878,-0.015787409295940247,0.026327873113442035,20335240.5,497.2425,489.49799999999993,1,-0.4362244675395651,52.37869348350173,15.021457064173728,0.9789777822058383,0.23742154030088677,1.2163993225067251,0,TATAMOTORS
2022-01-24,499.7,504.3,473.35,478.45,25228959,-0.04662747833017844,-0.08866666666666667,0.024824075952097468,20338759.3,497.60749999999996,488.926,0,-0.6865912540681341,42.9009267487806,16.15921013101846,1.0757654927369633,0.20012540495349568,1.2758908976904588,0,TATAMOTORS
2022-01-25,473.8,492.5,467.65,490.55,22565698,0.02528999895495887,-0.03964369616288177,0.03051574864590774,20968409.8,498.125,488.62799999999993,0,0.674044238469044,48.12778086057388,16.779980835945715,1.024564264600958,0.21985526449903173,1.2444195290999898,0,TATAMOTORS
2022-01-27,480.75,502.7,476.6,494.4,26676094,0.00784833350321068,-0.05078237496400129,0.028238578373329055,22010485.8,499.04499999999996,488.135,0,0.5229884857092532,49.70536672937951,17.44569649052102,1.0087985436893205,0.22593042071197408,1.2347289644012946,0,TATAMOTORS
2022-01-28,500.5,509.35,495.3,497.3,21784640,0.005865695792880432,-0.03567965871630796,0.029125653120450387,21431694.5,500.39,487.478,0,-0.22775799090690357,50.91629241524158,17.267432455483807,0.997084254976875,0.23044439975869702,1.2275286547355722,1,TATAMOTORS
2022-01-31,505.0,520.0,498.2,517.75,27306578,0.041122059119243826,0.03168277373717232,0.03307680793685888,22896792.1,502.15749999999997,487.639,1,0.5848623584925521,58.50357894353303,17.65547299437782,0.918203766296475,0.2608401738290681,1.1790439401255433,0,TATAMOTORS
2022-02-01,508.0,514.75,493.0,504.3,48030231,-0.02597778850796717,0.0540286341310483,0.02507512891835526,24905573.8,502.4925,488.00299999999993,1,-0.1701149347073588,52.73029423588245,18.162224923350834,0.969363474122546,0.24112631370216145,1.2104897878247076,0,TATAMOTORS
2022-02-02,508.6,514.45,505.15,506.4,14311040,0.0041641879833431705,0.0323106716950361,0.02377559404171472,24401358.3,503.3325,488.221,1,-0.2365591143484855,53.501833552275976,17.58992314311149,0.961196682464455,0.24427330173775672,1.2054699842022119,0,TATAMOTORS
2022-02-03,509.1,514.3,502.85,504.5,15249245,-0.003751974723538609,0.02042880258899671,0.024186315597262614,23746375.7,504.07,488.538,1,-0.40174668980378697,52.6642843307186,17.151357204317808,0.9685827552031714,0.2414271555996036,1.210009910802775,0,TATAMOTORS
2022-02-04,503.8,507.8,499.0,500.6,12663199,-0.007730426164519244,0.0066358335009049085,0.024722444613638768,23176250.5,504.65749999999997,488.695,0,-0.3636363223140526,50.90279901706935,16.55483168972368,0.9839192968437873,0.23551737914502602,1.2194366759888136,0,TATAMOTORS
2022-02-07,502.9,504.35,492.5,494.6,13392910,-0.011985617259288817,-0.04471269917914045,0.011175786141384628,22720859.4,504.8575000000001,489.38300000000004,0,-0.7004218818209331,48.23008673461946,16.21877228331485,1.0079862515163767,0.22624342903356254,1.2342296805499393,0,TATAMOTORS
2022-02-08,498.0,498.5,479.15,492.75,23378623,-0.0037403962798221446,-0.022903033908387882,0.005971088165259014,22535825.8,504.31000000000006,490.009,0,-0.2713178154357715,47.40361656353827,16.442431405935217,1.015525114155251,0.22333840690005075,1.238863521055302,0,TATAMOTORS
2022-02-09,496.5,503.7,494.7,501.25,12430730,0.017250126839168045,-0.010169826224328604,0.011282904834945517,21522329.0,504.30750000000006,490.862,0,0.5277777191358091,51.514654776057505,16.050114876939844,0.9813466334164588,0.23650872817955115,1.2178553615960102,0,TATAMOTORS
2022-02-10,506.7,510.5,504.2,507.45,14537945,0.01236907730673309,0.005847373637264619,0.012848833511008855,20308514.1,504.3175,491.506,1,0.11904760015117437,54.319348040656635,15.564392385729857,0.9571386343482117,0.24583702827864815,1.20297566262686,0,TATAMOTORS
2022-02-11,503.25,507.0,497.0,498.85,13534899,-0.016947482510592082,-0.0034958050339592983,0.014946219910429655,19483540.0,503.6625,491.901,0,-0.43999995600000213,49.99891842645302,15.199078643892008,0.990879021750025,0.23283552169990984,1.2237145434499348,0,TATAMOTORS
2022-02-14,487.0,488.5,468.8,471.45,22157389,-0.05492633056028873,-0.04680549939344936,0.02892041824224028,18968621.1,501.74000000000007,491.728,0,-0.7893400614548202,39.279424227718074,16.259858740756865,1.106586064269806,0.18824901898398558,1.2948350832537916,0,TATAMOTORS
2022-02-15,476.15,505.5,467.3,504.0,30623088,0.069042316258352,0.022831050228310446,0.045765721569573425,17227906.8,500.69000000000005,492.464,1,0.7290575725377607,52.349220233490904,17.82701168784566,0.9705357142857143,0.2406746031746032,1.2112103174603175,0,TATAMOTORS
2022-02-16,504.0,507.9,496.6,498.45,20176993,-0.011011904761904834,-0.005586034912718252,0.04567488856056238,17814502.1,500.07249999999993,492.79699999999997,0,-0.49115039901324203,50.35884322118277,17.360796567285252,0.9924766777008727,0.2322198816330625,1.2246965593339354,1,TATAMOTORS
2022-02-17,505.9,511.5,498.3,499.95,27943077,0.0030093289196508888,-0.014779781259237401,0.045215603135304185,19083885.3,499.02750000000003,492.91799999999995,1,-0.4507575416092767,50.9021814788355,17.06359681247916,0.9864986498649865,0.23452345234523453,1.2210221022102212,0,TATAMOTORS
2022-02-18,498.0,502.65,491.5,493.15,15476803,-0.013601360136013652,-0.011426280445023695,0.04496622189999427,19365245.7,497.9,492.90200000000004,0,-0.4349775394639008,48.32016427490805,16.64119704015922,1.0138902970698571,0.2239683666227314,1.2378586636925886,0,TATAMOTORS
2022-02-21,490.15,500.4,486.1,494.45,22592161,0.0026361147723816813,0.04878566125782169,0.03386596606122816,20285170.8,497.53000000000003,492.90200000000004,0,0.3006992796713808,48.8542992213332,16.473968680147845,1.008595409040348,0.22600869653149966,1.2346041055718475,0,TATAMOTORS
2022-02-22,480.55,486.3,471.45,478.25,27957544,-0.032763676812620046,-0.05109126984126988,0.014667081735204701,20743062.9,497.5200000000001,492.56,0,-0.15488214445238138,42.90345620587557,16.940113774423,1.076633559853633,0.199790904338735,1.276424464192368,0,TATAMOTORS
2022-02-23,481.75,485.4,475.3,477.0,17703998,-0.002613695765812829,-0.043033403551008154,0.015047734842222866,21270389.7,496.84250000000003,492.31200000000007,0,-0.47029698313891416,42.47354977018305,16.45153421910707,1.0820754716981131,0.1976939203354298,1.2797693920335431,0,TATAMOTORS
2022-02-24,455.95,461.55,405.45,427.95,57265685,-0.10283018867924532,-0.144014401440144,0.04299935603946351,25543163.7,493.52,491.03799999999995,0,-0.49910872550608315,29.838594438962303,20.38713891774228,1.320715036803365,0.1057366514779764,1.4264516882813414,0,TATAMOTORS
2022-02-25,444.85,465.7,441.6,459.75,48876182,0.07430774623203651,-0.06772787184426643,0.06409422689501934,29077292.0,491.64250000000004,490.39399999999995,0,0.6182572357569611,41.90474190805403,21.62734328076069,1.1601957585644371,0.16759108210984233,1.3277868406742797,0,TATAMOTORS
2022-02-28,445.0,457.35,440.45,454.05,34475468,-0.012398042414355603,-0.08170694711295379,0.06357164781459834,30309099.9,488.4575000000001,490.0710000000001,0,0.5355029268933175,40.558315334060886,21.461104474992073,1.187314172447968,0.15714128399955957,1.344455456447528,0,TATAMOTORS
2022-03-02,452.95,454.25,444.55,447.6,25791134,-0.014205483977535516,-0.06408782017773129,0.06283162761789793,29825904.5,485.62249999999995,490.082,0,-0.5515463348921276,39.03008592096384,20.62102558392121,1.2188337801608577,0.14499553172475432,1.3638293118856122,0,TATAMOTORS
2022-03-03,458.5,458.5,435.0,437.1,29599672,-0.023458445040214437,-0.08364779874213835,0.06278214855233889,30768172.4,482.15749999999997,489.75199999999995,0,-0.9106382591217752,36.611610135307416,20.826666613641123,1.2721345229924501,0.1244566460764128,1.396591169068863,0,TATAMOTORS
2022-03-04,431.85,431.85,414.75,417.25,38765185,-0.04541294898192638,-0.025002920901974535,0.04582622913572134,31850383.2,477.79499999999996,488.68699999999995,0,-0.8538011196607533,32.5103293717478,20.935476141238187,1.3802276812462553,0.08280407429598564,1.463031755542241,0,TATAMOTORS
2022-03-07,401.75,401.75,387.5,394.0,44836205,-0.055721989215098855,-0.14301250679717237,0.01937124670414681,34786323.4,472.465,487.12,0,-0.5438596109572204,28.48530369250217,21.5650849882926,1.5206852791878172,0.028680203045685308,1.5493654822335026,0,TATAMOTORS
2022-03-08,390.5,395.45,376.35,391.75,55543383,-0.005710659898477188,-0.13720955841867633,0.02106763742829469,38081445.6,467.32249999999993,485.60299999999995,0,0.0654450227515696,28.122439164005073,21.38900748912884,1.5351627313337588,0.023101467772814323,1.558264199106573,1,TATAMOTORS
2022-03-09,394.95,409.25,389.5,405.9,48376222,0.036119974473516114,-0.09316353887399476,0.03633425069929786,40123313.4,462.9799999999999,484.298,0,0.554430351674412,33.83112348599752,21.271935525619636,1.4467849223946785,0.057156935205715666,1.5039418576003944,1,TATAMOTORS
2022-03-10,427.0,434.95,414.0,419.6,59776817,0.03375215570337531,-0.04003660489590477,0.04292534437370699,44330595.3,458.8974999999999,483.086,0,-0.3532219401803361,38.891610836476225,21.82751155950395,1.3668970448045756,0.0879408960915158,1.4548379408960916,0,TATAMOTORS
2022-03-11,413.6,421.15,407.4,418.15,51510243,-0.00345567206863695,0.0021569802276812933,0.03737775504288242,43755051.1,454.4325,481.92900000000003,0,0.33090906684297366,38.555519543880756,21.25054644811081,1.3751046275260075,0.08477818964486426,1.459882817170872,0,TATAMOTORS
2022-03-14,418.75,419.0,404.0,411.7,40721277,-0.015425086691378653,0.04492385786802022,0.024063866110978736,42939560.6,450.075,480.755,0,-0.46999996866666954,37.022853235200785,20.804078844674326,1.4123147923245083,0.07043964051493806,1.4827544328394464,1,TATAMOTORS
2022-03-15,409.85,424.2,408.0,413.65,47706136,0.00473645858634919,0.055902999361837846,0.022885865572670548,44262627.4,447.18499999999995,479.38,0,0.23456788675506607,37.82752504561845,20.47521607005473,1.4009428260606793,0.0748217091744228,1.4757645352351023,1,TATAMOTORS
2022-03-16,427.05,428.55,420.7,424.9,27191170,0.027196905596518883,0.04680955900468087,0.020694513552249258,44402631.0,443.2299999999999,477.926,0,-0.27388531542862576,42.400093144902414,20.07698635076511,1.337373499646976,0.09931748646740407,1.43669098611438,1,TATAMOTORS
2022-03-17,432.0,435.7,429.55,433.8,26704541,0.020946104965874346,0.03384175405147749,0.01746093879542844,44113117.9,439.99750000000006,476.81,0,0.2926828792385591,45.796439766796105,19.414344468567602,1.2894190871369293,0.11779621945597055,1.4072153065929,0,TATAMOTORS
2022-03-21,435.5,436.3,427.1,427.95,18270995,-0.0134854771784233,0.023436565825660782,0.01940189898772637,42063698.9,436.3974999999999,475.574,0,-0.8206520847117322,43.96153464407486,18.684748435098488,1.320715036803365,0.1057366514779764,1.4264516882813414,0,TATAMOTORS
2022-03-22,428.1,441.45,421.2,440.35,30441493,0.02897534758733511,0.06958950692251653,0.01794018235299108,40624227.7,433.7575,474.6039999999999,1,0.6049382417314448,48.65734670515459,18.796552118305737,1.255365050527989,0.13091858748722615,1.3862836380152153,0,TATAMOTORS
2022-03-23,443.5,447.0,434.6,435.8,25466395,-0.010332689905756864,0.05354768524114606,0.020847195596577224,37616528.9,430.825,473.50800000000004,1,-0.6209676918574445,47.09779616230889,18.33965553842675,1.2789123451124367,0.12184488297384126,1.4007572280862781,0,TATAMOTORS
2022-03-24,430.0,435.4,427.55,433.2,17109723,-0.005966039467645734,0.019534008001882874,0.01950272127224866,34489879.0,428.57250000000005,472.09799999999996,1,0.4076432601728334,46.18680207344341,17.618965857110556,1.292590027700831,0.11657433056325023,1.4091643582640814,0,TATAMOTORS
2022-03-25,437.0,437.0,427.65,432.1,15104414,-0.0025392428439519055,-0.003918856615952038,0.0170879545823317,30022638.7,426.3275,470.714,1,-0.524064115073353,45.78331812827473,17.02832543874552,1.2984262902105992,0.11432538764174967,1.412751677852349,0,TATAMOTORS
2022-03-28,432.0,434.95,426.5,432.7,16757901,0.0013885674612357235,0.011099427503213022,0.015522043016386383,26547404.5,426.56500000000005,469.223,1,0.08284022688281216,46.060115287034755,16.415587907406554,1.2952391957476312,0.11555350127108852,1.41079269701872,1,TATAMOTORS
2022-03-29,436.0,439.35,431.4,433.7,18710736,0.0023110700254218575,-0.015101623708413836,0.005249790243706922,24346350.4,425.2625,467.65799999999996,1,-0.28930813970966773,46.5499060596825,15.810903056877518,1.289946967950196,0.11759280608715703,1.4075397740373532,1,TATAMOTORS
2022-03-30,438.45,442.5,434.25,435.65,18149488,0.004496195526861868,-0.00034419458467194186,0.004168547944099766,21390685.6,424.34250000000003,466.173,1,-0.3393938982552865,47.550055537507106,15.310124267100552,1.2796970044760703,0.12154252266727876,1.401239527143349,0,TATAMOTORS
2022-03-31,436.0,438.3,432.6,433.75,14248045,-0.004361299208079816,0.0012696214219760638,0.0036269156228315577,20096373.1,423.65,464.348,1,-0.3947367728531985,46.63441162087548,14.623686819450512,1.2896829971181556,0.11769452449567726,1.407377521613833,0,TATAMOTORS
2022-04-01,434.0,442.25,430.85,441.15,19380324,0.017060518731988328,0.02094422587364031,0.007909591085371136,19363951.4,423.8525000000001,462.955,1,0.6271929274392162,50.622523039878615,14.393423475204045,1.2512750765045904,0.13249461634364726,1.3837696928482377,0,TATAMOTORS
2022-04-04,444.4,449.5,441.3,446.75,18657201,0.012694094979032178,0.0324705338571758,0.008505933594015556,19402572.0,425.32750000000004,461.473,1,0.28658533090423116,53.45717480319623,13.961750369832329,1.2230554001119194,0.14336877448237273,1.3664241745942922,0,TATAMOTORS
2022-04-05,450.0,461.9,448.3,458.05,28530470,0.025293788472299905,0.056144800553378005,0.011425568916977536,19211469.7,428.53000000000003,460.32,1,0.591911721182964,58.61946082465117,14.046625343415732,1.1682130771749806,0.16450169195502679,1.3327147691300076,0,TATAMOTORS
2022-04-06,455.9,462.7,452.6,456.15,24974477,-0.0041480187752429565,0.04705612303454609,0.013181680478318601,19162277.9,431.75,459.406,1,0.02475247279678496,57.46532992963189,13.764723533171749,1.177244327523841,0.16102159377397784,1.338265921297819,0,TATAMOTORS
2022-04-07,456.5,459.1,448.5,449.5,19950241,-0.014578537761701149,0.036311239193083544,0.01626239228111864,19446329.7,433.93,458.827,1,-0.6603772961908198,53.495403635008316,13.53867185223091,1.2094549499443825,0.14860956618464963,1.3580645161290323,1,TATAMOTORS
2022-04-08,450.0,456.25,449.7,452.05,16315704,0.005672969966629582,0.024708149155616033,0.01531742766997283,19567458.7,435.55250000000007,458.057,1,0.31297705145388643,54.785313261949746,13.053766719928703,1.1969914832430038,0.1534122331600487,1.350403716403053,0,TATAMOTORS
2022-04-11,457.0,458.9,451.0,452.05,14339854,0.0,0.011863458310016783,0.0147625678494002,19325654.0,437.24750000000006,457.21,1,-0.6265821991668106,54.785313261949746,12.68564052564808,1.1969914832430038,0.1534122331600487,1.350403716403053,0,TATAMOTORS
2022-04-12,450.8,450.8,435.0,438.3,22698696,-0.03041698927109837,-0.04311756358476149,0.01422302231237005,19724450.0,438.5775,456.03,0,-0.7911391904342279,46.68705267782905,12.997380488101792,1.265913757700205,0.12685375313712074,1.392767510837326,0,TATAMOTORS
2022-04-13,441.8,442.85,430.1,431.05,16817981,-0.016541181838923058,-0.05502575907048113,0.014312309558268198,19591299.3,439.44750000000005,454.296,0,-0.8431371887735539,43.071784986551705,12.979710453237377,1.3040250550980161,0.11216796195336973,1.4161930170513861,0,TATAMOTORS
2022-04-18,430.0,436.35,423.65,433.8,15298361,0.006379770328268197,-0.034927697441601735,0.01603129884438789,19696330.9,439.89250000000004,452.88599999999997,0,0.2992125748651514,44.817310635805505,12.959731135148997,1.2894190871369293,0.11779621945597055,1.4072153065929,0,TATAMOTORS
2022-04-19,436.75,440.25,417.0,424.95,12669041,-0.0204011065006916,-0.05994912067249203,0.015099755686421693,19025202.6,439.45,451.25699999999995,0,-0.5075268598913183,40.512240863466744,13.694750339781212,1.3370984821743737,0.09942346158371573,1.4365219437580894,1,TATAMOTORS
2022-04-20,431.0,441.7,428.25,440.55,19639290,0.036710201200141235,-0.025439663754009523,0.026858655855477906,19123411.5,440.08000000000004,449.97799999999995,1,0.710037121930327,49.68674906112455,13.912982458368267,1.2543411644535238,0.13131313131313135,1.3856542957666553,0,TATAMOTORS
2022-04-21,444.5,449.35,441.05,448.05,14124872,0.017024174327545216,0.022245037645448384,0.023772840070447637,17682851.7,440.46500000000003,448.927,1,0.4277107918420741,53.40719809683211,13.547769425627678,1.2166052895882153,0.1458542573373508,1.3624595469255665,0,TATAMOTORS
2022-04-22,442.05,447.25,438.0,438.85,14362036,-0.02053342260908375,0.01809534856745154,0.024710412298870516,16621607.6,440.61749999999995,447.81199999999995,0,-0.34594590854638707,48.65443007724124,13.29792875236856,1.2630739432607951,0.12794804602939508,1.3910219892901903,0,TATAMOTORS
2022-04-25,432.75,436.0,423.15,425.15,14729009,-0.031217956021419746,-0.019940064545873715,0.02907749731350354,16099484.4,440.21500000000003,446.46,0,-0.5914396426895228,42.57798776811823,13.469505270056521,1.3359990591555921,0.09984711278372337,1.4358461719393156,1,TATAMOTORS
2022-04-26,433.9,437.45,431.6,434.9,13577513,0.02293308244149128,0.02341451935521821,0.029306175433831554,15825665.3,440.355,445.133,0,0.1709401417196349,47.5941912865349,13.385969179338199,1.2836284203265118,0.12002759255001148,1.4036560128765234,0,TATAMOTORS
2022-04-27,429.25,432.95,425.1,430.25,13701069,-0.01069211312945495,-0.023379866076495337,0.023585621331444123,15761786.8,440.23249999999996,443.589,0,0.1273885188040109,45.55046569541809,13.129828523671181,1.3083091226031376,0.11051714119697853,1.4188262638001163,1,TATAMOTORS
2022-04-28,434.8,439.2,430.8,436.05,13875650,0.013480534572922753,-0.026782725142283192,0.022817995706009384,14879482.2,440.35,442.33299999999997,0,0.14880950609410684,48.51986131552166,12.831269343408952,1.2776057791537665,0.122348354546497,1.399954133700264,0,TATAMOTORS
2022-04-29,440.2,447.75,436.0,437.6,21991752,0.0035546382295608137,-0.0028483536515894192,0.02126272835657277,15396859.3,440.44750000000005,441.656,0,-0.22127657691262886,49.31535852532168,12.754035818879741,1.2695383912248628,0.12545703839122493,1.3949954296160878,0,TATAMOTORS
2022-05-02,437.95,442.95,428.5,432.85,18945234,-0.010854661791590448,0.018111254851228997,0.014870787755767365,15761546.6,440.40250000000003,440.23299999999995,0,-0.35294115204559295,46.92244931556476,12.875176117531186,1.2944438027030147,0.11585999768973093,1.4103038003927457,0,TATAMOTORS
2022-05-04,437.95,440.6,420.7,423.5,14934742,-0.0216010165184245,-0.026212922510922,0.013754411795046086,15988116.7,439.52,438.73400000000004,0,-0.7261306167773541,42.546150364240596,13.376949251993247,1.3451003541912632,0.09634002361275092,1.4414403778040144,1,TATAMOTORS
2022-05-05,429.0,434.0,423.7,426.3,12240729,0.006611570247933907,-0.009180708890180078,0.0142037077519894,15248260.6,438.49749999999995,437.26099999999997,0,-0.26213589688000866,44.22381900355614,13.171452876850873,1.329697396199859,0.10227539291578705,1.4319727891156464,0,TATAMOTORS
2022-05-06,418.85,420.2,407.0,408.55,25142225,-0.041637344593009606,-0.0630661621373696,0.019730160006721207,16349995.9,436.02250000000004,435.569,0,-0.7803029711891705,36.87321441868719,13.609206242790098,1.4309142087871738,0.06327254925957661,1.4941867580467507,0,TATAMOTORS
2022-05-09,407.15,407.4,395.0,403.95,18076956,-0.01125933178313554,-0.07689670932358328,0.017667478941212438,16721487.9,433.4125,433.75899999999996,0,-0.25806449531737896,35.2385485789936,13.60497722544795,1.4585963609357595,0.052605520485208564,1.511201881420968,0,TATAMOTORS
2022-05-10,400.0,408.5,389.6,391.75,16540303,-0.03020175764327271,-0.09495206191521322,0.018429985794364206,16902617.3,430.525,432.02899999999994,0,-0.43650791341228024,31.278094694327436,13.98319313791595,1.5351627313337588,0.023101467772814323,1.558264199106573,0,TATAMOTORS
2022-05-11,396.0,397.0,377.55,388.15,29215175,-0.009189534141672007,-0.08347107438016532,0.018925238100961694,18466383.5,427.33000000000004,430.25199999999995,0,-0.40359895097177767,30.199510131193946,14.373679342350526,1.5586757696766715,0.014040963545021226,1.572716733221693,0,TATAMOTORS
2022-05-12,382.0,384.65,366.2,372.3,33511538,-0.0408347288419425,-0.12667135819845177,0.015653907719531467,20447430.4,423.34250000000003,429.139,0,-0.5257452289568978,25.955681859530685,14.914845103611201,1.667606768734891,0.0,1.667606768734891,1,TATAMOTORS
2022-05-13,387.0,419.35,387.0,404.3,71425747,0.08595218909481606,-0.010402643495288189,0.050429398581626234,26202440.1,421.64250000000004,428.03,0,0.5347758721862172,43.28438140653037,17.210213310496115,1.4564679693297053,0.053425674004452195,1.5098936433341579,0,TATAMOTORS
2022-05-16,411.9,411.9,396.25,405.35,24938704,0.0025970813752165256,0.003465775467260901,0.05011171800674255,26497135.3,420.3575000000001,427.056,0,-0.41853032469454565,43.74956471726465,17.098769502603535,1.4501048476625136,0.055877636610336824,1.5059824842728506,0,TATAMOTORS
2022-05-17,408.4,425.65,405.0,424.15,24651585,0.046379671888491236,0.08270580727504773,0.04963808846976614,27067770.4,419.875,426.587,1,0.7627118274715831,51.43086975373598,17.352428823846136,1.3415065424967583,0.09772486148768122,1.4392314039844396,0,TATAMOTORS
2022-05-18,424.0,427.35,414.05,415.15,20490516,-0.021218908405045367,0.06956073682854558,0.051480949730996144,27623347.8,419.38499999999993,426.148,0,-0.6654134838034986,48.048229175868336,17.06296962214284,1.3922678549921716,0.07816451884860891,1.4704323738407807,0,TATAMOTORS
2022-05-19,400.0,406.8,396.2,398.65,17706724,-0.03974467060098763,0.07077625570776247,0.05118911878088483,28169947.3,417.2900000000001,425.77600000000007,0,-0.1273584785510888,42.52602011800311,17.197757506275494,1.4912830803963377,0.04001003386429196,1.5312931142606299,1,TATAMOTORS
2022-05-20,410.0,421.4,410.0,418.0,23504236,0.048538818512479764,0.033885728419490446,0.03961220449157648,28006148.4,415.7875,426.2560000000001,1,0.7017543244075168,49.81096121185207,17.594346255827244,1.375956937799043,0.08444976076555026,1.4604066985645934,0,TATAMOTORS
2022-05-23,421.65,431.15,419.55,421.45,16345308,0.00825358851674629,0.039718761564080385,0.039524618950089546,27832983.6,414.9175,426.85,1,-0.017241377824018224,51.0034199203401,17.27689295183958,1.3565072962391744,0.09194447739945427,1.4484517736386286,0,TATAMOTORS
2022-05-24,423.9,427.5,416.0,425.75,14525617,0.010202871040455586,0.0037722503831192356,0.033729963829743505,27631515.0,414.94750000000005,427.24699999999996,1,0.16086955122873667,52.517679907251825,16.864257740993896,1.3327069876688198,0.10111567821491488,1.4338226658837347,0,TATAMOTORS
2022-05-25,428.45,429.0,413.45,417.0,13540006,-0.020551967116852587,0.004456220643141107,0.03362025074452868,26063998.1,414.05250000000007,427.195,1,-0.7363343577920015,49.186451209509016,16.77038218806576,1.3816546762589927,0.08225419664268588,1.4639088729016787,0,TATAMOTORS
2022-05-26,422.0,422.65,405.0,420.65,17712299,0.0087529976019185,0.05518625360592,0.02458611918967993,24484074.2,413.57250000000005,427.245,1,-0.07648724779109216,50.59426677018188,16.833212031775346,1.3609889456793058,0.09021752050398191,1.451206466183288,0,TATAMOTORS
2022-05-27,426.05,433.25,425.2,429.6,16867431,0.021276595744680993,0.02775119617224875,0.015555139962367551,19028242.6,413.25,427.60299999999995,1,0.4409937340380463,53.962432532229656,16.530839743791397,1.3118016759776534,0.10917132216014905,1.4209729981378025,1,TATAMOTORS
2022-05-30,437.0,445.2,436.0,442.4,18500266,0.029795158286778367,0.0497093368133823,0.01906550407226169,18384398.8,413.48999999999995,428.17800000000005,1,0.5869564579395138,58.33702867165217,16.46435119066344,1.2449141048824595,0.13494575045207954,1.3798598553345391,0,TATAMOTORS
2022-05-31,443.95,449.5,440.4,443.55,22308219,0.0025994575045209523,0.041808573106283164,0.019336129086196,18150062.2,414.025,428.551,1,-0.043956039125707384,58.71658286065545,15.938326105616053,1.239093676022996,0.13718859204148354,1.3762822680644797,0,TATAMOTORS
2022-06-01,445.1,446.0,439.6,444.6,11930669,0.002367264119039536,0.06618705035971217,0.012143249855394401,17294077.5,415.08000000000004,428.76700000000005,1,-0.07812498779297093,59.08310679672079,15.257017098072046,1.2338056680161942,0.13922627080521824,1.3730319388214125,0,TATAMOTORS
2022-06-02,445.0,445.6,435.65,439.15,12742438,-0.012258209626630823,0.043979555449898955,0.016731164537256413,16797648.9,415.7225,428.991,1,-0.5879396394030509,56.28961825765115,14.87794444820976,1.2615279517249232,0.12854377775247636,1.3900717294773997,0,TATAMOTORS
2022-06-03,444.9,445.05,430.5,431.9,12780122,-0.016509165433223227,0.005353817504655467,0.018136579094007406,15725237.5,416.89,428.82200000000006,1,-0.8934707289710833,52.71874203681092,14.854519844766205,1.2994906228293588,0.11391525816161147,1.4134058809909704,0,TATAMOTORS
2022-06-06,427.9,433.95,424.6,432.35,11896105,0.0010419078490391254,-0.022716998191681603,0.00911963317661242,15280317.2,418.31000000000006,428.75299999999993,1,0.47593577797478975,52.91838638602989,14.461339855854332,1.297097259165028,0.11483751590146879,1.411934775066497,0,TATAMOTORS
2022-06-07,432.5,438.2,429.1,435.85,11153869,0.008095293165259587,-0.017359936872956783,0.010433574621533638,14943142.4,420.51500000000004,428.80600000000004,1,0.36813182767782504,54.526678351351265,14.07838700900759,1.2786509120110128,0.12194562349432152,1.4005965355053345,0,TATAMOTORS
2022-06-08,438.7,440.4,432.0,435.65,12844475,-0.0004588734656419957,-0.020130454340980708,0.010111035911633787,14873589.3,422.89,428.87699999999995,1,-0.36309519486962205,54.41229646782656,13.672787936935618,1.2796970044760703,0.12154252266727876,1.401239527143349,0,TATAMOTORS
2022-06-09,431.9,435.65,426.1,428.5,13043367,-0.01641225754619524,-0.024251394739838283,0.011081506148827816,14406696.1,425.7,428.79299999999995,1,-0.3560209051287004,50.34621776080158,13.378303084297357,1.3177362893815636,0.10688448074679116,1.4246207701283549,0,TATAMOTORS
2022-06-10,423.0,428.85,422.0,428.05,11914234,-0.001050175029171485,-0.008914100486223542,0.00897026857715737,13911376.4,426.8875,428.68,1,0.7372261697480036,50.09250481414864,12.911995721133263,1.3201728770003502,0.10594556710664647,1.426118444106997,0,TATAMOTORS
2022-06-13,414.9,418.15,405.6,406.7,17442641,-0.04987735077677846,-0.05932693419683133,0.022973142992786837,13805613.9,426.95500000000004,428.101,0,-0.653386402120607,39.83558373569138,13.593281741052314,1.441971969510696,0.05901155642980084,1.5009835259404969,0,TATAMOTORS
2022-06-14,403.0,411.85,397.7,405.15,19626627,-0.003811163019424635,-0.07043707697602397,0.020900702469407926,13537454.7,426.005,427.529,0,0.1519434521594714,39.20790643863274,13.633047330977151,1.451314328026657,0.05541157595952114,1.5067259039861782,0,TATAMOTORS
2022-06-15,410.0,416.4,407.45,414.1,15192826,0.02209058373441941,-0.04946631470216911,0.026359771445967767,13863670.4,425.9525,426.98799999999994,0,0.4581005074748068,44.632829524377186,13.462829664478784,1.3983337358126056,0.0758270949046125,1.474160830717218,0,TATAMOTORS
2022-06-16,420.0,420.9,390.1,392.95,22261032,-0.051074619657087705,-0.08296382730455076,0.03239633346020267,14815529.8,425.6675,425.912,0,-0.8782467247322508,36.372588584260086,14.701198974158869,1.5274207914492939,0.02608474360605675,1.5535055350553506,0,TATAMOTORS
2022-06-17,387.95,394.45,382.65,388.95,24824899,-0.010179412138949018,-0.09134446910407668,0.03153652174162267,16020007.5,424.215,424.53,0,0.08474575553002064,35.05136143465158,14.493970476004664,1.5534130350944853,0.016068903458028024,1.5694819385525134,0,TATAMOTORS
2022-06-20,390.55,392.95,376.65,382.7,17049013,-0.016068903458028028,-0.05901155642980083,0.026342638413877295,16535298.3,422.27750000000003,423.06100000000004,0,-0.48159506247883155,33.03231196497943,14.622972584861474,1.5951136660569638,0.0,1.5951136660569638,1,TATAMOTORS
2022-06-21,389.0,399.0,387.0,397.6,14743366,0.038933890776064795,-0.018635073429593918,0.03507549229562614,16894248.0,420.87,422.023,0,0.7166666069444514,41.660086443082186,14.74276025737137,1.497862173038229,0.03747484909456749,1.5353370221327969,1,TATAMOTORS
2022-06-22,396.4,397.0,390.5,393.1,12426604,-0.011317907444667985,-0.05071238831200198,0.032094522620512336,16852460.9,419.675,420.84399999999994,0,-0.5076922295858038,39.984613903675914,14.196848810416272,1.5264563724243192,0.026456372424319596,1.552912744848639,1,TATAMOTORS
2022-06-23,396.3,409.9,394.55,407.2,26514004,0.035868735690663955,0.03626415574500563,0.027454640872565713,18199524.6,419.00249999999994,419.94699999999995,0,0.7100976736092722,47.15601466691457,14.382788181100821,1.43897347740668,0.060166994106090374,1.4991404715127703,1,TATAMOTORS
2022-06-24,410.0,412.85,406.15,409.3,14806456,0.005157170923379306,0.052320349659339405,0.025799861281461306,18488746.8,417.9875,419.36699999999996,0,-0.104477596346625,48.14976431747026,13.834017596736478,1.4264598094307352,0.06498900561935016,1.4914488150500855,1,TATAMOTORS
2022-06-27,417.55,419.45,412.35,414.5,12018949,0.01270461763987285,0.0830938071596552,0.021184085665766746,17946377.6,416.59250000000003,419.036,0,-0.4295774042848763,50.62576379244985,13.57087348268387,1.3960193003618817,0.07671893848009653,1.4727382388419783,0,TATAMOTORS
2022-06-28,411.3,418.2,409.15,417.1,13238339,0.006272617611580378,0.049044265593561454,0.017087716873971273,17307548.8,415.27,418.70200000000006,1,0.6408839070846517,51.863502542904115,13.247953948206453,1.3810836729801006,0.08247422680412379,1.4635578997842245,0,TATAMOTORS
2022-06-29,412.05,419.9,411.55,416.95,13104313,-0.00035962598897154585,0.060671584838463355,0.014164878985411697,17098697.5,413.8875,418.54200000000003,1,0.5868262770267929,51.78285017127947,12.898100094763134,1.3819402806091858,0.08214414198345125,1.464084422592637,0,TATAMOTORS
2022-06-30,418.3,424.0,410.0,411.8,20121916,-0.012351600911380212,0.011296660117878332,0.009406686770430906,16884785.9,412.52,417.96700000000004,0,-0.4642856811224514,48.96730710831882,12.976807230851481,1.4117289946576006,0.07066537153958237,1.4823943661971832,0,TATAMOTORS
2022-07-01,410.65,414.6,402.3,412.7,14725989,0.0021855269548323175,0.008306865379916983,0.009272745753918378,15874894.9,411.56000000000006,417.26,1,0.16666665311653306,49.48422693589794,12.928463857219233,1.4064695905015752,0.0726920281075842,1.4791616186091594,1,TATAMOTORS
2022-07-04,411.55,414.9,405.0,408.45,11525133,-0.010298037315241149,-0.014595898673100183,0.008070256991485966,15322506.9,410.36499999999995,416.652,0,-0.3131312815018938,47.06008249629,12.712145010275,1.4315093646713186,0.06304321214346921,1.4945525768147878,1,TATAMOTORS
2022-07-05,415.0,418.8,410.2,412.0,16771012,0.00869139429550736,-0.012227283625030005,0.008797997814517629,15525271.5,409.1725,416.38899999999995,1,-0.3488371687398632,49.29453229879728,12.54342036668393,1.4105582524271845,0.07111650485436896,1.4816747572815534,1,TATAMOTORS
2022-07-06,414.0,417.3,410.65,416.35,12196920,0.010558252427184556,-0.0014390214654034228,0.010607900239660253,15502303.1,408.2075,416.01800000000003,1,0.3533834055062564,51.96968375941727,12.122461769063651,1.3853728833913772,0.08082142428245474,1.4661943076738322,1,TATAMOTORS
2022-07-07,419.9,432.95,419.3,430.85,17616800,0.03482646811576795,0.04626032054395335,0.016493903599725804,14612582.7,408.325,416.03,1,0.8021977434287415,59.61768905535018,12.442285928416245,1.3050945804804455,0.11175583149588031,1.4168504119763259,1,TATAMOTORS
2022-07-08,436.25,443.85,429.3,441.55,23730027,0.024834629221306637,0.0699055003634601,0.017184059374014096,15504939.8,409.0,416.14,1,0.3642611433497501,64.15373183825767,12.592836933529371,1.2492356471520776,0.13328048918582272,1.3825161363379006,0,TATAMOTORS
2022-07-11,438.05,441.2,433.45,437.05,12621150,-0.010191371305627861,0.07002081038070762,0.017146809687513587,15565159.9,410.51750000000004,416.129,1,-0.12903224141519465,61.04795318585552,12.271920009705847,1.2723944628761008,0.12435648095183623,1.3967509438279373,0,TATAMOTORS
2022-07-12,433.0,435.0,428.15,430.55,9518822,-0.01487244022423062,0.04502427184466029,0.02155439273651278,15193208.2,411.7875,416.083,1,-0.35766418136289035,56.77259186375404,12.031068580441145,1.3067007316223433,0.11113691789571484,1.4178376495180585,0,TATAMOTORS
2022-07-13,432.7,435.85,425.65,427.1,10181698,-0.008013006619440266,0.02581962291341422,0.02279012238003202,14900946.7,412.4375,416.155,1,-0.549019554017685,54.587424321054485,11.900277967552496,1.3253336455162723,0.10395691875439014,1.4292905642706626,0,TATAMOTORS
2022-07-14,428.0,431.25,423.3,428.05,10744547,0.0022243034418167884,-0.006498781478472826,0.015840810803205426,13963209.8,414.1925,416.19,1,0.006289307384994221,55.09991080582686,11.61811525558446,1.3201728770003502,0.10594556710664647,1.426118444106997,1,TATAMOTORS
2022-07-15,430.65,441.75,429.7,440.2,15774084,0.02838453451699552,-0.0030574113916884693,0.01731092821528751,14068019.3,416.755,416.823,1,0.7925310545617384,61.14003710361048,11.766821308756999,1.2561335756474332,0.13062244434348025,1.3867560199909135,0,TATAMOTORS
2022-07-18,443.95,453.8,443.2,450.9,21185764,0.0243071331213085,0.031689738016245306,0.019246252251145894,15034082.4,420.16499999999996,417.76200000000006,1,0.6556603155037414,65.5369216900196,11.897762643845786,1.2025948103792417,0.15125304945664225,1.3538478598358838,0,TATAMOTORS
2022-07-19,446.75,451.85,444.45,449.05,11553440,-0.004102905300510051,0.042968296365114345,0.01670433431994625,14512325.2,422.7375,418.908,1,0.31081076880935565,64.18470324368911,11.57649388357109,1.2116690791671303,0.1477563745685336,1.3594254537356643,0,TATAMOTORS
2022-07-20,454.35,460.75,451.75,453.45,17154184,0.009798463422781456,0.06169515335986886,0.013960285357281024,15008051.6,425.755,420.214,1,-0.09999998888889391,65.98245380220715,11.585315749030297,1.1902084022494213,0.15602602271474253,1.3462344249641638,0,TATAMOTORS
2022-07-21,452.95,455.5,450.1,454.85,10931800,0.0030874407321646036,0.06260950823501932,0.013811839159503498,14339551.6,428.1375,421.865,1,0.35185178669412137,66.55765221629923,11.143507481242418,1.1834670770583708,0.1586237221061889,1.3420907991645599,0,TATAMOTORS
2022-07-22,456.6,459.95,452.3,454.9,10340910,0.00010992634934581247,0.03339391185824625,0.01109927967762536,13000639.9,430.4175,422.87700000000007,1,-0.2222221931735761,66.57938702188727,10.893971232582244,1.1832270828753573,0.1587162013629369,1.3419432842382943,0,TATAMOTORS
2022-07-25,456.0,457.6,446.3,449.55,12505062,-0.011760826555286763,-0.0029940119760478723,0.00804767297205535,12989031.1,432.16999999999996,423.76099999999997,1,-0.570796409664033,61.940615537316276,10.922973287397799,1.209209209209209,0.14870425981537097,1.3579134690245802,0,TATAMOTORS
2022-07-26,448.7,448.7,439.75,441.15,11563528,-0.018685352018685375,-0.01759269569090305,0.011533762951652317,13193501.7,433.37250000000006,424.10100000000006,1,-0.8435753247401896,55.41259028506521,10.842760909726527,1.2512750765045904,0.13249461634364726,1.3837696928482377,0,TATAMOTORS
2022-07-27,441.15,445.0,436.1,444.05,10081023,0.006573727756998826,-0.020729959201675974,0.010662151219759773,13183434.2,434.72749999999996,424.67900000000003,1,0.32584266001768336,57.09382930224487,10.703992273317487,1.236572458056525,0.13816011710392978,1.3747325751604549,0,TATAMOTORS
2022-07-28,440.25,449.25,427.4,442.25,36380444,-0.004053597567841516,-0.027701440035176494,0.009904162331751483,15747023.9,436.25,425.551,1,0.09153317658887054,55.690191300583706,11.500135682366238,1.2456755228942904,0.1346523459581685,1.3803278688524592,1,TATAMOTORS
2022-07-29,445.15,452.7,445.15,449.6,16004096,0.016619559072922563,-0.011650912288414972,0.01412221100657805,15770025.1,438.09499999999997,426.18299999999994,1,0.5894038954431978,60.0131641021234,11.425125990768649,1.2089635231316724,0.1487989323843417,1.3577624555160144,1,TATAMOTORS
2022-08-01,451.95,481.0,451.05,479.2,43084536,0.06583629893238419,0.0659548437326214,0.03217346049891925,17959902.3,441.6325,427.338,1,0.9098497192036825,71.90214925401851,12.851902705713744,1.0725166944908182,0.20137729549248748,1.2738939899833057,0,TATAMOTORS
2022-08-02,478.9,479.9,469.25,476.25,19065689,-0.006156093489148584,0.07956477388643335,0.029434910724909228,18711127.2,444.84499999999997,428.348,1,-0.24882626771584182,69.6786228493281,12.694623941019904,1.0853543307086613,0.19643044619422576,1.2817847769028872,0,TATAMOTORS
2022-08-03,475.0,476.25,459.6,467.8,19125906,-0.017742782152230907,0.05348496790901924,0.03311208113678925,18908299.4,447.4175,429.36400000000003,1,-0.432432406460516,63.61057347140624,12.977150802375622,1.1230226592560921,0.1819153484395041,1.3049380076955965,0,TATAMOTORS
2022-08-04,473.15,473.95,456.45,468.9,18540405,0.0023514322359983186,0.06026003391746748,0.032507283976773924,19669159.9,449.32,430.329,1,-0.2428571289795926,64.04948333759367,13.300211459348791,1.118042226487524,0.1838345062913201,1.3018767327788443,0,TATAMOTORS
2022-08-05,468.9,472.9,464.0,465.25,11917799,-0.007784175730432885,0.03480871886120984,0.0334915151889835,19826848.8,450.505,431.04200000000003,1,-0.4101123134705251,61.40296833156718,12.985910640823876,1.1346587855991401,0.1774314884470715,1.3120902740462117,1,TATAMOTORS
2022-08-08,466.0,471.9,464.45,468.25,10561754,0.006448146157979506,-0.022850584307178567,0.009429665326519131,19632518.0,452.06499999999994,431.559,1,0.3020133822800834,62.76480624798381,12.590488452193599,1.1209823812066204,0.18270154831820612,1.3036839295248266,0,TATAMOTORS
2022-08-10,470.0,477.2,463.35,475.55,13360759,0.015589962626801901,-0.0014698162729658293,0.012896663560980503,19812241.1,454.31499999999994,432.199,1,0.4007219927276558,65.91622087533467,12.680453562751197,1.0884239301861,0.19524760803280417,1.2836715382189046,0,TATAMOTORS
2022-08-11,482.55,485.0,475.6,476.65,12777503,0.0023131111344758537,0.018918341171440645,0.008433814113668083,20081889.1,456.7925,432.84,1,-0.6276595076958023,66.37799547358716,12.44970687969754,1.0836043218294347,0.19710479387391167,1.2807091157033463,0,TATAMOTORS
2022-08-12,475.75,481.45,470.0,477.55,13482890,0.0018881779083186334,0.01844743015568362,0.008455997424682341,17792133.7,459.26750000000004,433.608,1,0.15720522644495954,66.7746264931713,12.378299245433428,1.0796775206784628,0.19861794576484143,1.2782954664433044,0,TATAMOTORS
2022-08-16,479.6,491.4,478.2,489.85,16796376,0.02575646529159248,0.05287479849543253,0.010200769217676712,17871361.7,461.75,434.767,1,0.7765150926882513,71.68993928801922,12.483420727902468,1.027457384913749,0.2187404307441054,1.2461978156578546,0,TATAMOTORS
2022-08-17,490.9,494.4,484.2,485.4,15948755,-0.009084413595998875,0.036625734116390696,0.01352747398702719,15157783.6,463.475,435.82800000000003,1,-0.5392156334102327,67.78295751304898,12.320319247338006,1.046044499381953,0.211578079934075,1.2576225793160283,0,TATAMOTORS
2022-08-18,484.0,486.8,479.25,484.8,12070974,-0.0012360939431396156,0.019451161812638063,0.013031130126842904,14458312.1,465.2625,436.80699999999996,1,0.10596025086619328,67.2507801195165,11.979582158242435,1.0485767326732673,0.21060231023102313,1.2591790429042904,0,TATAMOTORS
2022-08-19,486.75,488.1,468.1,471.0,16636593,-0.02846534653465349,-0.011853561313332595,0.019598889357184034,14209380.8,466.14,437.514,1,-0.7874999606250019,56.30186247638797,12.552469146939403,1.1085987261146497,0.18747346072186838,1.2960721868365181,0,TATAMOTORS
2022-08-22,468.5,468.95,452.55,454.6,15050653,-0.034819532908704875,-0.048057794995288394,0.024042784608164048,13860405.6,466.12749999999994,438.036,0,-0.8475609239292117,46.59345080206754,12.973721350729445,1.1846678398592168,0.15816102067751878,1.3428288605367356,0,TATAMOTORS
2022-08-23,449.0,462.1,447.6,460.45,17779238,0.0128684557853056,-0.060018372971317846,0.019586554801608345,14446549.5,466.40500000000003,438.684,0,0.7896551179548187,49.91133755264225,13.08274125424877,1.156911716798784,0.1688565533717016,1.3257682701704856,0,TATAMOTORS
2022-08-24,459.0,464.9,457.7,463.2,12214113,0.0059724182864588915,-0.04573547589616811,0.021261093535849547,14611785.4,467.0875,439.814,0,0.5833332523148254,51.438620719930384,12.662545450373857,1.1441062176165804,0.1737910189982729,1.3178972366148534,0,TATAMOTORS
2022-08-25,466.0,468.8,457.4,459.2,11255809,-0.008635578583765069,-0.05280528052805289,0.02082683083612742,14401290.4,467.98999999999995,440.895,0,-0.5964911757463873,49.09375301667493,12.572363632490012,1.1627831010452963,0.16659407665505227,1.3293771777003485,1,TATAMOTORS
2022-08-26,465.0,470.45,463.95,465.05,11252560,0.012739547038327581,-0.012632696390658116,0.020139106412337772,14248796.1,469.03999999999996,441.914,0,0.00769230650887767,52.503859268968974,12.477909087312154,1.1355768196968066,0.17707773357703477,1.3126545532738416,0,TATAMOTORS
2022-08-29,451.0,456.9,450.15,453.35,11647725,-0.02515858509837654,-0.0027496700395952534,0.01635627160772082,14065279.6,469.59499999999997,443.12199999999996,0,0.3481480965706557,45.88367997216964,12.650915581075575,1.1906915186941656,0.1558398588287196,1.3465313775228853,1,TATAMOTORS
2022-08-30,458.65,472.4,457.1,471.1,14421066,0.03915297231719417,0.02312954718210447,0.02409651567148596,13827748.6,470.66999999999996,444.765,1,0.8137254370114148,55.12757921637283,13.107993039570173,1.1081511356399913,0.18764593504563792,1.2957970706856294,0,TATAMOTORS
2022-09-01,462.5,474.4,462.15,466.9,13385159,-0.008915304606240793,0.007987910189982683,0.0248263765604402,13571389.0,470.055,446.44899999999996,0,0.3591836441482721,52.82810981397444,13.046707822458018,1.1271150139216106,0.18033840222745767,1.3074534161490685,0,TATAMOTORS
2022-09-02,470.85,471.8,460.15,461.75,10806707,-0.011030199186121137,0.0055531358885017035,0.025100483545329965,13444962.3,469.33000000000004,447.73199999999997,0,-0.7811158127797583,50.07019638291549,12.946942977996732,1.1508391987005955,0.17119653492149434,1.32203573362209,0,TATAMOTORS
2022-09-05,459.75,463.95,457.0,459.0,9378108,-0.005955603681645938,-0.013009353832921233,0.024362742115249275,12719113.8,468.89,449.05,0,-0.10791365353760399,48.610848254037,12.518589908139822,1.1637254901960783,0.16623093681917214,1.3299564270152506,0,TATAMOTORS
2022-09-06,462.7,463.7,456.6,457.75,9805875,-0.002723311546840912,0.009705525532149428,0.02094527838004153,12194636.0,468.3325,450.061,0,-0.6971830003967623,47.92705881111544,12.131547771844117,1.1696340797378482,0.1639541234298198,1.333588203167668,0,TATAMOTORS
2022-09-07,453.2,456.5,443.65,445.85,20764508,-0.02599672310212997,-0.053597962216090034,0.008988456068572787,12493163.0,467.3625,450.79200000000003,0,-0.5719843912852578,41.886405435913595,12.27215150242668,1.227542895592688,0.14163956487607945,1.3691824604687675,0,TATAMOTORS
2022-09-08,452.45,452.55,440.0,442.2,19336014,-0.008186609846360993,-0.05290212036838726,0.00903495920505426,13205353.1,466.06000000000006,451.34600000000006,0,-0.8167330026507561,40.2122636161404,12.29199782368192,1.2459294436906379,0.13455450022614202,1.38048394391678,1,TATAMOTORS
2022-09-09,447.5,449.65,440.6,445.9,14294289,0.008367254635911259,-0.034325933946941056,0.012427448129864434,13509201.1,464.57750000000004,451.92199999999997,0,-0.17679556057507959,42.711901529385685,12.06042655056178,1.2272931150482171,0.14173581520520295,1.3690289302534202,0,TATAMOTORS
2022-09-12,447.7,453.0,447.0,451.0,8962633,0.011437542049786975,-0.017429193899782147,0.014938208537075035,13280208.4,463.29499999999996,452.60299999999995,0,0.5499999083333504,46.05949807443935,11.706110368378798,1.2021064301552107,0.15144124168514414,1.353547671840355,0,TATAMOTORS
2022-09-13,454.3,458.95,453.55,456.8,10661280,0.012860310421286103,-0.002075368651010323,0.01664786092339538,13181563.9,462.2575,453.50299999999993,0,0.46296287722909873,49.66202275408217,11.437816770637454,1.1741462346760068,0.16221541155866906,1.3363616462346761,0,TATAMOTORS
2022-09-14,447.6,454.7,447.0,450.2,10360461,-0.01444833625218922,0.009756644611416343,0.012468661492683454,12775503.4,460.275,454.25299999999993,0,0.3376622938100878,45.904929845952736,11.320829858449065,1.2060195468680588,0.1499333629498001,1.3559529098178589,0,TATAMOTORS
2022-09-15,452.4,455.85,446.05,447.25,10356713,-0.006552643269657876,0.011420171867932982,0.012152130288820942,12472658.8,458.3675,455.029,0,-0.525510150458145,44.291999616651566,11.212199154274131,1.2205701509223028,0.1443264393515931,1.364896590273896,0,TATAMOTORS
2022-09-16,446.0,446.4,429.1,432.5,20992324,-0.03297931805477916,-0.03005158107198913,0.019100539366845484,13491220.5,455.75250000000005,455.439,0,-0.7803467757025006,37.245345586401456,11.707756357540262,1.2963005780346821,0.11514450867052026,1.4114450867052024,0,TATAMOTORS
2022-09-19,431.5,431.6,424.05,425.45,15236142,-0.0163005780346821,-0.05665188470066518,0.016665826867292597,14077023.9,453.475,455.621,0,-0.8013243971755768,34.42613384830318,11.475059474858814,1.3343518627335764,0.1004818427547303,1.4348337054883067,1,TATAMOTORS
2022-09-20,430.6,443.35,430.6,434.25,17557661,0.020683981666470785,-0.049365148861646224,0.01962710203826951,14852202.5,452.4575,455.689,0,0.28627448735101885,40.482075768583385,11.933983798083187,1.2870466321243523,0.11871042026482444,1.405757052389177,0,TATAMOTORS
2022-09-21,433.95,436.0,425.5,427.65,10831068,-0.015198618307426637,-0.05008884940026659,0.019673197930431135,13858858.5,450.8175,455.41100000000006,0,-0.5999999428571494,37.67201501887965,11.831556383934387,1.322343037530691,0.10510931836782414,1.4274523558985153,0,TATAMOTORS
2022-09-22,425.0,434.6,422.55,432.2,13600786,0.01063954168128145,-0.03365008384572388,0.021826122654693303,13285335.7,449.26750000000004,455.31399999999996,0,0.5975103238580629,40.726684998634525,11.847159499367647,1.2978944932901435,0.11453031004164739,1.412424803331791,0,TATAMOTORS
2022-09-23,431.9,431.9,420.55,423.1,13441609,-0.021055067098565416,-0.021734104046242764,0.01864739105768343,13200067.7,447.4625,455.165,0,-0.7753303281647271,36.83808772824807,11.833076677984241,1.3473174190498698,0.09548570077995754,1.4428031198298275,0,TATAMOTORS
2022-09-26,416.0,417.9,393.15,397.5,33230938,-0.06050579059324046,-0.06569514631566575,0.0317014144368129,15626898.2,444.08500000000004,454.57300000000004,0,-0.7474747172737488,28.57291829196957,13.127142629556799,1.498490566037736,0.037232704402515755,1.5357232704402517,0,TATAMOTORS
2022-09-27,403.9,404.0,390.35,398.8,21932747,0.003270440251572415,-0.08163500287852621,0.027777474856027023,16754044.9,441.35749999999996,453.98800000000006,0,-0.37362634625447827,29.438701814160112,13.164489584588454,1.4903460381143427,0.040371113340020116,1.5307171514543632,0,TATAMOTORS
2022-09-28,394.9,406.6,392.85,399.1,18114880,0.0007522567703108773,-0.06676020109902947,0.028868854403127933,17529486.8,437.7575,453.166,0,0.30545452323967437,29.65062050693787,13.206311757117849,1.4884740666499623,0.041092458030568865,1.5295665246805312,0,TATAMOTORS
2022-09-29,411.0,413.25,399.6,402.25,20725995,0.007892758707090941,-0.06929662193428965,0.028318401493645555,18566415.0,434.525,452.193,0,-0.6410255940640601,31.961263894601345,13.273718060180858,1.4689869484151648,0.048601615910503444,1.5175885643256681,0,TATAMOTORS
2022-09-30,398.0,408.25,392.5,404.6,20951277,0.005842137973896877,-0.043724887733396334,0.029168291489387523,18562310.3,431.6675,451.30400000000003,0,0.41904759244142414,33.710542990510305,13.450595341596511,1.454646564508156,0.05412753336628777,1.508774097874444,0,TATAMOTORS
2022-10-03,405.5,406.55,395.5,397.65,20332430,-0.01717745921898184,0.00037735849056597104,0.010033514835513825,19071939.1,428.6,450.18799999999993,0,-0.7104071755287638,31.15908082788347,13.27912424576819,1.4975480950584685,0.037595875770149605,1.5351439708286183,1,TATAMOTORS
2022-10-04,406.0,408.95,402.9,407.9,12761425,0.025776436564818317,0.022818455366098167,0.015410126593625825,18592315.5,426.10749999999996,449.249,0,0.3140495348678411,38.54651531980424,13.137758228213318,1.434787938220152,0.06177984800196124,1.4965677862221134,0,TATAMOTORS
2022-10-06,409.6,417.65,409.5,414.1,12771199,0.015199803873498619,0.0375845652718616,0.015852402387036564,18786328.6,424.52,448.43299999999994,0,0.552147171515686,42.56166147588181,12.895775497626653,1.3983337358126056,0.0758270949046125,1.474160830717218,0,TATAMOTORS
2022-10-07,413.4,414.0,408.7,412.15,10670854,-0.00470900748611458,0.024611559975139752,0.01675193353264595,18493335.4,423.01750000000004,447.685,0,-0.23584901210395948,41.64016248249238,12.360362962081895,1.4096809414048284,0.07145456751182819,1.4811355089166567,0,TATAMOTORS
2022-10-10,403.4,403.4,393.05,395.95,32914630,-0.039306077884265433,-0.02137913989125073,0.025864679315793913,20440637.5,420.52,446.781,0,-0.719806693738485,34.883119333621394,12.841765607647472,1.5082712463694912,0.033463821189544135,1.5417350675590353,0,TATAMOTORS
2022-10-11,397.0,399.5,391.3,393.35,14641301,-0.00656648566738216,-0.010813529485728557,0.024936256178284686,18581673.8,417.6375,445.767,0,-0.4451218969363519,33.93144224665697,12.510210921386939,1.5248506419219523,0.027075123935426552,1.5519257658573788,0,TATAMOTORS
2022-10-12,394.55,398.2,391.1,396.55,14287344,0.008135248506419224,-0.027825447413581728,0.02097023482479234,17817133.5,414.625,444.85299999999995,0,0.28169010117040966,36.237145253680396,12.123767284145012,1.5044761064178538,0.034926238809734014,1.539402345227588,1,TATAMOTORS
2022-10-13,396.55,403.5,394.55,399.0,12584114,0.0061782877316858276,-0.036464622071963326,0.019049545152568823,17264056.9,412.06499999999994,443.841,0,0.27374298617396714,38.02057845551045,11.897069620991797,1.4890977443609021,0.04085213032581456,1.5299498746867168,0,TATAMOTORS
2022-10-14,407.0,409.2,395.3,396.25,12875470,-0.006892230576441061,-0.038578187553075294,0.019001598589822657,16479004.4,409.515,442.18199999999996,0,-0.773381239325092,36.777156489182694,12.040136076635237,1.506372239747634,0.03419558359621454,1.5405678233438487,0,TATAMOTORS
2022-10-17,394.0,398.9,392.5,396.1,9543556,-0.0003785488958989447,0.0003788357115799279,0.006983427101542332,15338232.3,407.695,440.579,0,0.3281249487304815,36.70664048382055,11.637269214018433,1.5073213834890178,0.03382984094925532,1.5411512244382732,1,TATAMOTORS
2022-10-18,401.0,406.7,400.7,404.25,14215544,0.020575612219136508,0.027710690224990397,0.010281057901028056,14726543.7,406.635,439.30800000000005,0,0.5416665763889039,43.09131996418802,11.563178555874257,1.4567717996289424,0.053308596165739054,1.5100803957946816,0,TATAMOTORS
2022-10-19,406.2,406.95,397.3,399.05,8648435,-0.01286332714904137,0.006304375236414028,0.012902267743226049,14315244.7,404.875,437.911,0,-0.7409325657064694,40.298155316626826,11.42652294474038,1.4887858664327775,0.040972309234431833,1.5297581756672096,0,TATAMOTORS
2022-10-20,397.0,399.9,393.1,398.1,10747183,-0.0023806540533767295,-0.0022556390977442886,0.012662766280479939,14112843.1,403.39750000000004,436.568,0,0.16176468209343353,39.790705241998495,11.096057020116064,1.494724943481537,0.03868374780205987,1.5334086912835971,1,TATAMOTORS
2022-10-21,397.0,402.25,394.7,398.05,10279618,-0.00012559658377298,0.004542586750788669,0.012144820580228583,14073719.5,401.69,435.164,0,0.13907282926187822,39.76232533217921,10.842767232964917,1.4950383117698778,0.03856299459866856,1.5336013063685467,1,TATAMOTORS
2022-10-24,406.0,406.0,400.15,401.6,2871205,0.00891847757819364,0.013885382479171815,0.012591099695434151,11069377.0,400.615,433.685,1,-0.7521366235663823,42.877481025201334,10.636141002038851,1.4729830677290834,0.04706175298804789,1.5200448207171315,1,TATAMOTORS
2022-10-25,404.35,410.5,403.2,404.55,17979661,0.007345617529880499,0.0007421150278292821,0.008724760462717415,11403213.0,400.96750000000003,432.24299999999994,1,0.027397256520922165,45.4041566123745,10.512130930464647,1.454949944382647,0.05401062909405518,1.5089605734767026,1,TATAMOTORS
2022-10-27,408.55,411.7,404.0,407.7,14614841,0.007786429365962189,0.021676481643904122,0.005171507581719299,11435962.7,401.4125,430.846,1,-0.11038959605330233,48.04673686426452,10.311264435431456,1.43598233995585,0.06131959774343881,1.4973019376992889,1,TATAMOTORS
2022-10-28,408.0,411.2,406.1,409.9,12488938,0.005396124601422692,0.02964079377040929,0.003581722101554332,11426445.1,401.9525,429.24700000000007,1,0.3725489465590281,49.87167687635123,9.939031261472064,1.4229080263478897,0.0663576482068797,1.4892656745547697,1,TATAMOTORS
2022-10-31,414.35,416.3,411.6,412.75,9928218,0.006952915345206145,0.036930033915337335,0.0012846552054938754,11131719.9,402.4775,427.79400000000004,1,-0.3404254594839504,52.213467915929115,9.686243314224061,1.4061780738946092,0.0728043609933374,1.4789824348879468,1,TATAMOTORS
2022-11-01,414.9,422.4,412.8,421.35,17324893,0.02083585705632962,0.049178286852589626,0.006310215872018959,11909853.6,403.315,426.525,1,0.6718749300130353,58.51182864671904,9.683654506065198,1.357066571733713,0.09172896641746774,1.4487955381511808,0,TATAMOTORS
2022-11-02,423.05,425.1,420.15,422.15,12433578,0.0018986590720302399,0.04350512915585214,0.007215614838406808,11731657.0,404.54,425.548,1,-0.18181814508724864,59.052490498667744,9.345536327060545,1.3525997868056379,0.09345019542816532,1.4460499822338033,0,TATAMOTORS
2022-11-03,419.4,423.3,414.5,416.25,10987519,-0.01397607485490937,0.020971302428256067,0.012464194255086495,11965565.4,404.9575,424.78100000000006,1,-0.35795450477789414,53.513720991905124,9.306569446556223,1.385945945945946,0.08060060060060063,1.4665465465465466,1,TATAMOTORS
2022-11-04,418.2,426.0,416.9,425.35,12277023,0.02186186186186201,0.03769212002927547,0.014807119912067856,12118549.4,405.52000000000004,424.079,1,0.7857141993720679,59.77976876072606,9.338243057516491,1.3349006700364403,0.10027036558128608,1.4351710356177265,0,TATAMOTORS
2022-11-07,428.25,437.5,428.25,435.0,15058076,0.02268719877747727,0.05390672319806189,0.016258694245642313,12596395.2,406.6625,423.515,1,0.7297296508400378,65.14517305019963,9.539082839122456,1.283103448275862,0.12022988505747129,1.4033333333333335,0,TATAMOTORS
2022-11-09,439.2,441.2,432.0,433.15,14471443,-0.004252873563218462,0.02800522131244798,0.01620503540525607,13756419.0,408.5225,422.994,1,-0.6576086241729777,63.39906998564012,9.514862636327994,1.2928546692831584,0.11647235368809879,1.4093270229712573,0,TATAMOTORS
2022-11-10,420.5,420.55,409.2,412.2,26251660,-0.04836661664550379,-0.023569821153618387,0.029360634907124022,14583618.9,409.465,421.93699999999995,1,-0.7312774686099143,47.78066161961676,10.545943876590277,1.4093886462882097,0.07156720038816108,1.4809558466763708,1,TATAMOTORS
2022-11-11,420.0,425.5,414.7,423.5,19296401,0.027413876758854983,0.017417417417417314,0.031728352387214616,15051774.9,410.8125,421.34,1,0.32407404406721785,54.31769885442217,10.742662171119544,1.3451003541912632,0.09634002361275092,1.4414403778040144,0,TATAMOTORS
2022-11-14,424.0,437.7,423.5,433.7,17996083,0.02408500590318763,0.019630892206418116,0.03205740984737238,15602489.4,412.5475,420.592,1,0.6830985434437643,59.2736955573451,10.989614873182433,1.289946967950196,0.11759280608715703,1.4075397740373532,0,TATAMOTORS
2022-11-15,434.9,438.5,434.1,437.15,10696024,0.007954807470601732,0.004942528735632168,0.030589877376995325,15679270.0,414.59250000000003,419.99700000000007,1,0.5113635201446571,60.82190584399356,10.547499525097974,1.2718746425712,0.12455678828777306,1.3964314308589731,0,TATAMOTORS
2022-11-16,436.95,438.2,429.6,431.55,8206169,-0.012810248198558805,-0.003693870483666095,0.03121588261056065,14767397.6,416.36499999999995,419.39300000000003,1,-0.6279069037317553,57.03201029628447,10.408392416162402,1.3013555787278412,0.11319661684625193,1.4145521955740934,0,TATAMOTORS
2022-11-17,422.0,427.55,419.6,423.15,15621809,-0.01946472019464729,0.026564774381368172,0.02115495401960998,15086220.7,417.31000000000006,418.67600000000004,1,0.1446540698548313,51.81634259482477,10.518507243579373,1.347040056717476,0.09559257946354718,1.4426326361810236,1,TATAMOTORS
2022-11-18,424.0,426.45,421.15,423.8,9851962,0.001536098310291889,0.0007083825265643551,0.017236337848751317,14972665.0,418.5475,417.99700000000007,1,-0.03773584193663137,52.180771280640265,10.145756726180847,1.343440302029259,0.09697970740915532,1.4404200094384143,0,TATAMOTORS
2022-11-21,425.6,427.6,420.0,421.1,9497812,-0.006370929683813142,-0.029052340327415216,0.010945345825469398,14694743.9,419.69749999999993,417.50199999999995,1,-0.592105185249316,50.473086351979674,9.963916960025074,1.3584659225837092,0.09118974115412024,1.4496556637378295,1,TATAMOTORS
2022-11-22,421.0,426.4,420.5,424.7,6407614,0.008549038233198747,-0.02847992679858169,0.011134055517389494,13829697.7,421.03000000000003,417.152,1,0.6271185377765195,52.69598017691735,9.673637177166139,1.3384742170944197,0.09889333647280434,1.4373675535672241,1,TATAMOTORS
2022-11-23,426.85,429.3,422.85,424.05,6568241,-0.0015304921120790071,-0.01737921445950641,0.010458555185547077,13039377.5,422.1525,416.715,1,-0.4341084598281483,52.240072646363934,9.443377378797127,1.342058719490626,0.09751208583893414,1.4395708053295602,0,TATAMOTORS
2022-11-24,424.5,425.25,420.7,423.4,6768613,-0.00153283810871363,0.0005908070424198719,0.005491850063059967,11091072.8,423.09499999999997,416.163,1,-0.24175818862457832,51.75783615197505,9.093850423168762,1.3456542276806802,0.096126594237128,1.4417808219178083,1,TATAMOTORS
2022-11-25,425.0,435.15,424.0,433.2,18764073,0.023145961265942372,0.022180273714015986,0.011779157609808284,11037840.0,424.37,415.69100000000003,1,0.7354259430111267,58.0460406490951,9.283575392942423,1.292590027700831,0.11657433056325023,1.4091643582640814,0,TATAMOTORS
2022-11-28,435.0,440.35,432.4,433.25,10701208,0.00011542012927057144,0.028853004037045826,0.010585932508926426,10308352.5,425.5375,415.35200000000003,1,-0.2201257584747461,58.07606616763356,9.188320007732253,1.2923254472013848,0.11667628390075017,1.4090017311021352,0,TATAMOTORS
2022-11-29,432.5,437.9,429.55,433.15,8630105,-0.0002308136180034781,0.019896397457028536,0.010732613885987828,10101760.6,426.5575,415.07,1,0.07784430205457221,57.98668202030449,9.128440007179947,1.2928546692831584,0.11647235368809879,1.4093270229712573,0,TATAMOTORS
2022-11-30,435.0,441.0,433.3,439.4,14727892,0.014429181576820937,0.036198561490390135,0.011047673996996282,10753932.9,427.46000000000004,415.208,1,0.5714284972170761,61.93040390170989,9.037122863809952,1.260241238051889,0.1290395994538006,1.3892808375056898,0,TATAMOTORS
2022-12-01,443.0,443.6,436.85,438.25,8909310,-0.0026172052799271484,0.03507321681624953,0.011270010964945787,10082683.0,428.265,415.464,1,-0.7037035994513186,60.79950994266046,8.873756944966384,1.2661722760981176,0.12675413576725617,1.3929264118653737,0,TATAMOTORS
2022-12-02,439.0,441.15,435.0,435.4,8352658,-0.006503137478608201,0.005078485687904033,0.007937475407428373,9932752.6,429.2225,415.48699999999997,1,-0.5853657584771182,57.97408622240475,8.679202877468784,1.281005971520441,0.12103812586127696,1.402044097381718,0,TATAMOTORS
2022-12-05,435.5,437.5,427.8,428.75,12857807,-0.015273311897106012,-0.010386612810155849,0.010838362406128094,10268752.1,429.39250000000004,415.50899999999996,0,-0.6958762169199785,51.912117129078986,8.752116957649585,1.3163848396501456,0.10740524781341111,1.423790087463557,0,TATAMOTORS
2022-12-06,428.8,431.35,425.35,427.1,8461831,-0.0038483965014576293,-0.013967447766362606,0.010808179544333439,10474173.8,428.99750000000006,415.40700000000004,0,-0.2833332861111171,50.50111472874234,8.55553717496033,1.3253336455162723,0.10395691875439014,1.4292905642706626,0,TATAMOTORS
2022-12-07,428.0,428.0,419.1,420.1,12133315,-0.016389604308124528,-0.043923532089212514,0.006470065068167515,11030681.2,428.34499999999997,415.347,0,-0.8876403497033313,44.92255325867094,8.580141662463161,1.3640799809569149,0.08902642228040951,1.4531064032373244,0,TATAMOTORS
2022-12-08,421.0,421.4,415.35,417.2,9539923,-0.006903118305165545,-0.04803194523673704,0.00565821260011931,11307812.2,428.59499999999997,415.741,0,-0.6280990697356975,42.8125783849637,8.399417258001503,1.3805129434324066,0.0826941514860978,1.4632070949185045,0,TATAMOTORS
2022-12-09,419.3,420.95,409.55,413.3,9920219,-0.00934803451581967,-0.05075792374827737,0.005382182769540725,10423426.8,428.0849999999999,416.031,0,-0.5263157433056377,40.085771449918404,8.61374459671568,1.4029760464553591,0.07403822888942661,1.477014275344786,0,TATAMOTORS
2022-12-12,412.0,416.9,408.0,414.15,8009229,0.0020566174691507566,-0.03405247813411083,0.00681134793499722,10154228.9,427.10749999999996,416.33200000000005,0,0.2415730065648288,40.968257023244455,8.634191411235987,1.3980441868888085,0.07593866956416755,1.4739828564529762,0,TATAMOTORS
2022-12-13,419.95,421.5,417.25,418.5,9717894,0.010503440782325235,-0.02013579957855305,0.010459002954636237,10263007.8,426.175,416.65700000000004,0,-0.3411763903114349,45.40047887802289,8.54246345329056,1.3731182795698924,0.08554360812425331,1.458661887694146,0,TATAMOTORS
2022-12-14,420.55,421.35,417.35,417.9,6314883,-0.0014336917562725038,-0.0052368483694359425,0.007848463550296402,9421706.9,425.4925,416.92299999999994,0,-0.6624998343750499,44.899722809476685,8.21800177805552,1.3765254845656856,0.0842306771955013,1.460756161761187,0,TATAMOTORS
2022-12-15,418.85,422.8,415.7,416.7,7542601,-0.002871500358937573,-0.0011984659635666528,0.0072801043250314175,9285036.0,425.16999999999996,417.30400000000003,0,-0.30281685875819275,43.85781930145508,8.138144508194413,1.383369330453564,0.08159347252219823,1.464962802975762,0,TATAMOTORS
2022-12-16,417.35,427.8,413.1,421.6,50949198,0.01175905927525811,0.02008226469876595,0.006764188107397762,13544690.0,425.06000000000006,417.57800000000003,0,0.28911562659077394,49.056271826919954,8.60684847189481,1.3556688804554078,0.09226755218216326,1.4479364326375712,0,TATAMOTORS
2022-12-19,421.9,422.85,415.5,418.0,9809103,-0.008538899430740043,0.009296148738379806,0.008861013618375295,13239819.6,424.90500000000003,417.65600000000006,0,-0.5306121727058221,45.70765935344825,8.517073581045183,1.375956937799043,0.08444976076555026,1.4604066985645934,0,TATAMOTORS
2022-12-20,418.0,418.0,408.0,410.5,12341042,-0.01794258373205737,-0.019115890083632014,0.010851446236827024,13627740.7,424.195,417.62300000000005,0,-0.7499999250000076,39.63725806728694,8.622996896684814,1.4193666260657734,0.06772228989037761,1.4870889159561511,0,TATAMOTORS
2022-12-21,412.6,414.4,401.0,402.6,11606059,-0.01924482338611444,-0.036611629576453586,0.012652219820606467,13575015.1,423.12249999999995,417.756,0,-0.7462686010247326,34.44760876796806,8.964211404064468,1.4668405365126675,0.04942871336313968,1.5162692498758072,0,TATAMOTORS
2022-12-22,404.1,404.7,390.2,394.45,14908929,-0.02024341778440153,-0.05339572834173267,0.013467781360142926,14111915.7,421.675,417.778,0,-0.6655171954815751,30.073113065505467,9.359624875202721,1.517809608315376,0.029788312840664216,1.5475979211560402,0,TATAMOTORS
2022-12-23,390.0,390.0,377.0,378.35,19902886,-0.04081632653061218,-0.10258538899430736,0.011835631424407866,15110182.4,418.9325,417.414,0,-0.8961537772189385,23.676624228488862,9.93750881268824,1.6249504427117747,0.0,1.6249504427117747,0,TATAMOTORS
2022-12-26,380.25,390.7,375.2,384.8,16979026,0.017047707149464797,-0.07942583732057418,0.020856787755122504,16007162.1,416.51000000000005,417.13,0,0.29354836815817054,30.09181814309865,10.334829611781938,1.5809511434511432,0.005457380457380517,1.586408523908524,1,TATAMOTORS
2022-12-27,390.0,397.45,388.5,394.15,14372461,0.024298336798336706,-0.03982947624847755,0.027493689629721117,16472618.8,414.55999999999995,417.088,0,0.4636870990293725,38.20088783774129,10.500198925226083,1.5197259926423952,0.0290498541164531,1.5487758467588484,0,TATAMOTORS
2022-12-28,394.0,395.9,390.4,391.3,8443917,-0.007230749714575602,-0.028067560854446172,0.026757639230038346,16685522.2,412.15500000000003,416.99199999999996,0,-0.4909090016529067,36.799672408534526,10.143041859138506,1.5380782008688982,0.021978021978022035,1.5600562228469206,0,TATAMOTORS
2022-12-29,389.0,390.0,383.05,385.9,15627403,-0.013800153335037146,-0.021675751045759917,0.026008048046283844,17494002.4,409.5375,416.625,0,-0.4460431012887664,34.23717760614083,10.007824583485757,1.5735941953874062,0.00829230370562319,1.5818864990930295,1,TATAMOTORS
2022-12-30,391.0,392.2,387.0,387.95,9198673,0.005312257061414805,0.025373331571296287,0.015973641049986626,13318949.9,407.165,416.403,0,-0.5865383487426287,36.057520888555935,9.742979970379633,1.5599948446964818,0.01353267173604846,1.5735275164325302,1,TATAMOTORS
2023-01-02,392.5,396.0,391.0,394.8,10501357,0.017656914550844283,0.02598752598752596,0.0160892196752947,13388175.3,405.46750000000003,416.33700000000005,0,0.45999990800002066,41.84975120730465,9.622052829638232,1.5155775075987838,0.030648429584599853,1.546225937183384,0,TATAMOTORS
2023-01-03,396.0,398.35,393.0,393.9,9431220,-0.0022796352583587254,-0.0006342762907523003,0.012123202039010902,13097193.1,403.8075,416.25399999999996,0,-0.3925232911171444,41.32014290039236,9.31690619894979,1.5213252094440215,0.028433612592028406,1.5497588220360499,0,TATAMOTORS
2023-01-04,394.8,394.8,385.0,385.6,16121049,-0.02107133790302096,-0.014566828520316877,0.015324844107527616,13548692.1,402.0825,415.934,0,-0.9387754144106698,36.706677665110746,9.351412899024805,1.5755964730290455,0.007520746887966893,1.5831172199170125,0,TATAMOTORS
2023-01-05,387.9,388.75,382.5,386.9,10443908,0.003371369294605797,0.002591344908007276,0.014131200871975268,13102190.0,400.5675,415.58099999999996,0,-0.1599999744000041,37.87663586778301,9.129883406237319,1.566942362367537,0.0108555182217627,1.5777978805892998,0,TATAMOTORS
2023-01-06,386.1,388.4,381.0,382.0,8715469,-0.012664771258723118,-0.015337027967521566,0.014898006716095449,11983448.3,399.00249999999994,415.06699999999995,0,-0.5540539791818995,35.23301215629253,9.006320305791794,1.5998691099476439,0.0,1.5998691099476439,1,TATAMOTORS
2023-01-09,386.35,392.7,385.0,389.45,14693099,0.019502617801047117,-0.013551165146909905,0.015546474872697117,11754855.6,397.76750000000004,414.65799999999996,0,0.4025973503120286,41.8755216537377,9.127297426806665,1.5501348054949289,0.0173321350622673,1.5674669405571962,1,TATAMOTORS
2023-01-10,400.0,417.75,400.0,412.9,54021379,0.060213121068173114,0.04823559279004819,0.03215055082087701,15719747.4,397.4875,414.661,1,0.7267605224360256,56.86994463537611,10.496776182034763,1.4053039476870914,0.07314119641559698,1.4784451441026885,1,TATAMOTORS
2023-01-11,415.75,420.0,413.55,418.2,22224361,0.012836037781545295,0.08454356846473021,0.027185046839473134,17097791.8,397.5025,414.598,1,0.3798449023496264,59.41807166713051,10.254149311889424,1.3748206599713058,0.08488761358201817,1.459708273553324,0,TATAMOTORS
2023-01-12,420.3,420.5,410.05,412.25,12479034,-0.014227642276422703,0.06552080640992508,0.03029574127920182,16782954.9,397.28,414.4,1,-0.770334854513413,55.456910521139044,10.268138646754466,1.4090964220739841,0.07167980594299578,1.48077622801698,0,TATAMOTORS
2023-01-13,413.0,416.35,408.0,411.5,10449630,-0.0018192844147968401,0.07722513089005245,0.02831021504181268,16908050.6,396.775,414.305,1,-0.17964069704901783,54.959544555635944,10.131128743414862,1.4134872417982989,0.06998784933171327,1.4834750911300123,0,TATAMOTORS
2023-01-16,413.5,414.9,407.6,413.0,11462140,0.0036452004860267895,0.06046989343946585,0.028608498232764644,17004128.9,396.525,414.05800000000005,1,-0.06849314130230984,55.81309396125678,9.92890526174237,1.4047215496368037,0.07336561743341408,1.478087167070218,0,TATAMOTORS
2023-01-17,413.0,419.45,412.5,415.3,12337969,0.00556900726392251,0.005812545410511127,0.010094464170108187,17294803.8,396.765,413.664,1,0.3309352041819872,57.1538775208974,9.716126314475058,1.3914038044786898,0.07849747170719967,1.4699012761858898,0,TATAMOTORS
2023-01-18,415.9,415.95,407.45,408.4,13310316,-0.016614495545388963,-0.023433763749402203,0.010199559032230292,17013730.5,397.05499999999995,413.1689999999999,1,-0.8823528373702545,52.05116100292954,9.629260149155412,1.4318070519098924,0.06292850146914787,1.4947355533790403,0,TATAMOTORS
2023-01-19,406.5,407.8,400.1,400.75,13126520,-0.018731635651322187,-0.027895694360218326,0.011382802340466338,17281991.7,397.37,412.94,1,-0.7467531497723193,47.03706145565361,9.534312995644308,1.478228321896444,0.04504054897068,1.5232688708671243,1,TATAMOTORS
2023-01-20,404.0,412.5,401.2,403.15,23906114,0.005988771054273201,-0.020291616038882188,0.012509326780143786,18801056.2,398.61,412.533,1,-0.07522123228130882,48.706458746314595,9.692576353098287,1.4634751333250653,0.05072553640084333,1.5142006697259087,1,TATAMOTORS
2023-01-23,407.0,410.95,405.0,408.4,13113183,0.013022448220265437,-0.01113801452784513,0.014493085196699436,18643064.6,399.79,412.02700000000004,1,0.23529407810183223,52.2519469445086,9.557392327876983,1.4318070519098924,0.06292850146914787,1.4947355533790403,1,TATAMOTORS
2023-01-24,410.0,424.0,410.0,422.15,30197475,0.033667972575905925,0.01649410065013246,0.021827795077826756,16260674.2,401.18999999999994,411.727,1,0.8678570808673498,60.0420715402576,9.989007161600057,1.3525997868056379,0.09345019542816532,1.4460499822338033,1,TATAMOTORS
2023-01-25,423.75,427.25,417.7,419.05,22975581,-0.007343361364443801,0.026077375122429025,0.020013897718237826,16335796.2,402.5775,411.477,1,-0.4921465453249673,57.75427929340669,9.957649507200054,1.370003579525116,0.08674382531917438,1.4567474048442908,1,TATAMOTORS
2023-01-27,438.0,453.4,435.15,445.6,63360467,0.06335759455912182,0.11191515907673111,0.027587313790041677,21423939.5,405.5625,411.926,1,0.41643833334584596,68.74016567517677,11.699960256685761,1.2287926391382404,0.14115798922800726,1.3699506283662477,0,TATAMOTORS
2023-01-30,445.6,450.0,437.65,443.65,18316743,-0.004376122082585421,0.10045888627061883,0.02939675444034224,22210650.8,408.34749999999997,412.323,1,-0.15789472405711077,67.35476475239082,11.746391666922493,1.2385889777978136,0.1373830722416319,1.3759720500394457,0,TATAMOTORS
2023-01-31,443.7,454.8,440.9,452.1,25154475,0.01904654570043962,0.10700293829578866,0.02917905591928617,23579884.3,411.2125,412.94300000000004,1,0.6043165032865835,70.16118822395977,11.900220833570888,1.1967485069674848,0.15350586153505869,1.3502543685025437,0,TATAMOTORS
2023-02-01,456.8,461.5,437.65,446.65,23798589,-0.012054855120548602,0.058036243041572844,0.03125643891559249,24725946.3,413.85,413.38199999999995,1,-0.42557650207226505,66.20782086651833,12.753776488315825,1.2235531176536438,0.14317698421582892,1.3667301018694729,0,TATAMOTORS
2023-02-02,446.75,449.2,440.7,444.8,11344554,-0.004141945594984819,0.06144851449707667,0.030797570889012867,24529370.1,416.81000000000006,413.797,1,-0.22941173771626483,64.87158038598666,12.449935310578981,1.2328012589928055,0.13961330935251803,1.3724145683453237,0,TATAMOTORS
2023-02-03,447.0,450.8,442.35,445.45,13067403,0.0014613309352518034,-0.00033662477558360493,0.011689003751299129,24523458.4,419.7375,414.23799999999994,1,-0.18343193095480267,65.1378099664865,12.164225645537625,1.2295431586036594,0.14086878437535078,1.37041194297901,0,TATAMOTORS
2023-02-06,444.45,447.0,439.55,442.0,6795084,-0.007744976989561114,-0.0037191479770088964,0.012093468999510018,22812355.4,422.7375,414.41399999999993,1,-0.3288590162605337,62.43320555774797,11.827495242284938,1.246945701357466,0.13416289592760183,1.381108597285068,0,TATAMOTORS
2023-02-07,441.7,443.4,432.9,435.45,9023645,-0.014819004524886936,-0.036828135368281445,0.006441049675546482,22403401.6,425.0375,414.45799999999997,1,-0.5952380385487582,57.547742032092074,11.7326741535503,1.280744057871168,0.12113905155586176,1.4018831094270297,0,TATAMOTORS
2023-02-08,435.45,441.0,431.55,440.1,8668267,0.010678608336204043,-0.014664726295757213,0.009623900466422431,20250480.8,426.39750000000004,414.59700000000004,1,0.492063439993291,59.94410665570857,11.569625999725279,1.256646216768916,0.13042490343103846,1.3870711201999546,0,TATAMOTORS
2023-02-09,440.0,440.7,433.55,436.75,7349418,-0.007611906384912603,-0.01809802158273388,0.00985694879271493,18687864.5,427.325,414.54400000000004,1,-0.45454539097267405,57.428980635677206,11.25393842831633,1.2739553520320548,0.12375500858614771,1.3977103606182026,0,TATAMOTORS
2023-02-10,437.95,447.8,431.2,445.85,14798390,0.02083571837435616,0.0008979683466159294,0.014877249703602782,13831656.8,429.005,414.69599999999997,1,0.475903585788942,62.08300295081396,11.635799969150879,1.227542895592688,0.14163956487607945,1.3691824604687675,0,TATAMOTORS
2023-02-13,445.5,446.9,438.9,441.05,8333767,-0.010765952674666401,-0.002149321266968318,0.015338215354316618,12833359.2,430.48249999999996,414.809,1,-0.5562499304687574,58.45300969809575,11.376099971354389,1.2517855118467291,0.1322979254052829,1.3840834372520123,0,TATAMOTORS
2023-02-14,442.0,444.3,434.4,440.55,8565559,-0.001133658315383701,0.011712022046159287,0.013176478918569873,11174467.6,431.86,415.045,1,-0.14646463167023757,58.072106924017554,11.270664259114792,1.2543411644535238,0.13131313131313135,1.3856542957666553,0,TATAMOTORS
2023-02-15,438.5,444.9,438.15,444.15,9857016,0.008171603677221473,0.009202453987730008,0.012825757702019547,9780310.3,433.30250000000007,415.38599999999997,1,0.837036913031565,60.0887090174143,10.947759669178021,1.2360688956433639,0.13835415963075537,1.3744230552741192,0,TATAMOTORS
2023-02-16,445.0,448.25,440.5,441.6,7670688,-0.005741303613643889,0.011104751001717261,0.012502166897502666,9412923.7,434.9625,415.816,1,-0.4387096208116589,57.962118901504546,10.719348264236734,1.2489809782608694,0.13337862318840588,1.3823596014492754,0,TATAMOTORS
2023-02-17,436.0,442.45,436.0,439.9,6955445,-0.0038496376811595345,-0.013345295502971921,0.007004809488567075,8801727.9,436.91999999999996,416.27,1,0.6046510690463434,56.52586391189517,10.414394816791253,1.2576721982268697,0.13002955217094792,1.387701750397818,0,TATAMOTORS
2023-02-20,441.8,445.3,436.25,443.0,9717197,0.007047056149124931,0.0044212674299966,0.006353429196455576,9093939.2,438.9125,416.86400000000003,1,0.1325966704313057,58.543210061922764,10.316938044163308,1.2418735891647854,0.136117381489842,1.3779909706546276,0,TATAMOTORS
2023-02-21,445.2,445.2,435.25,436.5,8957930,-0.01467268623024831,-0.009193054136874435,0.009528166370870424,9087367.7,440.3175,417.311,0,-0.8743717714199224,52.99074499638782,10.290728183865927,1.2752577319587628,0.12325315005727379,1.3985108820160368,0,TATAMOTORS
2023-02-22,435.3,435.85,428.25,429.45,7209130,-0.016151202749140947,-0.03309692671394793,0.009366305024822198,8941454.0,440.6825,417.53,0,-0.7697367408241137,47.70579498483133,10.144961885018361,1.3126091512399582,0.10886016998486436,1.4214693212248226,0,TATAMOTORS
2023-02-23,428.65,436.45,427.2,433.2,9278920,0.008732099196646859,-0.01902173913043481,0.011677755402947238,9134404.2,441.39,417.83600000000007,0,0.49189183871439707,50.53192848201492,10.081036036088477,1.292590027700831,0.11657433056325023,1.4091643582640814,0,TATAMOTORS
2023-02-24,435.4,436.7,427.0,427.75,7895024,-0.0125807940904894,-0.027619913616730996,0.012325806786417646,8444067.6,440.49750000000006,418.057,0,-0.7886597125093067,46.59106271767673,10.05381917636787,1.3218001168907072,0.10531852717708945,1.4271186440677968,0,TATAMOTORS
2023-02-27,427.75,428.05,413.05,417.95,10438928,-0.022910578609000587,-0.056546275395033874,0.011962498690603023,8654583.7,439.2125,417.9839999999999,0,-0.6533332897777815,40.47799730344785,10.407117806627308,1.3762411771743033,0.08434023208517766,1.4605814092594809,1,TATAMOTORS
2023-02-28,419.0,424.8,419.0,420.7,9652088,0.006579734417992533,-0.036197021764032056,0.014138513388437631,8763236.6,437.64250000000004,418.03799999999995,0,0.29310339774079097,42.74806041924028,10.153037963296788,1.3607083432374616,0.09032564772997385,1.4510339909674355,1,TATAMOTORS
2023-03-01,421.5,428.0,421.5,426.0,7595114,0.012598050867601573,-0.008033531260915105,0.015410455431969814,8537046.4,436.60999999999996,418.34799999999996,0,0.6923075857988329,46.94752484714389,9.949249537347017,1.331338028169014,0.10164319248826294,1.4329812206572772,0,TATAMOTORS
2023-03-02,426.0,426.25,419.55,420.45,5661103,-0.013028169014084545,-0.029432132963988944,0.014855304074843553,8336087.9,435.39250000000004,418.705,0,-0.8283580853196918,43.360763963459405,9.717160284679371,1.3621120228326795,0.08978475442977762,1.4518967772624571,1,TATAMOTORS
2023-03-03,422.6,430.5,421.95,428.0,8027522,0.017956950885955614,0.0005844535359438296,0.017455640908684494,8443295.6,434.52,419.376,0,0.6315788734995436,49.06201468355529,9.740934550059418,1.3204439252336448,0.10584112149532712,1.426285046728972,0,TATAMOTORS
2023-03-06,430.95,441.45,430.0,440.1,11307064,0.02827102803738324,0.05299676994855851,0.015368454657720182,8602282.3,434.425,420.611,1,0.7991265677618756,56.60163126367854,10.005867796483743,1.256646216768916,0.13042490343103846,1.3870711201999546,0,TATAMOTORS
2023-03-08,439.0,441.25,436.1,439.3,7850052,-0.0018177686889343514,0.044212027573092616,0.016329434833510226,8491494.5,434.6175,421.7010000000001,1,0.05825241587331977,56.01133138642069,9.659020096734903,1.2607557477805598,0.12884133849305718,1.389597086273617,0,TATAMOTORS
2023-03-09,439.1,442.05,431.3,432.2,5696737,-0.016162076030047823,0.014553990610328693,0.019426938872346755,8340255.2,434.2225,422.462,0,-0.6418604054083376,50.93432887334712,9.736947232682411,1.2978944932901435,0.11453031004164739,1.412424803331791,0,TATAMOTORS
2023-03-10,433.0,437.8,430.8,435.85,10417015,0.008445164275798334,0.03662742299916766,0.017235582852003644,8454064.7,434.17749999999995,423.353,1,0.40714279897960337,53.27890168828551,9.541451001776524,1.2786509120110128,0.12194562349432152,1.4005965355053345,0,TATAMOTORS
2023-03-13,436.1,437.0,419.1,422.4,8780169,-0.03085924056441447,-0.013084112149532756,0.022682529796972595,8542579.2,433.005,424.08299999999997,0,-0.7653630857339093,44.78622579978255,10.138490215935343,1.3512073863636365,0.0939867424242424,1.445194128787879,0,TATAMOTORS
2023-03-14,422.85,424.2,413.4,416.65,9189043,-0.013612689393939448,-0.05328334469438778,0.014917213476285711,8417590.7,431.785,424.657,0,-0.5740740209190758,41.72420851823894,10.185740914797107,1.3836553462138486,0.08148325933037319,1.465138605544222,0,TATAMOTORS
2023-03-15,422.0,425.0,410.1,411.35,7681009,-0.012720508820352694,-0.06362394718870923,0.014047225075803976,8220482.8,430.325,424.98799999999994,0,-0.7147650527003316,39.07249258695439,10.522473706597312,1.4143673270937156,0.06964871763704882,1.4840160447307646,0,TATAMOTORS
2023-03-16,413.3,418.5,405.0,415.7,11854885,0.01057493618572991,-0.03817677001388242,0.01725640444772757,8646459.9,428.9025,425.42400000000004,0,0.17777776460905279,42.31301339667173,10.735154156126075,1.3891027183064713,0.07938417127736348,1.4684868895838346,0,TATAMOTORS
2023-03-17,419.0,423.45,414.55,419.0,8658701,0.007938417127736352,-0.03866008948032584,0.017139448625449392,8946219.7,427.77250000000004,426.092,0,0.0,44.715251800954675,10.604071716402784,1.3702863961813843,0.08663484486873511,1.4569212410501193,0,TATAMOTORS
2023-03-20,415.6,416.95,405.5,410.75,10075022,-0.019689737470167112,-0.02758049242424232,0.013768575963126684,9150969.7,426.31499999999994,426.569,0,-0.4235807490322514,40.20740648589535,10.810923736659728,1.4178940961655508,0.06828971393791847,1.4861838101034694,0,TATAMOTORS
2023-03-21,412.85,413.9,407.7,412.55,7391950,0.0043822276323797205,-0.009840393615744514,0.013467024502620682,8759458.3,424.7925,427.18,0,-0.048387088969826283,41.59096208743855,10.481572041184032,1.4073445642952367,0.07235486607683922,1.479699430372076,0,TATAMOTORS
2023-03-22,416.0,418.4,413.75,416.1,5728054,0.008605017573627416,0.011547344110854452,0.012528811417983088,8547258.5,423.7724999999999,427.713,0,0.021505371719279895,44.32707368213733,10.150745466813742,1.3868060562364815,0.08026916606584963,1.4670752223023311,0,TATAMOTORS
2023-03-23,416.0,422.5,416.0,419.15,9817460,0.00732996875751013,0.008299254269906076,0.012072779401229427,8959330.8,423.2575,427.83799999999997,0,0.48461531005917957,46.63981597334024,9.889977933469904,1.3694381486341407,0.08696170821901465,1.4563998568531553,0,TATAMOTORS
2023-03-24,419.0,420.55,414.8,416.5,6877960,-0.006322318978885799,-0.005966587112171795,0.01191794782228028,8605425.3,422.4225,427.8039999999999,0,-0.4347825330812986,44.89475921492697,9.594265223936338,1.3845138055222088,0.08115246098439378,1.4656662665066027,0,TATAMOTORS
2023-03-27,416.0,418.5,410.25,412.05,7433933,-0.010684273709483771,0.0031649421789410326,0.008644536826443696,8470801.7,421.6375,427.8,0,-0.4787878207529901,42.0495580063949,9.498246279369457,1.410265744448489,0.07122921975488417,1.4814949642033735,0,TATAMOTORS
2023-03-28,414.15,414.5,400.45,401.6,9553659,-0.025360999878655477,-0.02654223730456906,0.01401199460961332,8507263.3,420.82,427.602,0,-0.8932383705880124,36.24111362657107,9.823371545128781,1.4729830677290834,0.04706175298804789,1.5200448207171315,1,TATAMOTORS
2023-03-29,401.6,410.6,401.6,409.2,10478506,0.018924302788844605,-0.016582552271088735,0.0170090828087674,8787013.0,420.245,427.526,0,0.8444443506172906,42.46565759071762,9.764559291905297,1.4270527859237538,0.0647605083088954,1.4918132942326492,1,TATAMOTORS
2023-03-31,411.35,421.75,411.0,420.8,11037881,0.02834799608993155,0.003936538232136577,0.022103351704961263,8705312.6,419.985,427.63599999999997,1,0.8790696856679352,50.42154904898361,9.96351934248349,1.3601473384030416,0.09054182509505708,1.450689163498099,1,TATAMOTORS
2023-04-03,423.0,424.95,419.5,424.25,6948329,0.008198669201520792,0.01860744297719097,0.02185645667347763,8534275.4,420.175,427.95300000000003,1,0.22935775608114614,52.5242583829343,9.641125103734668,1.3409546258102534,0.0979375368296995,1.438892162639953,1,TATAMOTORS
2023-04-05,424.25,428.75,423.15,426.55,8821326,0.005421331761932935,0.035189904137847394,0.020304142388515366,8408905.8,420.10249999999996,428.469,1,0.4107142123724624,53.927152104360694,9.352473310610764,1.3283319657718906,0.10280154729808937,1.43113351306998,1,TATAMOTORS
2023-04-06,426.5,439.3,423.75,437.65,10907492,0.02602274059313081,0.08976593625497986,0.010303947184318091,8760460.0,419.98,429.159,1,0.7170417545310749,60.06096357027404,9.795153788424281,1.2692791043070948,0.12555695190220495,1.3948360562092998,1,TATAMOTORS
2023-04-10,452.05,473.3,452.0,461.3,50462653,0.054038615331886364,0.12732160312805485,0.019489357829102206,13233919.9,421.08000000000004,430.217,1,0.43427228008111335,69.40655183151381,11.64192851782255,1.1529373509646648,0.17038803381747242,1.3233253847821376,1,TATAMOTORS
2023-04-11,463.75,463.75,455.8,458.7,14495222,-0.00563624539345331,0.09006653992395441,0.02332028580557649,13701696.1,422.40500000000003,430.94800000000004,1,-0.6352200458842733,67.53557441737362,11.37821933797808,1.1651406147809027,0.1656856333115326,1.3308262480924353,1,TATAMOTORS
2023-04-12,459.35,468.6,458.2,465.5,13552440,0.014824504033137176,0.09723040659988214,0.02283506831238719,14369144.1,423.8875,431.87700000000007,1,0.5913460969859481,69.82651486313252,11.308346528122504,1.1335123523093447,0.1778732545649839,1.3113856068743288,1,TATAMOTORS
2023-04-13,464.95,472.0,463.25,469.5,12733670,0.00859291084854985,0.10069159535810579,0.022405882698140315,14899117.8,426.2425,432.355,1,0.5199999405714367,71.11765758390641,11.125607490399469,1.115335463258786,0.184877529286475,1.300212992545261,1,TATAMOTORS
2023-04-17,471.0,473.0,465.8,472.15,10710167,0.0056443024494141625,0.07883011538900941,0.022788508247812665,15014768.6,429.01750000000004,432.925,1,0.15972220003858043,71.97329809014497,10.845206955370935,1.103462882558509,0.18945250450068832,1.2929153870591974,1,TATAMOTORS
2023-04-18,475.0,483.35,468.1,473.0,16140056,0.0018002753362278412,0.025363104270539782,0.007635489099207429,15580923.6,432.1,433.34299999999996,1,-0.13114753238376836,72.25719911710601,11.159835029987297,1.0996828752642707,0.19090909090909094,1.2905919661733616,0,TATAMOTORS
2023-04-19,473.0,475.5,467.85,469.4,7368610,-0.007610993657505283,0.02332679311096575,0.008344288639092439,15213996.5,434.78499999999997,433.798,1,-0.47058817377932805,69.06618521356707,10.909132527845346,1.1157861099275672,0.18470387729015764,1.300489987217725,1,TATAMOTORS
2023-04-20,473.7,479.7,469.4,476.8,14264206,0.01576480613549225,0.024274973147153656,0.008636402395124466,15945584.2,437.675,434.43799999999993,1,0.3009708445659393,71.8209690707647,10.865623061570679,1.0829488255033555,0.1973573825503356,1.2803062080536913,0,TATAMOTORS
2023-04-21,476.7,476.7,467.2,471.2,8478118,-0.011744966442953086,0.0036208732694356094,0.01091478286646927,15911263.4,440.69749999999993,434.95300000000003,1,-0.5789473074792308,66.96117251555222,10.775221414315633,1.1077037351443124,0.18781833616298813,1.2955220713073006,1,TATAMOTORS
2023-04-24,471.2,476.0,468.3,475.2,8020593,0.008488964346349714,0.006459811500582502,0.011299681524207605,15622573.5,443.83000000000004,435.617,1,0.5194804520155265,68.59577285855379,10.555562741864517,1.0899621212121213,0.19465488215488216,1.2846170033670035,1,TATAMOTORS
2023-04-25,475.2,476.4,471.9,473.55,6888352,-0.00347222222222221,0.0011627906976743319,0.011490354174312078,11265143.4,446.7025,436.379,1,-0.36666658518519823,67.12057170700126,10.12302254601705,1.0972442191954386,0.1918488016048992,1.289093020800338,1,TATAMOTORS
2023-04-26,473.0,479.5,472.6,478.2,7791425,0.009819448843839007,0.01874733702599074,0.011134448675312042,10594763.7,449.65500000000003,437.14099999999996,1,0.7536230791850618,69.13509601219154,9.892806649872975,1.0768506900878294,0.1997072354663321,1.2765579255541615,1,TATAMOTORS
2023-04-27,478.5,482.0,476.5,481.6,7085793,0.007109995817649484,0.010067114093959662,0.00933037668596565,9948099.0,452.91,438.03799999999995,1,0.5636362611570476,70.55565976517732,9.57903474631062,1.06218853820598,0.2053571428571429,1.267545681063123,0,TATAMOTORS
2023-04-28,481.4,488.0,478.35,484.95,9947813,0.006955980066445155,0.029180814940577227,0.005301204294633665,9669513.3,456.55499999999995,438.82,1,0.36787560954657106,71.92666881408783,9.584103693002717,1.047943086916177,0.21084647901845552,1.2587895659346326,0,TATAMOTORS
2023-05-02,482.5,484.0,474.55,480.25,11542592,-0.00969172079595837,0.010627104377104457,0.0083419874721997,9752755.8,460.4875,439.60400000000004,1,-0.2380952128999778,67.19908143432245,9.642382000645378,1.0679854242581988,0.20312337324310256,1.2711087975013016,1,TATAMOTORS
2023-05-03,480.25,485.1,477.75,483.7,8529233,0.0071837584591358805,0.02143385070214343,0.007897720125737227,8991673.5,464.2125,440.46700000000004,1,0.46938769123976687,68.81918579013883,9.47864042917071,1.0532354765350425,0.20880711184618567,1.262042588381228,0,TATAMOTORS
2023-05-04,483.6,486.4,478.75,480.8,5650101,-0.005995451726276579,0.005437055625261422,0.008279954097056265,8819822.6,467.2125,441.2,1,-0.36601302405058767,65.87385777902517,9.348023255658514,1.0656198003327786,0.20403494176372716,1.2696547420965059,0,TATAMOTORS
2023-05-05,481.65,484.7,476.15,477.1,4830674,-0.007695507487520792,-0.009343853820597992,0.008246232165471606,7876469.4,469.855,441.91,1,-0.5321636804486863,62.215301363827784,9.29102159454005,1.0816390693774889,0.19786208342066658,1.2795011527981555,1,TATAMOTORS
2023-05-08,480.0,502.3,478.1,500.5,23515333,0.04904632152588562,0.03206516135684101,0.024649814566605577,9380190.9,473.55249999999995,443.12199999999996,1,0.8471074030120912,72.58530474055895,10.427377194930045,0.9843156843156843,0.2353646353646354,1.2196803196803199,0,TATAMOTORS
2023-05-09,502.0,512.8,501.55,503.65,19818780,0.0062937062937062915,0.04872462259239985,0.022994543139585998,10560009.6,476.85249999999996,444.335,1,0.14666665362962952,73.634318805757,10.561135966720753,0.9719050928223966,0.2401469274297627,1.2120520202521594,1,TATAMOTORS
2023-05-10,508.0,512.9,504.35,509.5,12481404,0.011615208974486313,0.05333884639239206,0.02295547373348972,11119314.8,479.2625,445.795,1,0.17543857597209733,75.50862705213275,10.467483397669271,0.9492639842983317,0.2488714425907753,1.1981354268891071,1,TATAMOTORS
2023-05-11,512.0,514.15,505.5,511.6,11454020,0.004121687929342643,0.0640599001663893,0.021522278053008898,11485574.3,481.90749999999997,447.43799999999993,1,-0.046242769220486604,76.1636989860232,10.337663154978609,0.9412627052384674,0.25195465207193124,1.1932173573103988,1,TATAMOTORS
2023-05-12,513.9,520.5,510.3,515.95,19766717,0.008502736512900677,0.08142946971284859,0.018726757706221807,12753666.7,484.43,449.09299999999996,1,0.2009803724529116,77.50584623707655,10.327830072480136,0.9248958232386857,0.2582614594437446,1.1831572826824304,1,TATAMOTORS
2023-05-15,523.85,537.15,521.5,530.85,38270067,0.0288787673224149,0.060639360639360707,0.009897375506576649,15585892.1,487.49750000000006,451.155,1,0.4472843164674565,81.37443418587542,11.104413638731549,0.8708674766883299,0.2790807196006405,1.1499481962889706,0,TATAMOTORS
2023-05-16,533.95,535.95,518.85,521.15,16514882,-0.018272581708580704,0.0347463516330786,0.016950089547643075,16083121.1,489.94750000000005,453.219,1,-0.7485379679217592,72.6185404870356,11.532669807393583,0.9056893408807446,0.26566247721385394,1.1713518180945985,0,TATAMOTORS
2023-05-17,522.5,523.95,512.5,515.5,13684847,-0.010841408423678311,0.011776251226692791,0.018330254752355484,16598682.5,492.07250000000005,455.115,1,-0.611353658397058,68.02703172998879,11.526764821151188,0.926576139670223,0.2576139670223085,1.1841901066925316,0,TATAMOTORS
2023-05-18,518.8,520.9,507.1,508.45,12293322,-0.013676042677012612,-0.006157154026583345,0.019614323945441048,17263004.6,494.025,456.764,1,-0.7499999456521779,62.699824642991814,11.68913876249753,0.9532894089881011,0.24732028714721213,1.2006096961353134,0,TATAMOTORS
2023-05-19,509.8,526.4,504.75,524.95,19343560,0.03245156849247732,0.01744355073166015,0.02478304084845785,18714293.2,496.4325,458.85400000000004,1,0.6997690207958904,68.8484405121475,12.40062885089056,0.8918944661396322,0.2709781883988952,1.1628726545385275,0,TATAMOTORS
2023-05-22,524.95,527.0,519.35,522.5,9978339,-0.004667111153443315,-0.015729490439860605,0.020422477122714458,17360593.8,498.99750000000006,460.744,1,-0.32026139604426884,67.08025425154068,12.06129821868409,0.9007655502392344,0.2675598086124402,1.1683253588516747,0,TATAMOTORS
2023-05-23,522.5,531.0,521.15,528.5,12256902,0.011483253588516762,0.01410342511752849,0.01915598851560023,16604406.0,501.6625,462.51200000000006,1,0.6091369939962429,69.16857566648645,11.903348345920943,0.8791863765373699,0.27587511825922423,1.1550614947965943,0,TATAMOTORS
2023-05-24,527.15,529.65,519.15,520.2,7648284,-0.015704824976348064,0.009117361784675149,0.02013005882985846,16121094.0,503.99500000000006,464.13,1,-0.6619046988662127,63.19624720986805,11.803109178355161,0.9091695501730102,0.2643214148404461,1.1734909650134564,0,TATAMOTORS
2023-05-25,518.0,518.0,509.1,514.85,11543712,-0.01028450595924646,0.0125872750516276,0.019518586350195027,16130063.2,505.8275,465.783,1,-0.35393254450195966,59.62264301967226,11.752887094186937,0.9290084490628338,0.2566767019520249,1.1856851510148587,1,TATAMOTORS
2023-05-26,514.9,519.75,512.2,518.45,8360570,0.00699232786248416,-0.01238213163158397,0.011459467762729042,14989448.5,507.66999999999996,467.435,1,0.47019861321873857,61.21208611566019,11.45268087317358,0.9156138489728998,0.261838171472659,1.177452020445559,1,TATAMOTORS
2023-05-29,525.0,525.1,519.7,521.45,6596504,0.005786478927572558,-0.00200956937799035,0.011895976188841926,11822092.2,509.49500000000006,469.41600000000005,1,-0.6574072856653118,62.53560239636443,11.109632239375467,0.904592961933071,0.26608495541279137,1.1706779173458626,0,TATAMOTORS
2023-05-30,521.45,523.5,518.0,518.8,5134688,-0.0050819829322084065,-0.018353831598864834,0.009920836219349171,10684072.8,511.4225,471.459,1,-0.4818180942149085,60.56954374267649,10.70894422227722,0.9143215111796454,0.2623361603700848,1.1766576715497303,0,TATAMOTORS
2023-05-31,519.95,527.5,516.4,526.3,12327284,0.014456437933693111,0.011726259131103145,0.009934645506938705,10548316.5,513.5525,473.75800000000004,1,0.5720720205340428,64.01749124633515,10.736876777828849,0.8870416112483376,0.27284818544556333,1.159889796693901,1,TATAMOTORS
2023-06-01,527.5,536.25,522.85,535.2,12511265,0.01691050731521959,0.039526075555987195,0.00863077027070194,10570110.8,516.2725,476.148,1,0.5746268227890475,67.63431294645216,10.927099865126788,0.8556614349775783,0.2849402092675636,1.140601644245142,1,TATAMOTORS
2023-06-02,537.0,541.25,532.75,535.9,12294728,0.00130792227204779,0.033658019095380354,0.009126034505880062,9865227.6,519.2125,478.486,1,-0.12941174948097334,67.90754479503823,10.753735589046302,0.8532375443179698,0.28587423026684083,1.1391117745848107,1,TATAMOTORS
2023-06-05,539.0,548.8,537.9,546.25,15008325,0.0193133047210301,0.04755968932783583,0.010670715612321191,10368226.2,521.5,481.19599999999997,1,0.6651375536571066,71.71032667183644,10.907040189828708,0.8181235697940503,0.2994050343249428,1.1175286041189931,1,TATAMOTORS
2023-06-06,549.45,557.0,545.35,555.75,15395092,0.017391304347825987,0.07122205088666167,0.007235733685142762,10682045.2,524.105,484.06,1,0.5407724857705992,74.67646096558823,10.960108747698085,0.7870445344129554,0.31138101664417456,1.0984255510571301,1,TATAMOTORS
2023-06-07,558.8,575.0,552.15,567.95,20855239,0.02195231668915887,0.07913737412122379,0.008109828614439644,12002740.7,527.0275,487.097,1,0.40043761923686927,77.88347381662663,11.80938669429108,0.7486574522405139,0.3261730786160754,1.0748305308565895,0,TATAMOTORS
2023-06-08,570.0,576.55,557.0,559.7,21527339,-0.014525926578043857,0.04577727952167421,0.015468835616030527,13001103.4,529.4325000000001,489.908,1,-0.5268541929997844,71.30708079984858,12.362287644698856,0.774432731820618,0.31624084330891555,1.0906735751295338,1,TATAMOTORS
2023-06-09,564.4,566.45,559.3,562.3,9361533,0.004645345720921679,0.049262922186975144,0.015117215597015904,13101199.7,531.75,492.824,1,-0.2937062526284956,72.10645520296322,11.989981384363231,0.7662279921749957,0.3194024542059399,1.0856304463809356,1,TATAMOTORS
2023-06-12,567.0,568.9,560.65,564.15,7599572,0.0032900586875332927,0.0327688787185354,0.01425846103057216,13201506.5,533.415,495.866,1,-0.3454545035812751,72.68948198326217,11.722839856908715,0.7604360542408934,0.3216343171142427,1.082070371355136,1,TATAMOTORS
2023-06-13,567.7,571.05,560.75,562.2,12845897,-0.0034565275192767198,0.011605937921727483,0.013312691125651623,13972627.4,535.4675,499.07800000000003,1,-0.5339805306815043,71.00479189871231,11.621208438558089,0.7665421558164353,0.31928139452152265,1.085823550337958,1,TATAMOTORS
2023-06-14,566.0,571.2,564.0,570.3,12713256,0.014407684098185491,0.0041376881767760665,0.010713684975993357,14011224.6,538.2075,502.3,1,0.5972221392746928,73.7285445745923,11.433979264375369,0.7414518674381905,0.32894967560932836,1.070401543047519,0,TATAMOTORS
2023-06-15,571.8,575.0,567.75,568.45,12475759,-0.003243906715763467,0.015633375022333418,0.00730611166844827,14007674.0,541.2075000000001,505.25300000000004,1,-0.4620689017835872,72.06349130781726,11.13512360263427,0.7471193596622392,0.3267657665581846,1.0738851262204239,0,TATAMOTORS
2023-06-16,569.65,572.2,566.05,569.8,8736313,0.002374879057085,0.013338075760270351,0.007258672929071763,13651832.5,543.45,508.164,1,0.024390239936542293,72.55065088515464,10.779043345303256,0.7429799929799931,0.3283608283608283,1.0713408213408215,0,TATAMOTORS
2023-06-19,570.65,573.2,564.2,566.05,6280388,-0.006581256581256634,0.003367898608526154,0.00831495101673131,12779038.8,545.6274999999999,510.954,1,-0.5111110543209966,68.95366564179184,10.651968820638738,0.754526985248653,0.32391131525483613,1.0784383005034892,0,TATAMOTORS
2023-06-20,566.05,583.95,562.5,583.25,18074902,0.030386008303153522,0.03744219139096394,0.015095204160223202,13047019.8,548.365,513.866,1,0.8018647644818295,75.06107392206265,11.423256762021689,0.7027861123017574,0.3438491213030433,1.0466352336048008,0,TATAMOTORS
2023-06-21,584.95,585.9,574.5,581.4,9146332,-0.003171881697385359,0.019463440294581913,0.015122205201242328,11876129.1,551.425,516.268,1,-0.31140348145584157,73.38881145524878,11.421595564734423,0.7082043343653251,0.3417612659098727,1.0499656002751978,0,TATAMOTORS
2023-06-22,584.0,584.7,568.2,569.35,11229179,-0.02072583419332641,0.0015832527047232592,0.0187805890397735,10846313.1,554.15,518.481,1,-0.887878734067954,63.470028958720654,11.784338738681964,0.744357600772811,0.327829981557917,1.072187582330728,0,TATAMOTORS
2023-06-23,570.0,571.15,557.7,559.65,9362695,-0.017036971985597726,-0.017813267813267752,0.02023496322708738,10846429.3,556.21,520.364,1,-0.7695166714114056,56.81347801345278,11.90331454306182,0.7745912623961405,0.31617975520414543,1.090771017600286,1,TATAMOTORS
2023-06-26,560.0,569.0,557.8,567.85,6986621,0.014652014652014822,0.003179931101492839,0.021589945652767454,10785134.2,558.53,522.331,1,0.7008927945631426,60.57749505902344,11.853077789985978,0.748965395791142,0.3260544157788149,1.075019811569957,1,TATAMOTORS
2023-06-27,570.0,576.9,568.45,573.1,9404450,0.009245399313198899,-0.017402486069438505,0.015588334198275726,10440989.5,561.245,524.35,1,0.36686386190960785,62.81226690527306,11.65285794784412,0.7329436398534286,0.332228232420171,1.0651718722735997,1,TATAMOTORS
2023-06-28,579.0,590.0,575.5,586.65,16720940,0.023643343221078306,0.009029927760577872,0.019747554106520862,10841757.9,564.2625,526.623,1,0.5275861705112971,67.87411140389821,12.027653808712397,0.6929174124264894,0.34765192192960026,1.0405693343560898,1,TATAMOTORS
2023-06-30,588.35,599.0,588.0,595.55,12488047,0.015170885536520906,0.04601738824975832,0.01551084857045812,10842986.7,567.28,529.146,1,0.6545453950413216,70.69559421241374,12.050678536661513,0.6676181680799262,0.3574007220216606,1.0250188901015869,0,TATAMOTORS
2023-07-03,600.0,602.3,590.0,590.8,11131048,-0.007975820669968936,0.05565978736710431,0.011765777286846343,11082460.2,570.025,531.4259999999999,1,-0.747967418864444,67.29843790694004,12.068487212614258,0.6810257278266758,0.35223425863236285,1.0332599864590388,0,TATAMOTORS
2023-07-04,594.4,596.4,589.5,591.45,6917886,0.001100203114421383,0.041560271198379795,0.012249902784521078,11146210.0,572.2850000000001,533.831,1,-0.4275361699222857,67.52838688017411,11.69930955457038,0.6791782906416433,0.3529461492941078,1.0321244399357512,0,TATAMOTORS
2023-07-05,592.0,593.0,584.95,588.25,8715919,-0.005410431989179232,0.026435177106962193,0.013624532328890248,10210311.7,573.9100000000001,536.092,1,-0.4658384514486422,65.1013613138903,11.438644586386777,0.6883127921801955,0.3494262643433914,1.037739056523587,1,TATAMOTORS
2023-07-06,590.8,604.95,588.55,600.8,14356681,0.021334466638333938,0.02412000340918774,0.012865625201369794,10731346.6,575.5525,538.637,1,0.6097560603807246,69.70073319763057,11.814455687359153,0.6530459387483356,0.3630159786950732,1.016061917443409,1,TATAMOTORS
2023-07-07,600.0,624.8,592.2,618.2,21066726,0.02896138482023991,0.038032071194694206,0.016576106340937376,11715101.3,578.4775,541.437,1,0.5582821914637395,74.68266936537574,13.29913742397635,0.6065189259139435,0.38094467809770305,0.9874636040116467,0,TATAMOTORS
2023-07-10,624.0,634.8,617.55,618.65,23802524,0.0007279197670655435,0.047139471902505115,0.014903886724982987,13159084.2,581.295,544.178,1,-0.3101449095568181,74.7980804729122,13.581341893692324,0.6053503596540856,0.38139497292491714,0.9867453325790028,1,TATAMOTORS
2023-07-11,624.95,630.45,622.15,628.5,12051173,0.01592176513375909,0.06264265787471457,0.014317058967791415,13665539.4,584.5125,547.049,1,0.42771079184206434,77.2434501074643,13.454103187000019,0.5801909307875894,0.3910898965791567,0.9712808273667463,0,TATAMOTORS
2023-07-12,629.95,630.8,619.35,621.45,10785502,-0.011217183770882988,0.0564385890352741,0.01622227715915577,13803644.6,587.475,549.873,1,-0.7423580137678635,71.86835481924003,13.310952959357156,0.5981173062997827,0.3841821546383459,0.9822994609381286,0,TATAMOTORS
2023-07-13,625.0,626.5,615.5,620.65,9689708,-0.0012873119317725612,0.03303928095872166,0.015819826310519886,13100521.4,589.9925000000001,552.612,1,-0.3954545095041376,71.2623581361539,13.145884890831644,0.6001772335454766,0.38338838314670104,0.9835656166921777,0,TATAMOTORS
2023-07-14,623.0,626.0,619.5,624.9,7010179,0.006847659711592735,0.01083791653186661,0.010052819927967029,12552734.6,592.8149999999999,555.494,1,0.29230764733728154,72.58489005426566,12.67117882720081,0.5892942870859338,0.38758201312209956,0.9768763002080334,0,TATAMOTORS
2023-07-17,626.9,627.0,617.15,618.5,7580645,-0.010241638662185859,-0.00024246342843281532,0.011540867452853067,12197694.3,595.25,558.322,1,-0.8527917915947377,67.54388861602098,12.469666053829325,0.6057396928051738,0.3812449474535166,0.9869846402586905,0,TATAMOTORS
2023-07-18,620.4,620.85,607.0,612.1,10359400,-0.010347615198059823,-0.02609387430389809,0.007882982994440126,12541845.7,597.5525,560.554,1,-0.599277935070181,62.843682460549054,12.568261335698661,0.6225289985296519,0.3747753635026957,0.9973043620323477,1,TATAMOTORS
2023-07-19,614.0,625.3,610.15,620.6,11128348,0.01388661983336048,-0.0013677689275082283,0.010642945611197056,12783088.6,599.4200000000001,562.893,1,0.4356435356010889,66.20709408691002,12.752671240291614,0.600306155333548,0.383338704479536,0.9836448598130841,1,TATAMOTORS
2023-07-20,622.65,623.6,616.2,621.65,7834891,0.0016919110538187176,0.0016112140497865912,0.010652237469115608,12130909.6,601.4325,565.136,1,-0.13513511687363328,66.60918973241823,12.370337580270784,0.5976031528995416,0.38438027829164323,0.9819834311911848,1,TATAMOTORS
2023-07-21,621.0,631.0,617.7,625.75,12914610,0.0065953510817984284,0.0013602176348215256,0.010614394976019643,11315698.0,604.2525,567.419,1,0.357142830290014,68.20032029395063,12.436742038822867,0.5871354374750299,0.38841390331602077,0.9755493407910508,1,TATAMOTORS
2023-07-24,627.95,634.45,626.25,629.25,12247844,0.0055932880543347885,0.01738075990299115,0.008900410984701623,10160230.0,607.7325,569.685,1,0.15853656603211969,69.53491714041506,12.169831893192665,0.5783075089392133,0.39181565355582043,0.9701231624950338,1,TATAMOTORS
2023-07-25,636.0,642.5,633.35,639.45,13988137,0.016209773539928474,0.044682241463813055,0.006050759161959311,10353926.4,611.3125,571.857,1,0.3770491391203186,73.08066959633857,12.246986757964619,0.5531315974665727,0.40151692861052474,0.9546485260770975,1,TATAMOTORS
2023-07-26,640.0,665.4,639.0,641.1,31673714,0.0025803424818202636,0.033032549145987744,0.005778981951022306,12442747.6,614.7125,574.256,1,0.04166666508838479,73.61562951139031,13.257916275252859,0.5491343004211511,0.40305724535953835,0.9521915457806894,0,TATAMOTORS
2023-07-27,647.0,648.45,636.75,643.7,11696851,0.004055529558571136,0.03547011984235504,0.0053657607003096235,12643461.9,617.565,576.82,1,-0.28205125794433195,74.47637246053151,13.146636541306227,0.5428771166692558,0.4054683858940501,0.9483455025633059,0,TATAMOTORS
2023-07-28,646.0,646.0,631.8,635.3,9299530,-0.013049557247164945,0.015261685976827755,0.010488940366242174,12872397.0,619.5525,579.357,1,-0.7535210736956999,66.8845951376756,13.221876788355786,0.5632771918778531,0.3976074295608374,0.9608846214386906,1,TATAMOTORS
2023-07-31,640.2,645.55,635.9,644.3,7502361,0.014166535495041765,0.023917361938815995,0.011640473032406003,12864568.6,622.2275000000001,581.744,1,0.4248704222932121,70.36965010751625,13.0095998749018,0.5414403228309794,0.4060220394226292,0.9474623622536087,0,TATAMOTORS
2023-08-01,645.0,652.9,642.0,643.65,8924219,-0.001008846810491959,0.006568144499178974,0.00982355097340875,12721050.5,624.8375,584.1669999999999,1,-0.1238531996464978,69.7983291952838,12.858914169551669,0.5429969704031694,0.40542220150703023,0.9484191719101998,0,TATAMOTORS
2023-08-02,644.0,644.3,616.45,622.65,15762687,-0.03262642740619903,-0.028778661675245787,0.017964581230256717,13184484.4,626.5575,586.05,0,-0.7666067947358455,54.424562189809876,13.929706014583687,0.5950373403999036,0.3853689873925962,0.9804063277924999,0,TATAMOTORS
2023-08-03,623.0,626.45,614.15,618.95,11458920,-0.005942343210471268,-0.038449588317539196,0.017146067326602416,13546887.3,627.465,588.025,0,-0.3292682659131436,52.24124951133827,13.81329844211343,0.6045722594716858,0.3816948057193635,0.9862670651910493,0,TATAMOTORS
2023-08-04,624.85,625.0,613.3,615.0,11806739,-0.0063817755876889315,-0.03195340783881628,0.01688248804041466,13436100.2,627.3050000000001,590.028,0,-0.841880269924762,49.93804458746568,13.662348553391045,0.6148780487804878,0.3777235772357724,0.9926016260162602,0,TATAMOTORS
2023-08-07,619.0,619.0,608.5,609.5,9893466,-0.00894308943089428,-0.054012106161725804,0.012436462243033311,13200662.4,626.8475000000001,591.849,0,-0.9047618185941125,46.84134779363562,13.436466513863113,0.629450369155045,0.3721082854799016,1.0015586546349466,0,TATAMOTORS
2023-08-08,612.55,614.75,605.25,607.3,8863640,-0.0036095159967186596,-0.05647479220073026,0.011960426754011138,12688212.7,625.7875,593.566,0,-0.5526315207756294,45.62266008730101,13.155290334301464,0.6353532027004776,0.36983369010373784,1.0051868928042156,1,TATAMOTORS
2023-08-09,610.6,624.0,605.35,622.55,13362350,0.025111147702947534,-0.00016060387055327752,0.014138641243663786,10857076.3,625.8425,595.641,0,0.6407506358846815,54.46624516936496,13.547769596137073,0.5952935507188178,0.3852702594169143,0.9805638101357322,0,TATAMOTORS
2023-08-10,623.0,628.3,598.0,618.25,53116980,-0.006907075736888535,-0.0011309475725018725,0.014246975800885357,14999089.2,625.7225,597.48,0,-0.15676567139387246,51.90302244969025,14.74435748212728,0.6063890012131015,0.38099474322685,0.9873837444399516,0,TATAMOTORS
2023-08-11,619.75,624.75,610.0,611.8,9347707,-0.010432672866963255,-0.005203252032520367,0.014794877194926384,15003906.9,625.0675,599.012,0,-0.5389830143062394,48.2360583234568,14.744760519118188,0.6233246158875451,0.37446878064727035,0.9977933965348155,0,TATAMOTORS
2023-08-14,612.0,612.0,594.5,607.35,14492164,-0.007273618829682804,-0.00352748154224769,0.014586943255067243,15702887.2,624.51,600.441,0,-0.2657142705306118,45.83030160332385,14.941563339181174,0.6352185724870337,0.36988556845311604,1.0051041409401498,0,TATAMOTORS
2023-08-16,606.7,621.35,597.3,618.75,14562074,0.018770066683131637,0.01885394368516402,0.016718919270356788,16266672.7,624.8425,601.8910000000001,0,0.5010394802062553,52.382353734356435,15.592165957811094,0.605090909090909,0.3814949494949495,0.9865858585858587,0,TATAMOTORS
2023-08-17,620.0,622.0,611.0,613.75,12119293,-0.008080808080808133,-0.014135410810376614,0.012127371834440157,15902333.3,624.5,603.051,0,-0.5681817665289304,49.55143748727248,15.264154103681731,0.6181670061099795,0.3764562118126273,0.994623217922607,0,TATAMOTORS
2023-08-18,612.8,620.1,610.9,615.8,11190760,0.0033401221995925656,-0.003962798220784491,0.01212243311096531,15875517.3,624.2075,604.008,0,0.326086921077507,50.72719520108429,14.831000239133038,0.6127801234166939,0.3785319909061383,0.9913121143228323,0,TATAMOTORS
2023-08-21,617.0,623.3,614.8,620.5,9580365,0.0076323481649887,0.014220333442301447,0.011163847965231781,15652879.9,623.9449999999999,605.224,0,0.4117646574394521,53.40825614847946,14.37878593633782,0.6005640612409346,0.3832393231265109,0.9838033843674456,0,TATAMOTORS
2023-08-22,621.8,626.5,618.6,620.2,8534395,-0.00048348106365825316,0.021157487445459866,0.009969379800626166,15516972.8,623.4925000000001,606.3820000000001,0,-0.20253161993269542,53.209237159889405,13.916015512313688,0.6013382779748466,0.3829409867784586,0.9842792647533054,0,TATAMOTORS
2023-08-23,622.75,622.75,613.15,613.9,8248333,-0.01015801354401813,-0.007838383838383867,0.007518570790853942,15455442.1,622.215,607.377,0,-0.9218749039713644,49.07363877683092,13.607728690005569,0.6177716240430038,0.3766085681707118,0.9943801922137157,0,TATAMOTORS
2023-08-24,618.0,619.0,609.65,610.95,7096025,-0.004805342889721342,-0.004562118126272829,0.006926678063096829,14828809.6,620.7075,608.352,0,-0.7540106145443126,47.22279746319448,13.30360521214803,0.6255831082739993,0.37359849414845736,0.9991816024224568,0,TATAMOTORS
2023-08-25,610.85,616.7,593.3,605.1,16075509,-0.009575251657255146,-0.017375771354335767,0.0073479227993533585,11124662.5,618.7774999999999,609.048,0,-0.24572648522536292,43.70275222653252,14.024776268423178,0.6412989588497768,0.36754255494959515,1.008841513799372,1,TATAMOTORS
2023-08-28,605.4,608.5,601.55,602.4,7479254,-0.004462072384729843,-0.029170024174053233,0.004007576927440932,10937817.2,617.1324999999999,609.727,0,-0.4316546141504124,42.141409749407046,13.519435106392953,0.6486553784860558,0.3647078353253652,1.013363213811421,1,TATAMOTORS
2023-08-29,603.6,610.5,603.6,607.15,6956667,0.00788512616201853,-0.0210415994840375,0.007260750331586447,10184267.5,615.275,610.474,0,0.5144926790590271,45.809397649295974,13.132332598793457,0.635757226385572,0.3696780037881907,1.0054352301737628,0,TATAMOTORS
2023-08-30,611.2,612.9,605.0,605.55,5676055,-0.0026352631145516447,-0.013601563772601466,0.0064585953840778304,9295665.6,613.37,611.264,0,-0.7151897828873828,44.779601351806114,12.758594556022496,0.6400792667822641,0.36801255057385845,1.0080918173561226,0,TATAMOTORS
2023-08-31,608.8,609.65,599.05,601.0,10544271,-0.00751383040211373,-0.016286111793109126,0.0067828199816219,9138163.4,612.2875,611.619,0,-0.735848987184052,41.895315451359636,12.60440923059232,0.6524958402662229,0.36322795341098174,1.0157237936772048,1,TATAMOTORS
2023-09-01,604.2,614.9,601.9,611.2,10297492,0.016971713810316258,0.010080978350685887,0.01015544023883094,9048836.6,611.9,612.215,0,0.5384614970414233,49.714700251509115,12.696951428407152,0.6249181937172773,0.37385471204188486,0.9987729057591623,1,TATAMOTORS
2023-09-04,615.6,615.6,606.0,609.0,8392665,-0.0035994764397906387,0.010956175298804771,0.010023647556358364,8930066.6,611.6,613.008,0,-0.687499928385425,48.2077951628943,12.475740612092356,0.6307881773399014,0.3715927750410509,1.0023809523809524,1,TATAMOTORS
2023-09-05,610.0,618.9,608.05,611.15,8560651,0.0035303776683086596,0.00658815778637889,0.009588262553577602,8932692.2,611.6825,614.038,0,0.10599077364140104,49.80893030035134,12.35961628265719,0.6250511331097113,0.3738034852327579,0.9988546183424692,0,TATAMOTORS
2023-09-06,611.15,612.55,605.6,610.25,6520064,-0.0014726335596825235,0.007761539096688974,0.009480929201807205,8759865.3,611.83,614.886,0,-0.12949638424512255,49.12431153573488,11.973215119610243,0.6274477673084801,0.37287996722654654,1.0003277345350268,1,TATAMOTORS
2023-09-07,610.9,616.5,609.05,614.9,6520293,0.007619827939369106,0.023128119800332803,0.008176651994573573,8702292.1,611.4475,615.7220000000001,1,0.536912679609033,52.73875834281326,11.650128325352371,0.6151406732802082,0.3776223776223776,0.9927630509025859,1,TATAMOTORS
2023-09-08,617.95,628.9,614.2,627.25,16190749,0.02008456659619462,0.026259816753926524,0.009382737622635516,8713816.1,611.8975,616.534,1,0.6326530181868694,60.72047724733085,11.867976302112911,0.58333997608609,0.38987644479872463,0.9732164208848147,0,TATAMOTORS
2023-09-11,634.65,635.4,630.5,634.85,8780510,0.012116381028298262,0.04244663382594416,0.008248157619973136,8843941.7,613.05,617.32,1,0.04081631820076086,64.67426888606634,11.602406566247703,0.5643852878632747,0.39718043632354105,0.9615657241868159,0,TATAMOTORS
2023-09-12,638.0,639.0,615.25,620.8,12541377,-0.02213121209734592,0.015789904278818545,0.016183477050557345,9402412.7,613.7225,617.92,1,-0.7242104958227179,53.87732143353325,12.470091811515726,0.5997905927835052,0.3835373711340206,0.983327963917526,1,TATAMOTORS
2023-09-13,621.0,628.5,619.55,625.9,6988358,0.008215206185567148,0.025645227365833634,0.01605714035740078,9533643.0,614.0799999999999,618.609,1,0.5474859723479307,56.70289643420058,12.218656682121749,0.5867550726953188,0.38856047291899665,0.9753155456143155,1,TATAMOTORS
2023-09-14,628.1,630.8,623.3,624.6,5722295,-0.0020770091068860186,0.01577492275166703,0.016273069909424415,9051445.4,614.6225,619.336,1,-0.46666660444445274,55.765091321940496,11.88160977625591,0.5900576368876079,0.38728786423310924,0.9773455011207173,1,TATAMOTORS
2023-09-15,628.7,636.5,627.15,634.25,18917805,0.015449887928274064,0.011159824631327142,0.015168320715195072,9913476.7,615.545,620.005,1,0.5935828242157345,60.93059624837762,11.8829233636662,0.5658651951123373,0.39661016949152544,0.9624753646038628,0,TATAMOTORS
2023-09-18,635.9,644.2,633.15,640.65,11108349,0.010090658257784657,0.009136016381822376,0.014865088960315223,10185045.1,616.5525,620.4540000000001,1,0.4298642144919237,63.93827524684592,11.823428837690047,0.5502224303441817,0.40263794583626006,0.9528603761804418,0,TATAMOTORS
2023-09-20,640.7,647.0,637.0,638.5,11777925,-0.0033559665964254526,0.028511597938144506,0.008110958277675712,10506772.5,617.4675,620.851,1,-0.21999997800000676,62.20579336066863,11.693183920712187,0.5554424432263116,0.4006264682850431,0.9560689115113548,0,TATAMOTORS
2023-09-21,638.5,641.7,624.0,627.05,9266854,-0.017932654659357894,0.0018373542099376916,0.013007026476697799,10781451.5,618.125,620.822,1,-0.6468926188196269,53.83904272754375,12.12224221208989,0.5838449884379237,0.38968184355314567,0.9735268319910695,0,TATAMOTORS
2023-09-22,628.0,630.8,619.0,620.45,6551917,-0.01052547643728552,-0.0066442523214856886,0.013930875784829351,10784613.9,618.6,620.802,1,-0.6398304542516551,49.6902626280061,12.099224911226324,0.6006930453702956,0.38318962043677984,0.9838826658070755,0,TATAMOTORS
2023-09-25,623.85,625.2,617.9,618.7,6390681,-0.002820533483761767,-0.02451714623571144,0.010403409790042643,9804607.1,619.28,620.763,0,-0.7054793554137772,48.62041833433464,11.75642313185302,0.6052206238887989,0.3814449652497172,0.9866655891385162,1,TATAMOTORS
2023-09-26,618.7,625.7,617.95,619.8,6271108,0.0017779214481976613,-0.03254507141184737,0.0077270953166540405,9553666.9,620.15,620.661,0,0.1419354655567024,49.35848449883269,11.470250051006376,0.6023717328170378,0.38254275572765406,0.984914488544692,0,TATAMOTORS
2023-09-27,619.95,621.9,616.75,620.15,5960490,0.0005646982897709041,-0.028739232576350804,0.008311770525983055,8895578.2,620.8,620.694,0,0.03883494391553179,49.60653436744587,11.018803618791633,0.6014673869225188,0.38289123599129243,0.9843586229138113,0,TATAMOTORS
2023-09-28,622.9,623.8,612.25,614.1,6768196,-0.009755704265097087,-0.020652260585280136,0.005727275038045793,8873562.0,621.2275,620.734,0,-0.7619046959389865,45.46132552886634,11.056746217449371,0.6172447484123106,0.3768115942028986,0.9940563426152093,1,TATAMOTORS
2023-09-29,618.7,633.0,617.0,630.2,8969405,0.02621722846441954,0.015714400838101383,0.013627701304741674,9198273.0,622.6875,620.9259999999999,1,0.7187499550781278,55.99861791530486,11.6169786304887,0.5759282767375434,0.39273246588384647,0.96866074262139,0,TATAMOTORS
2023-10-03,632.6,632.65,618.6,620.45,6894577,-0.015471278959060641,0.002828511394860289,0.015993245431544633,7995950.2,623.15,620.902,0,-0.8647686217246545,49.73212065531988,11.790765871168077,0.6006930453702956,0.38318962043677984,0.9838826658070755,0,TATAMOTORS
2023-10-04,620.8,620.8,608.3,613.6,7612709,-0.01104037392215329,-0.010003226847369984,0.016778642445437624,7646386.2,623.3799999999999,620.659,0,-0.5759999539199983,45.850094806545926,11.841425451798928,0.6185625814863102,0.37630378096479794,0.9948663624511083,1,TATAMOTORS
2023-10-05,619.0,621.35,614.65,619.6,7893892,0.009778357235984414,-0.0008868822059178161,0.017602334087589166,7257982.9,623.8025,620.466,0,0.08955222543996913,49.563813856137344,11.549180776670434,0.6028889606197546,0.38234344738541,0.9852324080051647,0,TATAMOTORS
2023-10-06,627.0,627.35,620.0,622.45,7922379,0.004599741768883225,0.013597134017261148,0.016775706497194117,7123535.4,624.4125,620.126,0,-0.6190475348234565,51.27326597538628,11.277810721193974,0.5955498433609123,0.385171499718853,0.9807213430797654,0,TATAMOTORS
2023-10-09,620.8,622.0,613.7,617.35,6381189,-0.008193429191099777,-0.020390352269121004,0.010753130443383666,7106462.6,624.5350000000001,619.6510000000001,0,-0.41566260052257237,48.129596200275586,11.097252812537262,0.6087308657973596,0.3800923301206771,0.9888231959180368,1,TATAMOTORS
2023-10-10,620.0,632.5,617.6,630.55,9833429,0.021381712156799182,0.016278507534853492,0.013307440204434905,7450737.4,624.7,619.388,1,0.7080536437547871,55.70028372006774,11.386734754498885,0.5750535247006582,0.3930695424629292,0.9681230671635875,1,TATAMOTORS
2023-10-11,633.0,637.8,632.6,634.0,7701931,0.005471413845056006,0.033246414602346785,0.010638620331528403,7593819.7,624.6575,619.3620000000001,1,0.1923076553254534,57.4483656549945,11.091253700606106,0.5664826498422713,0.3963722397476341,0.9628548895899054,1,TATAMOTORS
2023-10-12,637.0,640.2,635.05,636.95,5928732,0.004652996845425861,0.028001936733376365,0.010502778916100408,7590643.9,625.465,619.215,1,-0.009708735978877217,58.94034808084923,10.741878436277103,0.5592275688829577,0.39916790956904,0.9583954784519978,0,TATAMOTORS
2023-10-13,633.95,669.0,633.0,667.1,28011678,0.047334955648010046,0.0717326692907061,0.02132062734496034,9714992.1,627.525,619.684,1,0.9208333077546298,70.3737245242934,12.546029976543025,0.48875730774996246,0.4263228901214211,0.9150801978713836,0,TATAMOTORS
2023-10-16,668.55,677.8,661.25,666.2,20005816,-0.0013491230700044543,0.07912853324694269,0.01968617466646208,10818633.2,629.605,620.555,1,-0.14199394912422758,69.74935839856545,12.832027835361377,0.4907685379765835,0.42554788351846295,0.9163164214950466,0,TATAMOTORS
2023-10-17,670.0,670.9,654.65,655.7,10263992,-0.015761032722906076,0.03988581397192936,0.02354147033708125,11155574.7,630.6775,621.29,1,-0.8799999458461544,62.75412009850764,13.076168704264136,0.5146408418484062,0.41634894006405376,0.93098978191246,0,TATAMOTORS
2023-10-18,658.6,672.25,653.8,668.5,14908778,0.01952112246454174,0.054416403785489065,0.023988040939201878,11885181.6,632.07,622.36,1,0.5365853367704398,67.0875155013183,13.4600137968167,0.48563949139865364,0.4275243081525804,0.9131637995512342,0,TATAMOTORS
2023-10-19,662.95,672.3,658.6,668.8,10633043,0.000448765893791947,0.050003924954862944,0.02433209084667785,12159096.7,633.585,623.5459999999999,1,0.4270072681016548,67.18388358696382,13.477155668472646,0.484973086124402,0.4277811004784689,0.912754186602871,0,TATAMOTORS
2023-10-20,666.65,676.4,660.5,663.2,11759568,-0.0083732057416267,-0.00584619997001945,0.013186515799788402,12542815.6,635.3925,624.664,1,-0.2169811184288565,63.4492295820393,13.650215977867456,0.497512062726176,0.4229493365500604,0.9204613992762364,0,TATAMOTORS
2023-10-23,663.65,667.25,645.0,647.35,8564004,-0.023899276236429512,-0.02829480636445514,0.016684261445390904,12761097.1,636.7375,625.16,1,-0.732584236737785,54.25616548369561,14.264486265162637,0.5341778018073684,0.40882057619525763,0.9429983780026261,0,TATAMOTORS
2023-10-25,650.0,651.9,636.05,637.85,8229559,-0.014675214335367226,-0.02722281531188042,0.01652545826517737,12600710.1,637.6949999999999,625.552,1,-0.7665614658320816,49.61598791492731,14.37773724622245,0.5570275143058712,0.40001567766716317,0.9570431919730344,0,TATAMOTORS
2023-10-26,635.0,635.65,624.15,626.55,8889373,-0.017715763894332603,-0.06275243081525805,0.009300432554802857,12719454.3,638.0325,625.8470000000001,0,-0.7347825448015218,44.7170882818453,14.329327442920851,0.5851089298539622,0.38919479690367886,0.9743037267576412,1,TATAMOTORS
2023-10-27,630.0,643.95,628.45,641.05,10232856,0.023142606336286065,-0.04149222488038273,0.018447765121814914,13149866.7,639.0775,626.521,1,0.7129031798126951,51.35443349564759,14.54866119699794,0.5492551283051245,0.4030106855939474,0.952265813899072,0,TATAMOTORS
2023-10-30,643.8,643.8,621.85,628.5,12786883,-0.01957725606426952,-0.052322074788902384,0.01912623649179634,11627387.2,639.7975,626.716,0,-0.6970386926178272,46.18583599484465,15.077328254355226,0.5801909307875894,0.3910898965791567,0.9712808273667463,1,TATAMOTORS
2023-10-31,642.0,642.0,627.3,628.65,11395766,0.00023866348448686736,-0.028887000849617706,0.01792117073387972,10766382.2,639.72,627.0139999999999,0,-0.9081632035263115,46.25546037377756,15.050376236187,0.5798138869005011,0.39123518651077704,0.9710490734112782,0,TATAMOTORS
2023-11-01,630.0,633.8,626.3,627.7,8785264,-0.001511174739521115,-0.015912832170572933,0.017229805283285618,10618509.4,640.0825,627.252,0,-0.30666662577777715,45.85085725533337,14.511063647887928,0.582204874940258,0.39031384419308596,0.972518719133344,1,TATAMOTORS
2023-11-02,632.0,638.2,630.1,636.45,9934305,0.013939780149753167,0.015800813981326378,0.01630036562485247,10121062.1,641.225,627.571,0,0.5493826482243686,50.173924864934,14.22455910161022,0.5604525100164977,0.39869589127189886,0.9591484012883966,1,TATAMOTORS
2023-11-03,662.0,666.0,646.2,647.5,23087856,0.017361929452431424,0.010061617658529087,0.014658743208371452,11366543.4,642.6200000000001,628.117,1,-0.732323195337214,55.05403942341291,15.319233451495203,0.5338223938223938,0.40895752895752896,0.9427799227799228,0,TATAMOTORS
2023-11-06,652.85,652.85,643.2,646.05,10801301,-0.0022393822393823593,0.027923627684964147,0.009336149249559627,11270716.7,643.8,628.76,1,-0.704663139413155,54.30244571474859,14.91428820495983,0.5372649175760391,0.407630988313598,0.9448959058896371,0,TATAMOTORS
2023-11-07,645.0,649.9,643.3,645.0,6588073,-0.00162526120269324,0.026008112622285973,0.009634101562012066,11073123.6,645.1825,629.441,0,0.0,53.730413992263415,14.320410476034128,0.5397674418604651,0.4066666666666667,0.9464341085271318,0,TATAMOTORS
2023-11-08,648.0,649.05,641.9,642.55,6551864,-0.0037984496124031653,0.02365779831129511,0.010075735118662315,10905354.1,645.7825,630.19,0,-0.7622376556311059,52.344820275856925,13.808238299174546,0.5456384717142636,0.4044043265115555,0.9500427982258192,1,TATAMOTORS
2023-11-09,644.0,653.65,642.7,649.35,10155047,0.010582834020698817,0.020268677822295578,0.00939744999289331,11031921.5,646.55,631.129,1,0.48858443026626724,55.7552198946274,13.614792706376365,0.5294525294525294,0.4106414106414107,0.9400939400939401,1,TATAMOTORS
2023-11-10,649.35,652.95,644.0,651.05,6425792,0.0026180026180024907,0.005482625482625458,0.0058052028187140945,10651215.1,647.2549999999999,632.007,1,0.1899441128553978,56.59158098471937,13.281593227349486,0.5254588741264112,0.4121803240918516,0.9376391982182629,1,TATAMOTORS
2023-11-12,657.95,657.95,652.4,653.55,2245583,0.0038399508486290923,0.011609008590666381,0.005560439179836824,9597085.1,646.5775000000001,632.967,1,-0.7927926499472769,57.85332391256937,12.825765139681673,0.5196235942162039,0.41442888837885394,0.9340524825950579,0,TATAMOTORS
2023-11-13,653.0,654.0,649.3,653.25,3279829,-0.000459031443653779,0.012790697674418539,0.005374753036151658,8785491.4,645.9300000000001,634.012,1,0.05319147804436586,57.63682143916821,12.245353343990129,0.5203214695752009,0.41415996938385,0.934481438959051,1,TATAMOTORS
2023-11-15,660.0,673.5,656.55,671.55,11324434,0.028013777267508644,0.04513267450003888,0.01141080238781947,9039408.4,646.7225,635.2189999999999,1,0.6814158890020079,65.9962390068288,12.817113819419404,0.4788921152557517,0.4301243392152483,0.9090164544710001,1,TATAMOTORS
2023-11-16,674.0,685.5,670.9,680.4,17501373,0.013178467723922394,0.04781704781704765,0.01156343752525294,9796115.2,647.3174999999999,636.6469999999999,1,0.43835613435916665,69.16512448987672,12.94446283231802,0.45965608465608465,0.4375367430922986,0.8971928277483834,0,TATAMOTORS
2023-11-17,682.5,687.65,679.6,681.55,9563220,0.0016901822457378035,0.0468474003532755,0.011706802811269377,8443651.6,647.955,638.055,1,-0.11801240770032835,69.56207276357249,12.594858344295302,0.45719316264397336,0.4384858044164038,0.8956789670603772,0,TATAMOTORS
2023-11-20,682.0,686.75,670.7,674.3,8324354,-0.010637517423519927,0.031749674852727505,0.014769897752010621,8195956.9,648.51,639.336,1,-0.47975074892519115,63.97094597575083,12.841654176845635,0.4728607444757527,0.4324484650748925,0.9053092095506452,1,TATAMOTORS
2023-11-21,677.0,683.3,675.0,681.7,7291057,0.010974343763903383,0.043551473402219765,0.014329276555288196,8266255.3,650.2275,640.672,1,0.5662649920162747,66.8957017618037,12.567250307070948,0.4568725245709255,0.43860935895555236,0.895481883526478,0,TATAMOTORS
2023-11-22,683.95,687.35,676.05,681.2,9279642,-0.0007334604664808175,0.01436974164246907,0.009601716530117405,8539033.1,652.395,641.751,1,-0.24336281032187373,66.50287583523883,12.476732427994458,0.45794186729301223,0.43819729888432185,0.8961391661773341,0,TATAMOTORS
2023-11-23,683.2,685.9,677.05,679.95,5885370,-0.0018349970640046953,-0.000661375661375585,0.00775074607855199,8112065.4,655.0649999999999,642.653,1,-0.36723159692298246,65.46784176515192,12.217680111709141,0.4606221045665121,0.43716449738951396,0.8977866019560262,0,TATAMOTORS
2023-11-24,681.4,681.95,671.25,673.7,6951690,-0.009191852342083973,-0.011517863693052521,0.008600714079968427,8164655.2,656.6975,643.711,1,-0.7196261009695138,60.405565293690636,12.109274389444206,0.4741724803324921,0.43194300133590624,0.9061154816683984,1,TATAMOTORS
2023-11-28,677.45,699.45,674.25,697.5,16015860,0.03532729701647619,0.0344060507192645,0.01745156694484457,9541682.9,660.1475,645.143,1,0.7956348890621043,69.9382248173361,13.083611933055334,0.42387096774193544,0.45132616487455196,0.8751971326164876,0,TATAMOTORS
2023-11-29,702.75,714.4,694.35,712.35,16122864,0.021290322580645116,0.04496112659527651,0.018622939019478518,10825986.4,664.3325,646.898,1,0.4788029686382581,74.1242933463111,13.581211080694235,0.3941882501579279,0.4627640906857584,0.8569523408436864,0,TATAMOTORS
2023-11-30,716.3,717.25,697.0,706.4,24275245,-0.008352635642591477,0.03699354081033457,0.019884566270289714,12121067.5,668.2675,648.341,1,-0.4888888647462278,69.92296392218643,14.057553146358932,0.40593148357870895,0.45823895809739523,0.8641704416761042,1,TATAMOTORS
2023-12-01,708.0,711.0,703.0,705.45,10565415,-0.0013448471121176864,0.03750275755570254,0.019828491780908727,11427471.7,671.7175,649.637,1,-0.31874996015624935,69.2480859297234,13.624870778761865,0.40782479268551974,0.4575093911687576,0.8653341838542774,1,TATAMOTORS
2023-12-04,716.0,717.0,704.8,705.6,9348036,0.00021263023601947317,0.04735045272376426,0.01822509637240952,11405953.3,674.6225,650.979,1,-0.8524589465197535,69.29847284286804,13.523094294564592,0.40752551020408156,0.457624716553288,0.8651502267573696,1,TATAMOTORS
2023-12-05,705.9,714.9,705.0,708.95,9601509,0.004747732426303886,0.01641577060931909,0.01109771872735993,11533668.8,677.7675,652.6170000000001,1,0.3080807769615453,70.46248569851241,13.264301844952834,0.40087453275971496,0.460187601382326,0.861062134142041,1,TATAMOTORS
2023-12-06,709.05,724.8,709.0,722.45,12148825,0.019042245574441008,0.01417842352776022,0.010196091214869621,12019445.6,681.64,654.6569999999999,1,0.8481012121455012,74.63589504649642,13.44899457031334,0.3746972108796455,0.47027475949892733,0.844971970378573,0,TATAMOTORS
2023-12-07,725.0,727.5,716.0,721.95,10451801,-0.0006920894179528458,0.022013023782559538,0.0085291081910499,12136661.5,685.61,656.722,1,-0.26521736824196407,74.21763625600046,13.309780672433817,0.3756492831913566,0.4699078883579196,0.8455571715492762,0,TATAMOTORS
2023-12-08,722.05,727.6,707.5,714.55,8557203,-0.010250017314218596,0.012899567651853294,0.01068433191781665,12403844.8,688.87,658.617,1,-0.3731343097943125,68.13214307082504,13.794796338688545,0.38989573857672666,0.46441816527884683,0.8543139038555736,0,TATAMOTORS
2023-12-11,717.8,726.5,716.55,720.8,6403209,0.00874676369743188,0.02154195011337867,0.010884968370751431,12348996.7,692.3575000000001,660.63,1,0.3015075073861788,70.34389186668378,13.663025171639367,0.3778440621531632,0.46906215316315203,0.8469062153163153,0,TATAMOTORS
2023-12-12,724.8,724.8,713.0,715.4,6461539,-0.007491675915649254,0.009097961774455099,0.012075553707676372,11393564.6,695.45,662.6560000000001,1,-0.796610101982196,66.07681498582963,13.529951945093694,0.388244338831423,0.4650545149566676,0.8532988537880907,1,TATAMOTORS
2023-12-13,716.0,721.45,713.5,720.3,5807736,0.006849315068493178,-0.0029759844971971594,0.00841836578783681,10362051.8,698.8025,664.4580000000001,1,0.5408804351093704,67.97517197255921,13.131383949015577,0.3788004997917535,0.46869359988893516,0.8474940996806887,0,TATAMOTORS
2023-12-14,724.0,724.7,718.6,719.75,6732352,-0.0007635707344161302,-0.0030473024447676966,0.008418690866398031,8607762.5,701.2125,666.444,1,-0.6967211972588175,67.51844674620031,12.629142238371609,0.3798541160125043,0.4682875998610629,0.8481417158735672,1,TATAMOTORS
2023-12-15,723.9,734.0,721.25,732.4,12082079,0.017575547064953012,0.024980757119865693,0.009550679356906457,8759428.9,703.8125,668.82,1,0.6666666143790891,72.15288785571576,12.744917792773636,0.3560212998361551,0.4774713271436374,0.8334926269797925,0,TATAMOTORS
2023-12-18,732.9,734.75,728.1,730.8,5450397,-0.0021845985800109657,0.013873473917868973,0.009723393842040556,8369665.0,706.275,671.0440000000001,1,-0.3157894261970833,70.77736096538315,12.309566521861232,0.3589901477832513,0.47632731253420907,0.8353174603174605,0,TATAMOTORS
2023-12-19,732.6,732.6,726.0,728.95,4511101,-0.0025314723590584842,0.018940452893486226,0.00859931042891657,7860624.2,709.0074999999999,673.174,1,-0.5530302192378402,69.13617740010383,11.901740341728289,0.36243912476850254,0.47499828520474663,0.8374374099732492,0,TATAMOTORS
2023-12-20,730.95,733.0,703.05,705.25,8107602,-0.032512518005350266,-0.020894071914480006,0.017988607026966114,7456501.9,710.185,674.932,0,-0.8580967993957664,52.379572064545286,13.190901745890557,0.4082240340304856,0.45735554767812836,0.865579581708614,0,TATAMOTORS
2023-12-21,703.0,711.9,696.25,708.85,7702232,0.005104572846508448,-0.015144147273358777,0.018444982913015915,7181545.0,711.5675,676.498,0,0.37380189304780437,54.19561685051487,13.366551621184087,0.4010721591309867,0.4601114481201947,0.8611836072511815,1,TATAMOTORS
2023-12-22,716.8,731.0,712.0,724.7,12062238,0.022360160823869712,-0.010513380666302474,0.019844467316867183,7532048.5,713.8050000000001,678.3120000000001,1,0.41578945180055993,61.20965812436849,13.993940791099508,0.37042914309369385,0.47191941493031603,0.84234855802401,1,TATAMOTORS
2023-12-26,727.4,727.5,716.6,719.55,7229143,-0.007106388850559031,-0.015394088669950734,0.019980445195556976,7614641.9,716.0975,679.9639999999999,1,-0.7201834201666624,58.0966856453818,13.772945020306684,0.38023764853033154,0.4681398096032242,0.8483774581335558,1,TATAMOTORS
2023-12-27,728.0,741.85,725.15,740.9,15052800,0.029671322354249297,0.016393442622950616,0.02476194314269461,8473768.0,718.2674999999999,681.44,1,0.7724550435655627,65.85049435007194,14.382020375999067,0.3404643001754623,0.48346605479821836,0.8239303549736807,1,TATAMOTORS
2023-12-28,742.65,757.95,739.05,753.9,14906199,0.017546227561074268,0.06898263027295282,0.014590162615044342,9383614.3,720.345,683.1940000000001,1,0.5952380637440149,69.54575214338813,14.704733206284855,0.317349781138082,0.49237299376575144,0.8097227749038335,1,TATAMOTORS
2023-12-29,755.0,802.9,754.0,779.95,41170191,0.034553654330813144,0.10030330817521338,0.01620124109424887,12827398.2,724.0224999999999,685.679,1,0.510224938441209,75.31094506911123,17.154395120121652,0.2733508558240912,0.5093275209949356,0.7826783768190269,0,TATAMOTORS
2024-01-01,785.0,798.7,781.05,790.6,12570717,0.013654721456503482,0.09093417966054917,0.016271881898576864,12876262.0,728.28,688.1209999999999,1,0.31728043528156136,77.21040096813907,17.26836689725582,0.2561978244371363,0.5159372628383506,0.772135087275487,0,TATAMOTORS
2024-01-02,800.5,804.0,779.0,784.4,13791090,-0.007842145206172546,0.09012577305260239,0.016552790080276634,13710331.3,732.22,690.433,1,-0.6439999742400019,73.65761405238993,17.82062640459469,0.2661269760326364,0.5121111677715451,0.7782381438041817,0,TATAMOTORS
2024-01-03,786.05,790.0,776.25,781.45,8559060,-0.0037608363080060547,0.05473073289242825,0.01715692315807409,14115127.2,735.845,692.798,1,-0.3345454302148712,71.96091415137442,17.52986737569507,0.27090664789813795,0.5102693710410136,0.7811760189391516,1,TATAMOTORS
2024-01-04,798.0,801.8,791.3,795.75,14298444,0.01829931537526397,0.05551134102666144,0.0172337538839239,14734211.4,739.51,695.7660000000001,1,-0.21428569387755297,74.9706950529199,17.731305420288273,0.2480678605089538,0.5190700596921144,0.7671379202010682,0,TATAMOTORS
2024-01-05,799.0,805.9,787.1,790.95,11091198,-0.00603204524033929,0.014103468171036582,0.012169000085169428,15073108.0,742.96,698.828,1,-0.4281914665855589,72.17029923128544,17.807640747410534,0.2556419495543333,0.5161514634300525,0.7717934129843859,1,TATAMOTORS
2024-01-08,798.4,800.35,787.5,789.1,7668471,-0.0023389594791074497,-0.0018972931950417271,0.010627834576047572,14633731.3,746.6875,702.079,1,-0.7237353522384892,71.06845567435192,17.453523551166928,0.25858573057914075,0.515017108097833,0.7736028386769738,1,TATAMOTORS
2024-01-09,799.95,809.2,793.15,799.8,12872757,0.013559751615764615,0.019632840387557415,0.011145619197727866,15198092.7,750.6375,705.2540000000001,1,-0.00934579381023654,73.58079294787277,17.642557583226434,0.2417479369842461,0.521505376344086,0.7632533133283321,0,TATAMOTORS
2024-01-10,800.0,811.0,792.65,808.45,9980044,0.010815203800950357,0.03455115490434446,0.010514441603320206,14690817.1,755.29,708.8530000000001,1,0.46049043812041396,75.43770876288364,17.693089184424547,0.22846187148246636,0.5266250231925289,0.7550868946749953,0,TATAMOTORS
2024-01-11,813.5,817.5,808.45,815.65,11075167,0.008905931102727305,0.02500785422557339,0.008629990801158392,14307713.9,760.0575000000001,712.5930000000001,1,0.23756903452275732,76.8935270398814,17.075725671251362,0.2176178507938454,0.5308036535278612,0.7484215043217067,0,TATAMOTORS
2024-01-12,818.15,818.55,809.15,816.45,7664094,0.0009808128486483714,0.03223971173904805,0.006759651744522459,10957104.2,764.8925,716.3679999999999,1,-0.1808510445903076,77.05624852324635,16.527459551876262,0.21642476575417957,0.5312633964112928,0.7476881621654725,0,TATAMOTORS
2024-01-15,820.0,820.4,810.3,812.45,4835856,-0.004899258987078214,0.029590672918514693,0.007627012150650736,10183618.1,768.8950000000001,719.888,1,-0.7475246784628969,74.24104373403839,16.068355298170818,0.22241368699612274,0.5289556280386486,0.7513693150347713,1,TATAMOTORS
2024-01-16,812.45,827.0,812.45,818.85,10159066,0.007877407840482409,0.023818454613653506,0.00654127536805929,9820415.7,773.2975,723.315,1,0.4398625127242258,75.76657659616615,15.959901348301472,0.21285949807657073,0.5326372351468524,0.7454967332234231,0,TATAMOTORS
2024-01-17,811.0,813.7,804.0,805.55,7895439,-0.016242291017890986,-0.0035871111385986643,0.010342443489454562,9754053.6,777.1275,726.505,1,-0.5618556121798359,66.89964299732216,15.880622680565653,0.23288436471975674,0.524920861523183,0.7578052262429397,0,TATAMOTORS
2024-01-18,807.0,822.95,797.0,819.05,11500495,0.016758736267146634,0.004168454606755301,0.012526768258987598,9474258.7,782.8175,729.9859999999999,1,0.46435451004413963,70.65381566569917,16.59986391766811,0.21256333557169896,0.5327513582809352,0.7453146938526343,0,TATAMOTORS
2024-01-19,823.85,826.0,819.5,823.55,5706888,0.005494170075087013,0.00869618470206368,0.012695962746231176,8935827.7,788.5525,733.6060000000001,1,-0.046153839053266026,71.8018772652076,15.910587923548961,0.20593770870013967,0.5353044745309938,0.7412421832311336,0,TATAMOTORS
2024-01-20,826.0,827.0,817.05,818.9,2837388,-0.005646287414243223,0.007938950089236174,0.012798457307510537,8452719.4,793.2625,736.9970000000001,1,-0.7135677674806254,68.80639021622399,15.484831643295466,0.21278544388814263,0.5326657711564293,0.745451215044572,0,TATAMOTORS
2024-01-23,824.9,827.6,796.3,800.45,9436209,-0.022530223470509148,-0.02247053794956333,0.015937999479168886,8109064.6,797.3075000000001,739.985,1,-0.7811501347875317,58.3964915134298,16.614486525917222,0.2407395839840089,0.5218939346617528,0.7626335186457618,0,TATAMOTORS
2024-01-24,802.4,812.0,788.5,810.9,7217542,0.013055156474482965,0.0066414251132767,0.01589652463010911,7832814.4,800.8075000000001,743.132,1,0.3617021122679952,61.91142460185636,17.106308916923133,0.22475027746947837,0.5280552472561352,0.7528055247256136,1,TATAMOTORS
2024-01-25,814.0,814.15,800.3,811.85,10109720,0.0011715377975090036,-0.008790672120139065,0.013483206737637792,7736269.7,803.7049999999999,746.304,1,-0.15523464583143162,62.22388600855337,16.873715422857195,0.22331711523064599,0.528607501385724,0.75192461661637,1,TATAMOTORS
2024-01-29,811.85,843.8,811.05,841.0,12823686,0.035905647594999035,0.021188755995385833,0.021818025626598826,8252228.9,806.7575,749.693,1,0.8900763086999595,70.28035746754423,18.007735749795966,0.18091557669441138,0.5449464922711058,0.7258620689655173,1,TATAMOTORS
2024-01-30,843.0,885.95,842.85,858.85,19734613,0.021224732461355478,0.04878495542801331,0.022035840722269922,9742104.6,810.17,753.262,1,0.3677494114211277,73.94478841042354,19.932183196239116,0.15637189264714438,0.5544041450777202,0.7107760377248646,1,TATAMOTORS
2024-01-31,865.2,896.5,865.2,884.2,24562392,0.02951621354136358,0.10462864638640768,0.01367147787683279,11182437.2,815.1600000000001,757.315,1,0.6070287345997218,78.0786400022123,21.19774153936489,0.12321872879439033,0.5671793711829903,0.6903980999773807,1,TATAMOTORS
2024-02-01,900.0,900.15,876.3,878.5,14505885,-0.006446505315539475,0.083364163275373,0.01823165711417599,11843481.8,820.0125,761.3990000000001,1,-0.9014674674437112,75.18994545333874,21.3871885722674,0.13050654524758107,0.5643710870802504,0.6948776323278316,1,TATAMOTORS
2024-02-02,886.0,895.75,876.85,878.75,13003437,0.0002845759817871052,0.08240438504649861,0.01841869863092801,11993776.0,824.1625,765.34,1,-0.3835978633017008,75.23322559429225,21.209532245676872,0.13018492176386912,0.5644950213371266,0.6946799431009958,1,TATAMOTORS
2024-02-05,934.0,950.0,915.35,926.8,38686871,0.054679943100995665,0.1020214030915576,0.02440677417620627,15291774.3,830.9549999999999,770.252,1,-0.20779220179532032,81.80353743339477,24.78385137098567,0.07159041864479934,0.5870738023305998,0.6586642209753993,0,TATAMOTORS
2024-02-06,936.4,941.3,928.4,939.55,12714803,0.013757013379369853,0.0939628573091924,0.024529933231323457,16279515.8,838.4775,775.4440000000001,1,0.24418602758247718,83.08577943829732,24.04929055877241,0.05704858708956418,0.5926773455377574,0.6497259326273217,0,TATAMOTORS
2024-02-07,944.0,944.0,928.05,933.8,7913010,-0.006119951040391647,0.05609590590364166,0.02562989121689102,16127195.9,845.1775,780.646,1,-0.6394983925079388,80.3363812644579,23.470769804574385,0.06355750696080534,0.5901692011137288,0.6537267080745343,0,TATAMOTORS
2024-02-08,937.0,939.7,918.8,924.3,11576253,-0.010173484686228362,0.052134319863403444,0.026317508925016758,16563067.0,850.97,785.182,1,-0.6076554733179195,75.86936207722455,23.287143389961933,0.07448880233690364,0.58595694038732,0.6604457427242238,0,TATAMOTORS
2024-02-09,926.0,927.4,906.05,915.0,7904881,-0.010061668289516379,0.04125177809388325,0.02769099986209436,16342583.1,855.9375,789.235,1,-0.5152224583033972,71.66813932575283,23.148776004964652,0.08540983606557374,0.5817486338797814,0.6671584699453552,0,TATAMOTORS
2024-02-12,916.1,925.0,908.0,911.6,7286778,-0.003715846994535532,-0.016400517911091872,0.009899807876486005,15788892.3,860.695,793.3389999999999,1,-0.2647058667820078,70.1389915909195,22.70957771889575,0.08945809565598942,0.5801886792452831,0.6696467749012726,0,TATAMOTORS
2024-02-13,911.6,919.1,894.0,906.9,8574218,-0.005155770074594224,-0.03475067851631097,0.0029323995477693763,14672852.8,865.4174999999999,797.368,1,-0.18725098855573913,67.97972462001654,22.88032216754606,0.09510420112471056,0.5780130113573714,0.6731172124820819,1,TATAMOTORS
2024-02-14,900.0,919.95,894.35,918.3,6570939,0.01257029440952695,-0.01659884343542517,0.009333377465212758,12873707.5,870.39,801.6220000000001,1,0.7148437220764147,70.3629924540537,23.0745848698642,0.08150931068278343,0.5832516606773385,0.664760971360122,1,TATAMOTORS
2024-02-15,923.7,927.0,916.35,920.55,6430799,0.0024501796798432895,-0.004057124310288818,0.008697417954730217,12066198.9,876.1400000000001,805.8539999999999,1,-0.29577462011506833,70.82455193215661,22.187114522016753,0.07886589538862639,0.5842702732062354,0.6631361685948618,1,TATAMOTORS
2024-02-16,925.0,948.8,924.1,938.6,12826164,0.019607843137255054,0.02579234972677602,0.010679315964156659,12048471.6,882.1175,810.177,1,0.550607265157603,74.28448656723594,22.620177770444126,0.05811847432346042,0.5922650756445771,0.6503835499680375,0,TATAMOTORS
2024-02-19,942.95,942.95,931.05,932.6,4632214,-0.006392499467291701,0.02303641948222901,0.011284851447586145,8643005.9,887.5699999999999,814.39,1,-0.8697478260716066,71.25931018551933,21.854450786840978,0.06492601329616123,0.5896418614625778,0.654567874758739,0,TATAMOTORS
2024-02-20,934.45,934.65,920.4,926.35,4733639,-0.006701694188290808,0.02144668651449999,0.011635250892643209,7844889.5,892.9425000000001,818.6260000000001,1,-0.5684210127423867,68.14610967278651,21.31127573063805,0.07211097317428612,0.5868732120688726,0.6589841852431587,0,TATAMOTORS
2024-02-21,926.35,937.2,916.5,921.05,6011018,-0.005721379608139565,0.002994664053141749,0.011256988231656571,7654690.3,898.9725000000001,822.6309999999999,1,-0.2560386349739817,65.5315621745356,21.267613178449626,0.07828022365778191,0.5844959557027305,0.6627761793605126,0,TATAMOTORS
2024-02-22,924.65,933.85,914.6,932.3,6437014,0.01221432061234462,0.012764108413448438,0.012433159296373772,7140766.4,905.0424999999999,826.9689999999999,1,0.3974025767583065,68.31081393181007,21.12349795141751,0.06526869033572887,0.5895098144374128,0.6547785047731418,1,TATAMOTORS
2024-02-23,933.1,939.8,929.4,937.4,7047473,0.0054703421645392325,-0.0012784998934584069,0.00862220126715871,7055025.6,911.32,831.311,1,0.4134614987056217,69.51100857298228,20.357533812030542,0.05947301045444848,0.5917431192660552,0.6512161297205036,1,TATAMOTORS
2024-02-26,937.1,945.0,930.7,936.95,5600234,-0.0004800512054617956,0.004664379155050469,0.007943849657018122,6886371.2,916.1175000000001,835.655,1,-0.010489509755976782,69.26174372299457,19.924852825456927,0.05998185602219962,0.5915470409306793,0.6515288969528791,1,TATAMOTORS
2024-02-27,936.75,965.0,935.5,962.7,12810206,0.02748278990341002,0.039240028067145216,0.012881308881965932,7309970.0,921.3099999999998,840.2610000000001,1,0.8796609871301375,74.82497132194831,20.608791909352863,0.03162979121221557,0.6024722135660122,0.6341020047782279,1,TATAMOTORS
2024-02-28,966.15,976.0,950.3,958.05,15219187,-0.004830165160486177,0.04017154334726669,0.012651670834391658,8174794.8,925.0025000000002,844.8059999999999,1,-0.3151750850126429,72.28088713936097,20.972449630113378,0.03663691874119308,0.6005427691665362,0.6371796879077293,0,TATAMOTORS
2024-02-29,959.0,959.25,942.9,950.2,10346657,-0.008193726840978965,0.019199828381422313,0.01414454222468685,8566380.6,928.5875,849.2310000000001,1,-0.5382262667751483,68.07302633895114,20.642274656533854,0.04520101031361811,0.5972426857503683,0.6424436960639865,1,TATAMOTORS
2024-03-01,958.95,980.4,956.7,977.4,10645369,0.02862555251525989,0.04267121826328135,0.0180443698658487,8348301.1,933.5200000000001,854.674,1,0.7784809798109285,73.77081802501364,21.324969323924286,0.016114180478821363,0.608450992428893,0.6245651729077144,1,TATAMOTORS
2024-03-02,987.0,992.6,981.55,988.35,1783565,0.011203192142418716,0.05485885052564177,0.017329711047394204,8063436.2,936.5974999999999,860.2640000000001,1,0.1221719346450751,75.65445904980805,20.887471515072555,0.0048565791470632415,0.6127889917539334,0.6176455709009966,0,TATAMOTORS
2024-03-04,993.25,995.0,980.1,987.2,6084495,-0.0011635554206506082,0.025449257297184946,0.015043769993243436,8198521.8,938.9799999999999,865.5139999999999,1,-0.40604024120535054,75.04491782228584,20.459794978281657,0.006027147487844339,0.612337925445705,0.6183650729335495,1,TATAMOTORS
2024-03-05,1027.0,1065.6,1005.35,1021.9,59811033,0.03514991896272268,0.06664579092949219,0.018625979548366527,13578523.3,943.385,871.561,1,-0.08464730149963039,80.22277651408554,24.59838105126153,-0.003327135727566276,0.6255015167824641,0.6221743810548978,0,TATAMOTORS
2024-03-06,1025.0,1030.65,1009.0,1017.65,14214823,-0.004158919659457916,0.07098505577773095,0.017526438083852257,14356304.2,948.0525,877.096,1,-0.33949190117820277,78.08576339282538,24.387782404742858,0.0008352577015673588,0.6239375030708004,0.6247727607723677,1,TATAMOTORS
2024-03-07,1025.0,1047.0,1014.05,1039.3,16877082,0.021274504986979803,0.06333128708819324,0.01624728619148717,15339265.1,954.2675000000002,882.804,1,0.4339908821247057,80.87993187313286,24.999369375832657,0.0,0.6317713845857789,0.6317713845857789,0,TATAMOTORS
2024-03-11,1034.75,1035.95,1021.0,1028.0,7502450,-0.010872702780717725,0.04011736732938731,0.019373364815254188,15529486.7,960.0875,887.765,1,-0.45150498652140425,75.4709992783349,24.520842991844606,-0.00924124513618677,0.6277237354085603,0.6184824902723735,0,TATAMOTORS
2024-03-12,1027.8,1037.0,1011.3,1016.5,8763820,-0.011186770428015524,0.02967990275526744,0.021013665874189704,15124848.1,965.5675000000001,892.283,1,-0.43968869884479517,70.31710113605516,24.605068492427137,0.001967535661583866,0.6235120511559271,0.625479586817511,0,TATAMOTORS
2024-03-13,1019.0,1021.0,963.55,973.2,16564155,-0.04259714707329065,-0.047656326450728925,0.022780186629044144,15259344.9,968.3125,896.0590000000001,1,-0.7972149556620534,55.0683979109321,26.95113502868234,0.020499383477188583,0.606761200164406,0.6272605836415948,0,TATAMOTORS
2024-03-14,964.95,982.0,955.4,967.75,22931801,-0.005600082203041534,-0.04903454036260013,0.02270457435146091,16517859.3,970.6724999999999,899.785,0,0.10526315393747361,53.49591525057236,26.92605395520503,0.02624644794626709,0.6045466287780935,0.6307930767243607,0,TATAMOTORS
2024-03-15,968.4,979.75,940.0,945.85,23390913,-0.022629811418238166,-0.0899162898104493,0.014796662036035597,17792413.7,971.0350000000001,902.7869999999999,0,-0.5672955832126886,47.6124131510362,27.842050101261812,0.050007929375693774,0.5953903895966591,0.6453983189723529,0,TATAMOTORS
2024-03-18,945.85,974.8,936.65,972.45,12121719,0.028122852460749526,-0.054036964980544666,0.025947918039455793,18826229.1,973.0275000000001,906.4169999999999,0,0.6972476881455401,54.20101613001509,28.578332236885966,0.021286441462285907,0.6064579155740655,0.6277443570363515,0,TATAMOTORS
2024-03-19,968.55,970.6,951.6,957.75,9483750,-0.01511645842973941,-0.05779636005902611,0.026022792577652352,19166154.6,974.5975000000001,909.79,0,-0.5684210227146806,50.426638541083136,28.026308505679825,0.03696162881754109,0.600417645523362,0.6373792743409032,0,TATAMOTORS
2024-03-20,960.9,965.15,921.2,940.45,13900321,-0.018063168885408487,-0.03365187011919446,0.020417817231733082,14575083.4,975.5674999999999,912.6030000000001,0,-0.46530146836629116,46.33704883842302,29.163715040988404,0.05603700356212444,0.593067148705407,0.6491041522675315,1,TATAMOTORS
2024-03-21,951.0,969.25,946.0,964.9,11074207,0.02599819235472367,-0.0029449754585378907,0.02516507724955235,14261021.8,977.1975,915.732,0,0.5978494366516361,52.23313597831203,29.137735395203514,0.029277645351849933,0.6033785884547622,0.6326562338066122,1,TATAMOTORS
2024-03-22,964.9,986.2,950.35,979.8,13638296,0.015442014716550823,0.03589364064069356,0.02233434134026178,13937143.2,979.3174999999999,919.015,1,0.4156206299687403,55.44583290829261,29.617182866974694,0.013625229638701799,0.609410083690549,0.623035313329251,0,TATAMOTORS
2024-03-26,977.0,995.0,976.0,986.2,9461531,0.0065319452949581525,0.014139544449586205,0.01915756873744131,14133051.3,981.78,922.41,1,0.4842105008310286,56.790157371691215,28.858812662190786,0.007047252078685795,0.6119448387750963,0.6189920908537823,1,TATAMOTORS
2024-03-27,991.6,995.0,976.7,978.65,6640537,-0.007655647941594013,0.021821978595666813,0.017627201710848982,13920723.0,982.5775000000001,925.7339999999999,0,-0.7076502345546362,54.69361305317456,28.104611757748582,0.014816328615950544,0.6089511061155675,0.623767434731518,1,TATAMOTORS
2024-03-28,982.5,999.9,979.0,992.8,9862996,0.014458693097634479,0.055664841299377876,0.01249626376494321,13250607.1,984.3149999999999,929.2130000000001,1,0.49282294292713025,57.83537576582735,27.614996632195112,0.0003525382755842292,0.6145245769540693,0.6148771152296536,0,TATAMOTORS
2024-04-01,1000.0,1009.85,987.45,992.25,8629407,-0.0005539887187751003,0.028344906207897314,0.009871474704251336,11820367.7,986.4175000000001,932.947,1,-0.3459821274115125,57.66798186212737,27.242496872752604,0.000907029478458027,0.6143109095490047,0.6152179390274629,1,TATAMOTORS
2024-04-02,999.0,1008.0,993.4,1004.65,7995931,0.012496850592088604,0.025362318840579823,0.00920615657358053,10280869.5,987.78,936.6590000000001,1,0.38698627486395165,60.44746520747021,26.42160423898456,-0.011197929627233365,0.6190713183695815,0.6078733887423481,0,TATAMOTORS
2024-04-03,1004.0,1014.45,992.55,1009.15,8040366,0.004479171850893415,0.023271141756235902,0.00916955631955322,9872734.2,988.82,940.3709999999999,1,0.23515980661370545,61.437023010637766,26.09863250762853,0.009265223207650025,0.6207699549125503,0.6300351781202002,0,TATAMOTORS
2024-04-04,1016.0,1017.0,998.15,1011.6,9138276,0.002427785760293455,0.033668829510039355,0.006511484208572973,9838186.8,990.04,944.225,1,-0.2334217382800124,61.994531128193884,25.580873042797922,0.006820877817319076,0.6216884143930408,0.6285092922103598,0,TATAMOTORS
2024-04-05,1011.6,1012.5,1004.4,1007.1,4519120,-0.004448398576512469,0.014403706688154827,0.006339230384103334,8900066.7,989.3,948.3580000000001,1,-0.5555554869684569,60.2709960624214,24.332239254026643,0.011319630622579662,0.6199980140998909,0.6313176447224704,0,TATAMOTORS
2024-04-08,1010.05,1016.4,1004.0,1013.2,5188052,0.0060569953331348625,0.021113630637440206,0.006129837045348384,8311451.2,989.0775000000001,952.404,1,0.25403223757805315,61.82052160413,23.479936450167596,0.005230951440979031,0.6222858270825108,0.6275167785234899,0,TATAMOTORS
2024-04-09,1021.0,1029.5,1005.0,1008.5,8539041,-0.004638768258981463,0.0038321803613199368,0.005023565551047311,7801525.7,987.5375,956.337,1,-0.5102040608079975,59.88256450048928,23.55279813229848,0.00991571641051066,0.620525532969757,0.6304412493802677,1,TATAMOTORS
2024-04-10,1012.25,1021.0,1010.0,1013.5,4554077,0.0049578582052554054,0.004310558390724806,0.005115517738398008,7310780.3,986.8125,959.7869999999999,1,0.11363635330578607,61.273405958132486,22.763312551420018,0.00493339911198816,0.6223976319684262,0.6273310310804143,1,TATAMOTORS
2024-04-12,1014.0,1029.0,1013.5,1018.5,11575194,0.0049333991119882015,0.006820877817319104,0.005419813151562978,7804246.0,986.9125,962.98,1,0.2903225619146734,62.66726530538909,22.244504512032876,0.0,0.6242513500245459,0.6242513500245459,0,TATAMOTORS
2024-04-15,998.1,1006.95,978.5,998.8,12632409,-0.019342169857633817,-0.008241485453281738,0.010820569253156262,8081187.3,988.1925000000001,965.2719999999999,1,0.02460456855519726,54.364778784060036,23.512754189744815,-0.005406487785342388,0.6168402082498998,0.6114337204645576,0,TATAMOTORS
2024-04-16,990.0,1004.9,982.1,992.8,9574762,-0.006007208650380402,-0.020134228187919545,0.009998325524828853,8175722.8,989.445,967.5579999999999,1,0.12280701215758544,52.10075412342403,23.46184317619161,0.0003525382755842292,0.6145245769540693,0.6148771152296536,0,TATAMOTORS
2024-04-18,996.35,1003.1,966.25,971.35,13540490,-0.02160556003223202,-0.036836886465047125,0.012759132087437048,8730178.7,990.7199999999999,969.41,0,-0.6784260331499038,44.90153424355272,24.41814009217793,0.02244299171256494,0.6060122509908891,0.628455242703454,0,TATAMOTORS
2024-04-19,964.0,967.95,944.0,963.2,15381310,-0.008390384516394733,-0.04962999506660082,0.010764186904359992,9464273.1,990.2574999999999,970.138,0,-0.03340292136104516,42.498656759791096,24.627558657022366,0.03109426910298996,0.6026785714285714,0.6337728405315615,1,TATAMOTORS
2024-04-22,978.75,978.75,966.0,973.55,7187959,0.010745431893687707,-0.044133529700540075,0.012894176160601843,9269241.4,991.0474999999999,970.818,0,-0.407843105267211,46.42004814678405,23.979161610092195,0.020132504750654843,0.6069025730573673,0.6270350778080223,1,TATAMOTORS
2024-04-23,976.0,994.5,974.05,986.75,7994116,0.013558625648400158,-0.012064477372847326,0.014536266720051748,9616741.0,993.3625,971.8770000000001,0,0.5256723459328915,51.00883835249569,23.76279292365704,0.006485938687610821,0.6121611350392703,0.6186470737268812,1,TATAMOTORS
2024-04-24,992.4,995.9,988.0,991.65,4671450,0.004965796807701928,-0.0011583400483481388,0.014671853233612775,9565080.8,994.7,973.2239999999999,0,-0.09493669684345636,52.6306490112761,22.71902200053868,0.0015126304643775525,0.6140775475218071,0.6155901779861847,1,TATAMOTORS
2024-04-25,992.5,1003.3,989.5,1001.25,8366455,0.009680834972016328,0.030781901477325402,0.008678860036306165,9547822.2,995.7725,974.949,1,0.6340579250682684,55.72321069176778,22.0819490005002,-0.007840199750312133,0.6177777777777778,0.6099375780274657,1,TATAMOTORS
2024-04-26,1007.8,1008.95,996.6,999.5,7937500,-0.001747815230961347,0.03768687707641183,0.005998383734471179,9886164.5,996.4375,976.707,1,-0.6720647229097342,55.0180667793212,21.38680978617876,-0.0061030515257629045,0.6171085542771385,0.6110055027513758,1,TATAMOTORS
2024-04-29,1003.05,1005.75,999.0,1000.6,4764750,0.0011005502751375573,0.027784910893123183,0.006216741757812885,9205120.1,997.5349999999999,978.581,1,-0.36296290919067,55.40011195282487,20.34132337288028,-0.0071956825904457775,0.6175294823106137,0.6103337997201679,0,TATAMOTORS
2024-04-30,1005.0,1019.45,997.5,1007.9,9047011,0.007295622626424025,0.021434000506713957,0.004614503414503211,8846580.3,998.29,980.3729999999999,1,0.13211844500599207,57.95241653765675,20.456228846245978,0.010516916360750098,0.6202996329000894,0.6308165492608393,0,TATAMOTORS
2024-05-02,1020.0,1030.0,1011.55,1027.8,12695047,0.01974402222442695,0.036454394191498984,0.008378272370873786,9158608.8,1000.0674999999999,982.518,1,0.42276420472822385,64.00040848920196,20.57364107151412,-0.00904845300642144,0.627651294026075,0.6186028410196536,0,TATAMOTORS
2024-05-03,1038.0,1040.2,996.0,1013.4,11871773,-0.014010507880910628,0.012134831460674178,0.012378921320755458,8991737.1,1000.5050000000001,984.0140000000001,1,-0.5565610733809712,57.54970120198152,22.261238137834543,0.005032563647128501,0.6223603710282218,0.6273929346753503,0,TATAMOTORS
2024-05-06,1015.0,1019.8,1005.0,1016.2,5724760,0.0027629761199921,0.01670835417708849,0.01215647653538598,8026082.1,1000.8575000000001,985.6859999999999,1,0.08108107560263335,58.427135807417486,21.728292556560643,0.002263333989372126,0.6234009053335957,0.6256642393229679,0,TATAMOTORS
2024-05-07,1016.2,1017.95,982.05,988.55,8877426,-0.027209210785278604,-0.012042774335398798,0.01844757449386825,8195028.8,999.7050000000002,986.93,0,-0.7701949646185253,47.898388610652,22.740557373949173,0.00465328005664865,0.6128673309392544,0.6175206109959032,0,TATAMOTORS
2024-05-08,986.95,1015.0,977.0,1012.1,7519352,0.023822770724799103,0.004167080067467133,0.02177382496978394,8147552.4,999.9549999999999,988.7510000000001,1,0.6618420878462603,55.288657941819515,23.830517561524232,0.006323485821559112,0.6218753087639562,0.6281987945855152,0,TATAMOTORS
2024-05-09,1011.0,1043.2,1007.3,1030.3,19189798,0.017982412805058745,0.002432379840435983,0.021406299794523742,9599387.2,1000.8099999999998,990.711,1,0.5376044418494559,60.00961311245489,24.692623449986794,0.008735319809764146,0.628554789867029,0.6372901096767931,0,TATAMOTORS
2024-05-10,1037.0,1050.35,1030.4,1046.65,13383183,0.01586916432107177,0.03281034142490635,0.02043205593527521,10101060.0,1002.7175,992.896,1,0.4837092489368887,63.71605908564618,24.361007489273447,0.0,0.6343572349878183,0.6343572349878183,0,TATAMOTORS
2024-05-13,1005.0,1008.7,947.2,959.75,58974762,-0.08302679978980565,-0.05555008856524313,0.04534304497046847,15204786.2,1000.03,993.352,0,-0.7357723457597993,41.630765799338796,29.724506954325346,0.034800729356603256,0.6012503256056264,0.6360510549622298,0,TATAMOTORS
2024-05-14,965.1,968.0,953.25,964.65,16325689,0.005105496222974626,-0.02417682464215265,0.04466612162314413,16360880.1,997.3375,993.391,0,-0.030508472507903252,42.834007838458476,28.654899314730677,0.02954439433991603,0.6032757995127768,0.6328201938526927,0,TATAMOTORS
2024-05-15,970.95,972.95,945.1,947.3,19668239,-0.017985797957808525,-0.06402529394328627,0.041976256467389755,17423002.9,994.7625,993.176,0,-0.849192070046966,39.71236750864481,28.59740650653563,0.048400717829621055,0.5960097118125197,0.6444104296421409,0,TATAMOTORS
2024-05-16,953.2,954.4,919.0,936.4,31240770,-0.01150638657236358,-0.09113850334853923,0.03857187825437635,19277575.2,991.9424999999999,992.9,0,-0.47457625778033397,37.846292097875356,29.083306041783086,0.060604442545920546,0.5913071337035456,0.651911576249466,0,TATAMOTORS
2024-05-17,944.0,953.4,941.0,945.7,13205512,0.009931653139684027,-0.09645058042325516,0.037327930360217046,19410949.1,990.6600000000001,992.2660000000001,0,0.13709676313736174,40.41878338391622,28.220212753084294,0.050174473934651506,0.5953262133869092,0.6455006873215607,1,TATAMOTORS
2024-05-18,950.0,958.0,947.0,953.95,1930324,0.008723696732579,-0.006043240427194507,0.012748754081599966,19031505.5,990.1975,991.5779999999999,0,0.3590908764462881,42.68504733849559,27.083054699292553,0.04109230043503321,0.5988259342732848,0.6399182347083181,0,TATAMOTORS
2024-05-21,954.0,956.65,948.7,951.3,10055258,-0.0027779233712459384,-0.013839216296065993,0.012260414041936105,19149288.7,989.085,990.86,0,-0.33962259878961887,42.13070700318912,25.716407935057365,0.04399243140964998,0.5977083990329023,0.6417008304425523,0,TATAMOTORS
2024-05-22,952.0,954.9,942.55,947.5,9495279,-0.003994533795858235,0.00021112635912601263,0.009093711533950851,19346881.4,987.1225000000001,989.372,0,-0.3643724401317856,41.3023867733646,24.7616645111247,0.048179419525065936,0.5960949868073878,0.6442744063324539,1,TATAMOTORS
2024-05-23,950.0,963.45,945.05,962.35,11211074,0.015672823218997323,0.02771251601879543,0.008546748927328526,18549009.0,985.6575,988.266,0,0.6711956156958884,45.7880063659803,24.307259903187227,0.03200498779030493,0.6023276354756586,0.6343326232659635,0,TATAMOTORS
2024-05-24,962.5,970.95,958.0,960.55,9590588,-0.0018704213643685463,0.015702654118642245,0.008649804381030435,18169749.5,983.6225000000001,986.691,0,-0.15057913895142083,45.33576149770727,23.49602705295957,0.03393888917807509,0.6015824267346832,0.6355213159127584,0,TATAMOTORS
2024-05-27,964.9,966.45,952.0,958.5,6916555,-0.002134193951381924,0.004769642014780695,0.00825484904472866,12963928.8,981.5725,985.301,0,-0.4429065437434888,44.793136958076246,22.84988226346246,0.03615023474178401,0.6007303077725612,0.6368805425143453,0,TATAMOTORS
2024-05-28,959.0,961.9,946.0,947.55,6618946,-0.011424100156494532,-0.003941974140649673,0.009966743112449774,11993254.5,978.9200000000001,983.922,0,-0.7201257408725988,41.9077889298764,22.35346210178657,0.04812410954567044,0.5961162999314019,0.6442404094770725,0,TATAMOTORS
2024-05-29,946.95,950.5,938.8,943.6,8184019,-0.0041686454540657,-0.004116094986807317,0.009981206310116609,10844832.5,975.7049999999999,983.33,0,-0.2863247618525853,40.884695825226515,21.59250052308753,0.052511657481983845,0.594425604069521,0.6469372615515049,0,TATAMOTORS
2024-05-30,943.5,951.45,921.0,923.95,10170912,-0.02082450190758789,-0.039902322439860693,0.008105791292593778,8737846.7,970.5125,982.454,0,-0.6420361037098135,36.15590803226035,22.225179057152708,0.07489582769630383,0.5858000974078683,0.6606959251041723,0,TATAMOTORS
2024-05-31,931.65,937.25,920.1,923.0,14289102,-0.0010281941663510263,-0.03909218676799742,0.008274206981011377,8846205.7,965.9925,981.997,0,-0.5043731484330519,35.93948343462222,21.862666267356083,0.07600216684723725,0.585373781148429,0.6613759479956663,1,TATAMOTORS
2024-06-03,963.0,963.0,934.0,950.45,12314329,0.02973997833152775,-0.008398539384454784,0.019073517047945833,9884606.2,962.7049999999999,981.557,0,-0.432758605766943,45.99813045286664,23.158190105402078,0.04492608764269549,0.5973486243358409,0.6422747119785365,0,TATAMOTORS
2024-06-04,948.0,948.0,855.4,903.9,26554598,-0.04897680046293873,-0.04606617065062524,0.028834127726733487,11534540.2,958.4725000000001,980.48,0,-0.4762418955049473,35.747385366772434,28.29331938358765,0.09873879853966147,0.5766124571302136,0.6753512556698751,0,TATAMOTORS
2024-06-05,924.95,933.75,890.0,929.95,13752553,0.028819559685806073,-0.014465875370919812,0.033609399733402656,11960267.6,954.365,980.27,0,0.11428571167346946,43.35501628940601,29.397367999045677,0.06796064304532494,0.5884724985214258,0.6564331415667509,0,TATAMOTORS
2024-06-06,940.0,946.0,931.2,938.25,11792640,0.008925211032851266,0.015477027977704338,0.03214563939141548,12018424.2,949.7625,979.7370000000001,0,-0.11824323525383583,45.56648137121523,28.44398457054241,0.05851318944844122,0.5921129762856381,0.6506261657340795,1,TATAMOTORS
2024-06-07,940.0,973.0,935.25,970.5,15577866,0.03437250199840136,0.051462621885157045,0.034697334876085284,12617152.0,945.9549999999999,979.551,1,0.8079469984649802,53.21022174032182,29.108699958360805,0.02333848531684696,0.605667181865018,0.629005667181865,0,TATAMOTORS
2024-06-10,977.0,984.9,969.1,975.15,9258931,0.0047913446676970395,0.025987690041559208,0.03300508291951101,12851389.6,946.725,979.33,1,-0.11708860018426759,54.20868154111216,28.1580785327636,0.018458698661744346,0.6075475567861355,0.6260062554478799,0,TATAMOTORS
2024-06-11,973.8,992.55,966.65,987.1,14828702,0.012254524944880218,0.09204558026330356,0.012988576533103677,13672365.2,947.8474999999999,979.4990000000001,1,0.5135134936867407,56.76222120665287,27.996787208994768,0.006129064937696236,0.6122986526187824,0.6184277175564786,0,TATAMOTORS
2024-06-12,994.5,1010.25,987.0,988.7,17527993,0.0016209097355890378,0.06317543953976013,0.012932191772506348,14606762.6,949.9174999999999,979.4169999999999,1,-0.24946235486183224,57.10711192758101,27.657730979780858,0.004500859714776911,0.6129260645291797,0.6174269242439567,0,TATAMOTORS
2024-06-13,1002.0,1002.0,980.75,985.85,12157226,-0.002882573075756012,0.05073274713562492,0.014683296274805073,14805394.0,952.3900000000001,979.289,1,-0.7599999642352947,56.24646908769598,27.200035909796508,0.007404777603083587,0.6118070700410814,0.6192118476441649,1,TATAMOTORS
2024-06-14,990.0,997.25,981.4,993.4,11591421,0.0076583658771618435,0.02359608449252959,0.005762088843645802,14535625.9,954.775,979.064,1,0.2145110274756432,58.050111139771055,26.389319059096756,0.0,0.6147573988322932,0.6147573988322932,0,TATAMOTORS
2024-06-18,1000.0,1003.55,984.0,985.9,9845075,-0.007549828870545561,0.011023945034097427,0.007939021211556502,14288700.5,956.3725000000001,978.599,1,-0.7212275845919423,55.59824192856311,25.900796269161273,0.007353686986509788,0.6118267572776144,0.6191804442641242,0,TATAMOTORS
2024-06-19,990.0,994.9,975.15,977.35,7605719,-0.00867227913581492,-0.009877418701246032,0.006754401651386523,12393812.6,957.675,977.914,1,-0.6405062966832243,52.8573664799678,25.461453678506896,0.016166163605668343,0.6084309612728297,0.6245971248784981,1,TATAMOTORS
2024-06-20,980.0,988.4,976.35,978.25,7299571,0.0009208574205761266,-0.010569434611105488,0.00666819058861652,11748514.4,959.2125,977.337,1,-0.14522820371550232,53.11935538180922,24.503492701470687,0.015231280347559394,0.6087912087912087,0.6240224891387682,0,TATAMOTORS
2024-06-21,979.0,980.9,958.1,961.8,14303735,-0.01681574239713779,-0.02439519196632356,0.00941848172569097,11999623.9,959.1849999999998,976.3090000000001,1,-0.7543859318251819,47.881593766288574,24.381814651365634,0.03259513412351843,0.6021002287377832,0.6346953628613018,0,TATAMOTORS
2024-06-24,960.9,963.5,950.05,958.05,6655577,-0.0038989394884590967,-0.035584860076504965,0.006549766463737367,11107395.0,959.0600000000001,975.3,0,-0.2118958950263285,46.74991337262751,23.600970747696664,0.03663691874119308,0.6005427691665362,0.6371796879077293,0,TATAMOTORS
2024-06-25,960.0,962.85,949.3,955.0,7304128,-0.003183549919106521,-0.03134192108733136,0.0067790523268569,10911914.7,958.885,974.13,0,-0.36900366280415586,45.801734286308125,22.883044265718336,0.03994764397905757,0.5992670157068062,0.6392146596858639,0,TATAMOTORS
2024-06-26,956.0,962.5,950.1,951.85,6908988,-0.003298429319371743,-0.026090960249654627,0.006740733526478626,10119943.3,959.1,972.797,0,-0.3346773923647252,44.79132149590274,22.134255389595598,0.04338918947313122,0.597940852025004,0.6413300414981352,0,TATAMOTORS
2024-06-27,952.5,974.85,948.05,972.1,19385412,0.02127436045595421,-0.006286736519294678,0.013825422519158763,10305685.2,960.525,972.263,1,0.731343256293161,52.106028294906096,22.467522861767346,0.021654150807530043,0.6063162226108426,0.6279703734183726,1,TATAMOTORS
2024-06-28,975.0,998.5,972.55,989.75,23025267,0.01815656825429479,0.029060095653982154,0.012744558866175435,11392489.3,963.8149999999999,972.2020000000001,1,0.5684007488092186,57.40349139486224,22.748414085926818,0.003435210911846403,0.6133367011871684,0.6167719120990149,0,TATAMOTORS
2024-07-01,989.75,1005.5,985.2,1002.05,14006105,0.012427380651679698,0.04592662178383167,0.011682374891394643,11633957.7,967.7675000000002,972.8159999999999,1,0.6059113002014128,60.66841913982822,22.573527365503473,-0.008632303777256602,0.6180829299935132,0.6094506262162568,0,TATAMOTORS
2024-07-02,1004.05,1005.0,979.1,981.3,12284132,-0.020707549523476865,0.02753926701570686,0.017473057500175873,11877863.4,969.3100000000001,973.178,1,-0.8783783444641573,53.25291578841791,22.811132553681794,0.012075817792723962,0.6100071333944767,0.6220829511872007,0,TATAMOTORS
2024-07-03,984.95,987.35,973.5,975.65,7346258,-0.005757668399062443,0.025003939696380595,0.017816359810125765,11851917.3,972.8974999999998,973.22,1,-0.6714800959220186,51.41026585066958,22.17105165699024,0.01793676010864552,0.607748680366935,0.6256854404755804,1,TATAMOTORS
2024-07-04,984.0,1004.0,979.6,998.2,12139832,0.023112796597140495,0.026849089599835452,0.018247905776841124,12335943.4,976.3100000000001,973.449,1,0.5819671892636422,57.70113864292355,22.612405110062365,-0.0048086555800441475,0.6166098978160689,0.6118012422360248,0,TATAMOTORS
2024-07-05,1005.0,1006.6,989.95,993.65,9050375,-0.004558204768583485,0.003940388987117904,0.01708282416221621,11810607.4,979.0800000000002,973.489,1,-0.6816816407398436,56.122251812167995,22.186519030772192,-0.0002515976450460424,0.6148543249635184,0.6146027273184723,1,TATAMOTORS
2024-07-08,1005.0,1016.6,996.2,1002.6,13312085,0.009007195692648295,0.0005488748066464488,0.01656669121447206,12476258.2,980.6850000000001,973.5160000000001,1,-0.11764705305651602,58.52626104260264,22.241053385717038,-0.009176142030720173,0.6182924396568922,0.609116297626172,0,TATAMOTORS
2024-07-09,1000.95,1017.0,998.1,1014.95,10948094,0.01231797326949935,0.03429124630592084,0.012125674667041304,12840654.8,982.675,973.825,1,0.7407407015481119,61.64874346839798,22.002406715308673,0.0034977092467608794,0.6229370904970688,0.6264347997438297,0,TATAMOTORS
2024-07-10,1015.0,1019.85,986.05,1005.5,13412206,-0.009310803487856623,0.030594987956746866,0.013111440314089388,13490976.6,983.595,973.9229999999999,1,-0.28106508044186096,58.04744234861214,22.84509194992949,-0.012033814022874215,0.6193933366484335,0.6073595226255595,0,TATAMOTORS
2024-07-11,1008.0,1025.5,1007.05,1020.8,11983571,0.015216310293386437,0.022640753356040877,0.01082887624270473,12750792.5,985.2,974.181,1,0.6937669000668305,61.925495626610555,22.641871096363097,-0.0022531347962382,0.6250979623824451,0.6228448275862069,0,TATAMOTORS
2024-07-12,1023.85,1025.9,1015.0,1016.75,7339644,-0.003967476489028177,0.02324762240225442,0.010707413107320035,11182230.2,986.7449999999999,973.96,1,-0.6513760870297135,60.335569234218156,21.803166018051453,0.0017211703958691911,0.6236046225719203,0.6253257929677895,1,TATAMOTORS
2024-07-15,1021.35,1029.8,1017.3,1024.45,5847333,0.0075731497418245475,0.021793337322960404,0.010580060322410231,10366353.0,988.2975,974.1809999999999,1,0.2479999801600034,62.316542678232054,21.177939873904915,-0.005807994533652248,0.6264336961296305,0.6206257015959783,0,TATAMOTORS
2024-07-16,1025.5,1029.6,1019.2,1021.15,4824555,-0.0032212406657231574,0.006108675304202116,0.009922000190878645,9620395.3,990.0600000000001,974.28,1,-0.41826919055104705,60.9124638449947,20.40808702576884,-0.002595113352592643,0.625226460363316,0.6226313470107232,0,TATAMOTORS
2024-07-18,1022.95,1027.0,1008.0,1024.55,8010324,0.0033295793957792696,0.018945798110392875,0.007975284254033984,9686801.9,992.4200000000001,975.0,1,0.08421052188365195,61.86581365987018,20.307509381071068,-0.005905031477233863,0.626470157630179,0.6205651261529451,0,TATAMOTORS
2024-07-19,1024.0,1024.0,986.65,990.0,7400178,-0.033722121907178715,-0.030172413793103425,0.016214500691965006,9212836.5,993.0075,974.558,0,-0.9103078738873389,48.83198074470425,21.564115853851707,0.003181818181818159,0.6134343434343434,0.6166161616161616,0,TATAMOTORS
2024-07-22,990.0,1008.0,976.55,1003.15,7396198,0.01328282828282834,-0.013375952790754875,0.018438260506643937,9047418.8,995.075,974.015,1,0.4181239930644186,52.89932503092353,22.270250435719447,-0.009719383940587151,0.6185017195833126,0.6087823356427254,0,TATAMOTORS
2024-07-23,1007.9,1008.65,967.2,1001.8,10384177,-0.0013457608533120613,-0.02210942456928111,0.017627482765888915,8754628.0,997.2625,973.118,1,-0.1471652557981852,52.43847977434974,23.640232547453767,-0.0083849071670992,0.6179876222798961,0.6096027151127971,1,TATAMOTORS
2024-07-24,997.8,1034.25,995.15,1027.7,11469098,0.025853463765222795,0.006414336777162966,0.02227087641791834,8806728.4,1000.8974999999998,974.4770000000001,1,0.7647058627952484,59.69338859095908,24.74450165120707,-0.008952028802179669,0.6276150627615062,0.6186630339593265,1,TATAMOTORS
2024-07-25,1029.0,1094.0,1024.35,1090.95,32766835,0.061545198014984814,0.06480894051046815,0.035037872367271766,10742191.3,1007.8525,977.003,1,0.889447223410664,71.23347540493434,27.95203724754943,0.0067830789678719125,0.6492048214858609,0.6559879004537328,0,TATAMOTORS
2024-07-26,1111.95,1120.5,1083.6,1118.3,21232845,0.02506989321233788,0.1295959595959595,0.023278774422543776,11667118.7,1015.1625,980.423,1,0.17208671620360916,74.61760420297242,28.59117744415305,0.0029956183492802794,0.6577841366359652,0.6607797549852455,0,TATAMOTORS
2024-07-29,1124.0,1139.9,1118.6,1124.0,11850624,0.005097022265939444,0.12047051786871354,0.024551446475945125,12118216.7,1021.875,984.175,1,0.0,75.27054856847934,28.091807626713557,-0.002090747330960773,0.6595195729537366,0.6574288256227758,0,TATAMOTORS
2024-07-30,1125.8,1179.0,1118.6,1161.85,28592304,0.03367437722419919,0.15976242763026538,0.020432517490960936,14392713.8,1029.865,988.498,1,0.5968542947540664,79.11290254130274,30.39953565337688,0.0,0.6706115247235013,0.6706115247235013,0,TATAMOTORS
2024-07-31,1164.0,1167.9,1145.3,1156.65,10860623,-0.004475620777208644,0.12547436022185465,0.025847619567372748,14996320.6,1038.6325000000002,992.5520000000001,1,-0.32522122454772745,77.33510736032218,29.84242596384997,0.004495742013573525,0.6691306791164138,0.6736264211299873,0,TATAMOTORS
2024-08-01,1167.0,1176.0,1136.5,1144.4,14375948,-0.010590930705053347,0.04899399605848109,0.019005570113890487,15632883.0,1047.0700000000002,996.414,1,-0.5721518842493171,73.16401901428306,30.53225268071783,0.015248164977280512,0.6655889549108703,0.6808371198881509,0,TATAMOTORS
2024-08-02,1120.0,1120.0,1090.05,1096.65,21967812,-0.04172492135616912,-0.01935974246624328,0.027240442201994022,17089646.4,1051.9925,999.3969999999999,1,-0.7796326951708573,59.65708710600096,32.23352034638085,0.0015501755345824265,0.6510281311266128,0.6525783066611953,0,TATAMOTORS
2024-08-05,1059.95,1065.0,1014.05,1016.45,26651144,-0.07313181051383766,-0.09568505338078293,0.04031942168799874,19015141.0,1053.1325000000002,1000.479,0,-0.8537781971780524,44.7230752657174,35.83112603592509,0.00201682325741547,0.6234935314083329,0.6255103546657483,0,TATAMOTORS
2024-08-06,1030.0,1060.65,1008.4,1013.75,16726393,-0.0026563038024497443,-0.12746912252011866,0.03046726246981653,19649362.6,1053.69,1001.543,0,-0.31100477873675,44.32082497920036,37.00390274764474,0.00468557336621455,0.6224907521578298,0.6271763255240443,1,TATAMOTORS
2024-08-07,1036.05,1040.2,1015.05,1025.3,9978703,0.01139334155363736,-0.11356071413132762,0.033963174088645624,19500323.1,1054.2075,1002.8789999999999,0,-0.4274353706785125,46.53610289884968,36.2500525513844,-0.006632205208231693,0.6267433921778991,0.6201111869696674,1,TATAMOTORS
2024-08-08,1034.95,1056.4,1027.0,1041.75,19529790,0.016044084658148883,-0.08969765816148212,0.03827788043189798,18176618.6,1056.02,1004.763,0,0.2312925091397083,49.61106126474513,35.88219165485695,-0.0023518118550516394,0.6326373890088792,0.6302855771538276,1,TATAMOTORS
2024-08-09,1055.0,1082.95,1052.05,1068.1,15443008,0.025293976481881364,-0.026033830301372518,0.039610609056459536,17597634.9,1058.385,1007.2529999999999,1,0.42394820634471403,54.159166775619575,36.26203510808146,-0.02008238928939221,0.6417002153356427,0.6216178260462505,0,TATAMOTORS
2024-08-12,1065.0,1079.9,1055.0,1076.15,11311050,0.007536747495552998,0.05873382852083231,0.010332469143744447,17543677.5,1061.355,1010.297,1,0.4477911466750564,55.48118919085013,35.45046117178994,0.020629094457092243,0.6443804302374204,0.6650095246945127,0,TATAMOTORS
2024-08-13,1074.85,1075.5,1048.2,1053.45,7508231,-0.021093713701621608,0.0391615289765721,0.01747731498439609,15435270.2,1062.805,1012.9060000000001,0,-0.7838827551691261,51.01347025375294,34.914713945233515,-0.006454981252076467,0.6367174521809293,0.6302624709288528,0,TATAMOTORS
2024-08-14,1057.0,1067.05,1047.0,1062.35,8211830,0.008448431344629359,0.03613576514190964,0.01737674808927308,15170390.9,1064.865,1015.1440000000001,0,0.2668329043973574,52.624281758357654,33.85294866343112,-0.014778556972748925,0.6397609074222242,0.6249823504494754,1,TATAMOTORS
2024-08-16,1072.0,1099.95,1070.0,1098.35,11435650,0.033887137007577506,0.05433165346772251,0.02107414210390458,14876361.1,1068.5549999999998,1019.033,1,0.8797996367345653,58.560139812781316,34.120595187471764,0.0,0.6515682614831337,0.6515682614831337,0,TATAMOTORS
2024-08-19,1105.9,1107.0,1085.0,1087.7,6911441,-0.009696362725906904,0.018350341728302633,0.02087255641474654,13370724.0,1073.44,1022.1879999999999,1,-0.8272726896694252,56.31231295497726,33.254838388366636,0.009791302748919614,0.6481566608439827,0.6579479635929023,0,TATAMOTORS
2024-08-20,1097.0,1098.05,1082.05,1086.9,5625723,-0.0007354969201066597,0.009989313757375884,0.020831754678334844,11268181.9,1077.6275,1025.1609999999998,1,-0.6312499605468718,56.13799476437554,32.02234993205473,0.01053454779648525,0.6478976906799153,0.6584322384764006,0,TATAMOTORS
2024-08-21,1089.0,1095.3,1083.3,1085.2,4869876,-0.0015640813322292946,0.030139066875504383,0.0168272264883635,10082530.2,1081.7975000000001,1027.455,1,-0.3166666402777762,55.74310658856313,30.592182079765106,0.012117582012532126,0.6473461113158865,0.6594636933284186,0,TATAMOTORS
2024-08-22,1090.0,1094.75,1064.95,1068.45,9377476,-0.015434942867674106,0.005741987104061819,0.019204463225816034,10022407.5,1083.8349999999998,1029.3210000000001,0,-0.7231543381491828,51.87145525229085,30.535597645496164,-0.020403388085544438,0.6418175862230333,0.6214141981374889,1,TATAMOTORS
2024-08-23,1073.0,1092.6,1071.0,1085.15,10179655,0.01563011839580697,-0.012018027040560653,0.011744075161536593,9087394.0,1083.545,1031.282,1,0.5624999739583411,55.211540416126255,30.079483527960715,0.012164216928535056,0.647329862231028,0.659494079159563,0,TATAMOTORS
2024-08-26,1089.0,1103.35,1082.85,1092.4,9415039,0.006681103994839344,0.0043210444056265285,0.011467053677976296,8484597.1,1082.25,1033.356,1,0.16585365044616782,56.61907739385066,29.39523470453495,0.005446722812156552,0.6496704503844746,0.6551171731966311,0,TATAMOTORS
2024-08-27,1093.05,1096.65,1075.0,1077.25,8813305,-0.013868546320029429,-0.008878461680007388,0.01329770583378852,8234822.6,1079.9125,1035.1840000000002,0,-0.7297921140973568,52.879356761035176,28.84200365421103,0.01958691111626819,0.6447435599907171,0.6643304711069853,0,TATAMOTORS
2024-08-28,1082.95,1088.7,1070.1,1074.55,8145376,-0.00250638199118125,-0.009813859196461605,0.01330177502197762,8298537.1,1075.5475000000001,1036.807,0,-0.4516128789455457,52.21740329880146,28.110431964624535,0.02214880647712992,0.6438509143362338,0.6659997208133637,0,TATAMOTORS
2024-08-29,1079.05,1142.0,1066.0,1121.65,40658159,0.04383230189381604,0.0497917544105948,0.02187146736992176,11543170.0,1073.7975000000001,1039.522,1,0.5605263084141293,61.314983742195636,31.531115395722782,0.0,0.6588062229750813,0.6588062229750813,0,TATAMOTORS
2024-08-30,1113.95,1115.0,1097.45,1111.35,17647545,-0.009182900191682108,0.024144127539971194,0.023045042064487833,12164359.5,1072.145,1042.202,1,-0.14814813970666685,58.683659618044075,31.007464296028303,0.009268007378413805,0.6556440365321455,0.6649120439105594,0,TATAMOTORS
2024-09-02,1105.0,1105.0,1087.35,1092.65,8116675,-0.016826382327799316,0.00022885389967042258,0.02493452737497449,12284882.9,1071.945,1044.49,1,-0.6997166742370068,54.14087578246576,30.506931132026278,0.00521667505605621,0.6497506063240744,0.6549672813801307,0,TATAMOTORS
2024-09-03,1097.6,1100.0,1082.2,1085.1,5088731,-0.006909806433899379,0.007287073566952795,0.02412786719646039,12231183.7,1075.3775,1046.956,1,-0.7022471515591505,52.37791317003171,29.599293194024398,0.012210856142291034,0.6473136116486959,0.659524467790987,0,TATAMOTORS
2024-09-04,1079.0,1085.0,1072.1,1080.45,4665908,-0.004285319325407655,0.0054906705132382605,0.024218005075782742,12210786.9,1078.7125,1049.404,1,0.11240309206177855,51.270583915203765,28.413629394451227,0.016567171086121397,0.6457957332592901,0.6623629043454115,0,TATAMOTORS
2024-09-05,1081.0,1085.85,1066.95,1069.15,7900593,-0.010458605210791783,-0.04680604466633975,0.004706167145883295,12063098.6,1080.905,1051.6870000000001,0,-0.6269840938103651,48.58264196778946,27.734084437704702,-0.02104475517934808,0.6420520974605995,0.6210073422812514,0,TATAMOTORS
2024-09-06,1068.8,1072.95,1040.5,1049.35,8717377,-0.018519384557826424,-0.05578800557880059,0.006160316654013433,11916870.8,1081.285,1053.6370000000002,0,-0.5993836487092873,44.20908692485931,28.070935549297225,-0.0025730213941962342,0.6352980416448277,0.6327250202506315,0,TATAMOTORS
2024-09-09,1049.35,1049.95,1026.25,1038.7,7206054,-0.010149139943774643,-0.04937537180249851,0.005361869461229223,11695972.3,1079.815,1054.969,0,-0.44936706964695244,42.018007966592165,27.758725867204568,0.0005776451333396641,0.6315586791181284,0.632136324251468,0,TATAMOTORS
2024-09-10,1049.0,1049.0,1032.2,1035.8,6919238,-0.0027919514778088628,-0.04543360058980739,0.006215800397534688,11506565.6,1077.7975000000001,1055.89,0,-0.7857142389455858,41.41607450069686,26.97595973383281,0.003379030700907511,0.6305271287893415,0.633906159490249,0,TATAMOTORS
2024-09-11,1000.0,1011.55,971.25,976.3,36140411,-0.057443521915427675,-0.09639502059327143,0.021727418696611638,14306069.1,1073.94,1055.375,0,-0.5880893154320287,31.45848035267595,29.65981975284475,0.01725903922974498,0.608009833043122,0.625268872272867,0,TATAMOTORS
2024-09-12,976.3,988.0,958.0,986.15,25675836,0.010089111953293095,-0.07763176355048418,0.025558554242718766,12807836.8,1070.1299999999999,1055.472,0,0.32833332238889,34.27566701459591,29.68411834192727,0.007098311615879938,0.6119251635146784,0.6190234751305583,0,TATAMOTORS
2024-09-13,994.9,1006.0,988.0,992.1,13203676,0.006033564873497932,-0.054557583265831155,0.02720239318066492,12363449.9,1064.8175,1055.801,0,-0.1555555469135782,35.98723402263725,28.981681317503895,0.001058361052313229,0.6142525955044855,0.6153109565567988,0,TATAMOTORS
2024-09-16,997.0,999.9,984.5,988.4,5836274,-0.003729462755770685,-0.04842591701164922,0.027394706720584253,12135409.8,1059.8525,1055.605,0,-0.5584415221791242,35.370387698459126,28.011561223396473,0.004805746661270741,0.6128085795224606,0.6176143261837314,0,TATAMOTORS
2024-09-17,995.0,995.0,960.0,974.95,44516613,-0.013607851072440225,-0.0587468623286348,0.027151790350226343,16078198.0,1054.2549999999999,1055.231,0,-0.5728571264897951,33.14621886735462,28.510735421725297,0.018667623980716887,0.6074670495922867,0.6261346735730038,0,TATAMOTORS
2024-09-18,978.2,983.7,957.15,962.05,12044431,-0.013231447766552273,-0.014595923384205678,0.010846772853244218,16816050.3,1048.0974999999999,1054.42,0,-0.6082862294430817,31.12466759192624,28.370682891602065,0.03232680214126087,0.6022036276700794,0.6345304298113404,0,TATAMOTORS
2024-09-19,970.4,978.95,956.35,967.0,13466770,0.005145262720232857,-0.01941895249201442,0.009511012547114107,17372668.0,1043.025,1053.461,0,-0.15044247121935853,32.81785414666962,27.958491256487633,0.027042399172699044,0.6042399172699069,0.631282316442606,0,TATAMOTORS
2024-09-20,967.0,977.5,949.2,970.85,16764981,0.003981385729058928,-0.021419211773006763,0.009007303020473619,18177428.4,1037.31,1052.768,0,0.13604239801970427,34.17330375440922,27.982884738167083,0.022969562754287434,0.6058093423288872,0.6287789050831746,0,TATAMOTORS
2024-09-23,973.5,979.2,966.05,971.8,10254297,0.000978523973837353,-0.016794819910967207,0.00932096150323891,18482252.7,1031.28,1051.788,0,-0.12927755670893362,34.52434401005239,26.923392971155156,0.021969541057830853,0.6061946902654867,0.6281642313233177,0,TATAMOTORS
2024-09-24,974.0,985.0,972.6,977.3,12755422,0.0056596007408931115,0.002410380019488123,0.007891473452128246,19065871.1,1026.2824999999998,1050.999,0,0.26612901079604434,36.63129044185756,25.943150616072646,0.016218152051570678,0.6084109280671236,0.6246290801186944,0,TATAMOTORS
2024-09-25,982.4,982.5,959.25,963.6,12959075,-0.014018213445206151,0.001611142871992266,0.008234287530238301,16747737.5,1020.735,1049.7820000000002,0,-0.8086021157590468,33.72050455174639,25.7507827149246,0.030666251556662468,0.6028435035284351,0.6335097550850975,1,TATAMOTORS
2024-09-26,970.8,994.95,965.6,993.15,21640021,0.03066625155666247,0.027042399172699128,0.01610175047880339,16344156.0,1014.3100000000001,1049.222,0,0.7614991222657882,44.048004958346446,26.150726806715703,0.0,0.6146604239037406,0.6146604239037406,0,TATAMOTORS
2024-09-27,996.0,1000.4,989.15,993.0,10360030,-0.00015103458692034,0.022815058968944646,0.016301026518003,16059791.4,1008.3924999999999,1048.591,0,-0.2666666429629651,44.01051707193832,25.086389177664582,0.00015105740181266592,0.6146022155085599,0.6147532729103726,0,TATAMOTORS
2024-09-30,993.0,996.95,971.8,974.65,12225895,-0.018479355488418947,0.002932702202099291,0.019414977029849845,16698753.5,1002.4925000000001,1048.2839999999999,0,-0.7296222373907642,39.57343047687226,25.090932807831404,0.018981172728671832,0.6073462268506644,0.6263273995793363,0,TATAMOTORS
2024-10-01,976.9,984.5,958.9,965.2,10085203,-0.00969578823167283,-0.01238104983116739,0.019654332863224513,13255612.5,996.4975000000001,1047.525,0,-0.4570312321472144,37.47788572714405,25.12729475012916,0.028957728968089444,0.6035018648984666,0.6324595938665561,0,TATAMOTORS
2024-10-03,939.0,950.15,925.0,925.7,24418517,-0.04092416079569006,-0.03933167289331674,0.02623441089086604,14493021.1,988.7599999999999,1046.003,0,-0.5288270167464393,30.263996238299086,26.203916553691364,0.07286377876201786,0.586583126282813,0.6594469050448309,0,TATAMOTORS
2024-10-04,930.0,949.2,920.0,930.75,19187758,0.005455331100788552,-0.06283038815888842,0.018207860014325783,15065119.9,981.8399999999999,1044.0639999999999,0,0.02568493062722836,32.06440352123752,26.417922514141985,0.06704270749395647,0.5888262154176739,0.6558689229116305,0,TATAMOTORS
2024-10-07,942.0,944.45,915.0,927.85,11772546,-0.003115766854687063,-0.06560926485397778,0.017736811169635762,14565876.4,975.765,1040.802,0,-0.48047536568844107,31.560498298841594,26.63449947741756,0.07037775502505787,0.5875410896157784,0.6579188446408364,0,TATAMOTORS
2024-10-08,916.0,924.8,893.85,919.8,21177886,-0.008675971331573051,-0.05627661211717028,0.01756937011529451,15658235.3,969.82,1036.8319999999999,0,0.12277867131571216,30.144333030674133,27.16060665760202,0.07974559686888456,0.5839312894107413,0.6636768862796261,0,TATAMOTORS
2024-10-09,926.8,948.45,925.5,939.15,11557737,0.021037181996086174,-0.0269892250310817,0.022883170064321903,15538466.8,964.9875,1033.135,0,0.5381263382080026,37.41403808889726,27.266991896344738,0.057498802108289414,0.5925038598732897,0.6500026619815792,0,TATAMOTORS
2024-10-10,933.75,943.6,912.35,928.5,13249851,-0.011340041526912592,0.003024738036080832,0.013073272175048318,15567544.4,962.5975000000001,1028.468,0,-0.16799999462400017,35.24029598738956,27.55149247517726,0.06962843295638124,0.5878298330640818,0.6574582660204632,0,TATAMOTORS
2024-10-11,932.0,937.0,928.5,930.7,4459529,0.002369413031771739,-5.3720118184164e-05,0.012862144681499444,13849495.2,959.825,1023.949,0,-0.15294115847750542,36.066635931117226,26.19067158409317,0.06710003223380244,0.5888041259267218,0.6559041581605244,0,TATAMOTORS
2024-10-14,930.0,940.0,925.35,928.25,5740649,-0.002632427205329413,0.0004311041655440384,0.012834142725864342,13387557.1,956.6324999999999,1019.6260000000001,0,-0.11945391676082498,35.52302039108605,25.366337899515084,0.06991650956100186,0.587718825747374,0.657635335308376,0,TATAMOTORS
2024-10-15,932.95,935.35,913.0,917.3,9058919,-0.011796391058443323,-0.0027179821700369367,0.013432629510978403,13070859.5,953.0775000000001,1016.0390000000001,0,-0.7002236823166171,33.12024855505406,25.150885192406864,0.08268832443039358,0.5827973400196227,0.6654856644500164,0,TATAMOTORS
2024-10-16,917.05,923.0,900.0,907.45,10298258,-0.010738035539082036,-0.03375392642282904,0.006374304719961861,13092165.0,949.7025,1013.8589999999999,0,-0.4173912862003749,31.083491461997852,24.997250535806376,0.09444046503939603,0.5782687751391261,0.6727092401785223,0,TATAMOTORS
2024-10-17,914.95,914.95,890.05,891.6,13864583,-0.017466527081381966,-0.039741518578352175,0.007871565714465347,12036771.6,946.1800000000001,1011.4159999999999,0,-0.9377509663553804,28.090018157875747,24.99030406896307,0.11389636608344544,0.5707716464782414,0.6846680125616869,0,TATAMOTORS
2024-10-18,894.3,917.7,886.8,910.15,11527914,0.020805293853745965,-0.02208015472225211,0.015033601250007493,11270787.2,943.3375,1009.113,0,0.5129449672186087,35.87363657636358,25.412425206894284,0.09119375927044993,0.5795198593638412,0.6707136186342911,0,TATAMOTORS
2024-10-21,912.05,917.65,898.1,903.3,7390557,-0.0075262319397901845,-0.026878534877457616,0.015051846541036465,10832588.3,939.96,1006.344,0,-0.44757030958719746,34.393178829944205,24.993680549258976,0.09946861507804719,0.5763312299346839,0.6757998450127312,0,TATAMOTORS
2024-10-22,905.0,906.1,875.25,879.5,13617490,-0.02634783571349486,-0.0412078927286601,0.017772170534384964,10076548.7,935.345,1002.5720000000001,0,-0.8265802001108519,29.792713686323978,25.411989081454767,0.1292211483797612,0.5648664013644116,0.6940875497441729,0,TATAMOTORS
2024-10-23,879.0,885.6,863.3,877.65,10553771,-0.0021034678794770167,-0.03283927489117866,0.017889655995178128,9976152.1,930.3625,998.602,0,-0.06053811387721546,29.46281309641681,25.189704147065147,0.1316014356520253,0.5639491824759301,0.6955506181279554,0,TATAMOTORS
2024-10-24,875.25,890.0,875.25,880.0,7233484,0.0026776049678118863,-0.013010318528488107,0.01705933631851051,9374515.4,926.1824999999999,995.1329999999999,0,0.3220338764722796,30.515362865376247,24.44401099370335,0.12857954545454542,0.5651136363636364,0.6936931818181818,0,TATAMOTORS
2024-10-25,883.9,885.75,857.3,864.3,10873022,-0.017840909090909185,-0.05037631159698952,0.011807494447694031,10015864.7,919.74,991.172,0,-0.6889279195455913,27.55686791233869,24.730153065581685,0.14908018049288446,0.5572139303482587,0.7062941108411432,1,TATAMOTORS
2024-10-28,867.85,886.75,860.2,878.45,7106045,0.016371630220988198,-0.027510240230266714,0.016909279560291184,10152404.3,914.0125,986.7739999999999,0,0.39924668929391155,33.78752155082192,24.860142132325848,0.13057089191189017,0.5643462917639024,0.6949171836757926,0,TATAMOTORS
2024-10-29,880.25,882.5,825.7,842.75,26818871,-0.040639763219306735,-0.041785105173393955,0.021820192177208157,11928399.5,907.4174999999999,981.875,0,-0.6602112559821968,27.38745455423694,27.141560551445426,0.17846336398694745,0.5458914268762979,0.7243547908632454,0,TATAMOTORS
2024-10-30,846.0,853.6,838.05,840.2,12933218,-0.003025808365470173,-0.04267076852959606,0.021758447862644293,12191895.5,901.1674999999999,976.941,0,-0.37299032971122825,26.994127225485215,26.3135919406279,0.18203999047845743,0.5445132111402048,0.7265532016186622,0,TATAMOTORS
2024-10-31,843.85,843.85,831.85,834.05,11904413,-0.007319685789097918,-0.05221590909090912,0.020918629912171072,11995878.5,896.585,971.9179999999999,0,-0.8166665986111226,26.023423921405836,25.29119251629734,0.19075594988310057,0.5411546070379474,0.731910556921048,1,TATAMOTORS
2024-11-01,847.95,847.95,840.0,843.45,2900548,0.011270307535519608,-0.024123568205484114,0.022362869140179927,11133141.9,892.22,967.418,0,-0.5660376646493471,30.15746360709356,24.477535907990394,0.17748532811666362,0.54626830280396,0.7237536309206236,0,TATAMOTORS
2024-11-04,840.0,844.45,814.5,824.1,15514419,-0.022941490307665013,-0.061870339803062224,0.019890258809053398,11945528.1,887.0324999999999,962.197,0,-0.5308847902876515,26.83323251069494,24.868426200276797,0.20513287222424456,0.5356146098774421,0.7407474821016867,0,TATAMOTORS
2024-11-05,821.5,843.6,820.4,835.65,10215249,0.014015289406625442,-0.008424799762681734,0.014997408296933327,11605304.0,882.825,957.062,0,0.6099137668140596,31.674560723103568,24.74925290025703,0.1884760366182014,0.5420331478489798,0.7305091844671813,0,TATAMOTORS
2024-11-06,843.9,843.9,826.0,839.7,10579596,0.004846526655896799,-0.0005950964056177233,0.015221887501237378,11607886.5,877.8525,952.3109999999999,0,-0.23463685840017198,33.34016794544242,24.260020550238668,0.182743837084673,0.5442419911873289,0.7269858282720019,0,TATAMOTORS
2024-11-07,841.0,842.75,817.3,819.75,13237161,-0.023758485173276278,-0.017145255080630584,0.018593115942370435,12208254.2,872.415,947.215,0,-0.8349704976435939,29.52236220046609,24.34501908236448,0.2115279048490393,0.5331503507166819,0.7446782555657213,0,TATAMOTORS
2024-11-08,821.95,822.0,801.1,805.45,16072692,-0.01744434278743512,-0.04505305590135755,0.017355826450533608,12728221.2,866.1525000000001,940.8910000000001,0,-0.7894736464366685,27.124695882505478,24.098946290767014,0.2330374324911539,0.5248618784530387,0.7578993109441927,0,TATAMOTORS
2024-11-11,801.0,831.45,792.0,804.7,27587619,-0.0009311564963684349,-0.023540832423249558,0.01566234464293197,14776378.6,859.975,934.758,0,0.09378960472016316,27.000837676431914,25.1954501271408,0.23418665341120906,0.5244190381508638,0.7586056915620728,0,TATAMOTORS
2024-11-12,806.0,813.1,783.05,784.85,16526921,-0.024667577979371247,-0.060791001017172164,0.013545577670551628,13747183.6,853.3525,928.602,0,-0.7038269316530116,23.89137730757747,25.542203689487888,0.2654010320443396,0.512390902720265,0.7777919347646047,0,TATAMOTORS
2024-11-13,787.0,792.65,775.55,786.25,14674022,0.0017837803401923313,-0.06365368584018105,0.012607999874704165,13921264.0,847.2924999999999,922.625,0,-0.04385964655791535,24.55132816131004,24.939189140238756,0.263147853736089,0.5132591414944356,0.7764069952305247,0,TATAMOTORS
2024-11-14,786.6,792.0,772.0,774.3,11740909,-0.015198728139904638,-0.055443732845379734,0.011295386687129186,13904913.6,841.4275,916.502,0,-0.6149999692500049,22.738857732095525,24.58638991593599,0.28264238667183267,0.5057471264367815,0.7883895131086144,0,TATAMOTORS
2024-11-18,778.0,781.75,759.2,771.9,17053446,-0.0030995738086012636,-0.04165373393755056,0.011162904587926896,15320203.4,834.515,910.557,0,-0.2705099658310452,22.381491929624275,24.44093349336913,0.2866303925378935,0.5042103899468843,0.7908407824847778,1,TATAMOTORS
2024-11-19,771.9,799.9,771.9,783.2,14012014,0.014639201969167015,-0.02671803156455821,0.015212504084081282,15169962.9,828.51,905.2339999999999,0,0.4035714141581662,28.110283268093255,24.69515252955705,0.26806690500510716,0.5113636363636364,0.7794305413687437,0,TATAMOTORS
2024-11-21,784.95,785.95,766.25,773.85,14194678,-0.011938202247190999,-0.014015416958654492,0.011858064734346335,15567905.8,823.2275,899.937,0,-0.5634517480481345,26.3756085357319,24.338355920302977,0.2833882535375072,0.5054597144149383,0.7888479679524456,1,TATAMOTORS
2024-11-22,775.0,794.0,775.0,791.0,14535112,0.022161917684305754,0.0060413354531001495,0.016431428439722253,15963457.4,818.8950000000001,895.0409999999999,0,0.8421052188365674,34.375039296586536,24.039187640281334,0.25556257901390644,0.5161820480404551,0.7717446270543616,0,TATAMOTORS
2024-11-25,808.05,810.2,793.65,796.6,15194167,0.0070796460176991705,0.028800206638254,0.013613620368725977,16159158.0,814.725,891.4470000000001,0,-0.6918428584989139,36.79011608705388,23.69353138026124,0.2467361285463218,0.5195832287220689,0.7663193572683907,0,TATAMOTORS
2024-11-26,797.15,801.8,780.15,783.0,10310838,-0.017072558373085633,0.014380101049358718,0.016921493209306776,15582972.6,810.6600000000001,887.3839999999999,0,-0.6535796464859281,33.5599913558284,23.547564853099722,0.2683908045977011,0.5112388250319285,0.7796296296296297,0,TATAMOTORS
2024-11-27,785.05,791.9,779.1,783.95,10014685,0.0012132822477650684,0.0009576098059245197,0.015623058941866169,13825679.2,805.9350000000001,883.221,0,-0.08593749328612654,33.995932854076386,22.77988164930688,0.2668537534281522,0.5118311116780407,0.7786848651061931,0,TATAMOTORS
2024-11-28,783.0,792.55,778.0,779.45,10939142,-0.005740162000127613,0.007236544549977353,0.014624340408366885,13266901.3,802.7700000000001,879.0419999999999,0,-0.24398623752671672,32.89489897878687,22.19203296007067,0.2741676823401115,0.5090127654115082,0.7831804477516198,0,TATAMOTORS
2024-11-29,779.5,789.4,777.05,786.45,10358590,0.00898069151324643,-0.005752212389380507,0.010612865349608586,12835358.1,800.0825,875.2720000000002,0,0.5627529908702058,36.348352209557746,21.48903060577991,0.2628266259774937,0.5133829232627631,0.7762095492402569,1,TATAMOTORS
2024-12-02,787.3,796.75,785.0,790.05,8425826,0.0045775319473582154,-0.008222445392919941,0.010180473406610768,12503849.8,797.8825,871.832,0,0.23404253327297592,38.11232292309193,20.793385562509915,0.25707233719384853,0.5156002784633884,0.772672615657237,1,TATAMOTORS
2024-12-03,795.0,806.0,790.0,801.25,9874135,0.01417631795455998,0.02330779054916987,0.007570947945326957,11785918.7,795.7725,868.5169999999999,1,0.390624975585939,43.37038305780757,20.451000879473494,0.23950078003120123,0.5223712948517941,0.7618720748829954,0,TATAMOTORS
2024-12-04,805.0,806.0,784.05,788.1,12392259,-0.016411856474258912,0.005293704955673162,0.01223356233662633,11623943.2,793.9725000000001,864.8620000000001,0,-0.7699316277935451,39.163195260303915,20.55807224522539,0.2601827179291967,0.5144017256693313,0.7745844435985282,0,TATAMOTORS
2024-12-05,793.0,797.5,781.0,792.55,12169428,0.00564649156198449,0.01680672268907557,0.011685631339255459,11421418.2,791.8175,861.2769999999999,1,-0.027272725619837564,41.240479032177205,20.268209941995003,0.2531070594915148,0.5171282568923096,0.7702353163838245,0,TATAMOTORS
2024-12-06,793.0,818.85,785.3,816.8,19716910,0.03059743864740394,0.038591137389535124,0.01704099645388983,11939598.0,790.6724999999999,858.0670000000001,1,0.7093889505398199,51.04944951674785,21.216909231852508,0.21590352595494616,0.5314642507345739,0.7473677766895201,0,TATAMOTORS
2024-12-09,816.8,820.35,797.0,798.75,15573233,-0.02209843290891278,0.011011961268274195,0.021785169587470687,11977504.6,789.6225,854.77,1,-0.7730192388428564,45.02461239352619,21.369272858148758,0.2433802816901408,0.5208763693270736,0.7642566510172144,1,TATAMOTORS
2024-12-10,804.8,810.45,797.45,799.9,13113082,0.0014397496087636963,-0.0016848673946958659,0.020782878235244207,12257729.0,789.345,850.905,1,-0.37692304792899456,45.466208522739336,20.771467653995273,0.24159269908738593,0.5215651956494561,0.7631578947368421,0,TATAMOTORS
2024-12-11,802.9,806.95,798.2,799.1,7763357,-0.0010001250156268515,0.013957619591422388,0.018821230224293578,12032596.2,789.0649999999999,847.0270000000002,1,-0.43428566465306173,45.19424109982285,19.91279139299561,0.24283569015142029,0.5210862219997497,0.7639219121511701,0,TATAMOTORS
2024-12-12,799.2,802.0,785.5,786.35,10602758,-0.0159554498811163,-0.007822850293356831,0.020447165741154627,11998957.8,789.14,843.2610000000001,0,-0.7787878315886176,40.986281634026646,19.669020579210212,0.2629872194315508,0.513321040249253,0.7763082596808037,0,TATAMOTORS
2024-12-13,789.0,792.5,775.0,790.3,14101869,0.005023208494944864,-0.03244368266405484,0.011819343957788876,12373285.7,789.3425,839.7629999999999,1,0.07428571004081397,42.76426346919634,19.514090537838054,0.25667468050107556,0.5157535113248134,0.772428191825889,0,TATAMOTORS
2024-12-16,791.4,793.95,783.0,784.8,10015361,-0.006959382512969792,-0.017464788732394432,0.008221932292378085,12532239.2,789.8675000000001,836.945,0,-0.6027396709826781,40.91578048512342,18.90236978513534,0.2654816513761468,0.5123598369011213,0.7778414882772682,0,TATAMOTORS
2024-12-17,785.5,796.35,778.0,779.75,10270253,-0.00643476044852187,-0.02519064883110389,0.007783989758236398,12571851.0,790.26,833.925,0,-0.3133514815612268,39.23866838195002,18.86291480048282,0.2736774607245912,0.509201667201026,0.7828791279256172,0,TATAMOTORS
2024-12-18,774.0,774.25,754.0,755.7,19085263,-0.0308432189804424,-0.054311099987485845,0.013343680922852725,13241151.4,788.885,830.4820000000001,0,-0.9037036590763602,32.422683791351744,19.35484945759119,0.3142119888844779,0.49358210930263335,0.8077940981871113,0,TATAMOTORS
2024-12-19,744.45,755.8,741.4,744.05,17119599,-0.015416170438004584,-0.05379284033827181,0.013296049987389534,13736168.5,787.395,826.967,0,-0.02777777584877193,29.728752284418505,19.000931639191815,0.3347893286741483,0.4856528459108931,0.8204421745850414,0,TATAMOTORS
2024-12-20,744.3,749.55,721.5,724.05,17962656,-0.02687991398427525,-0.08382892572440848,0.011221897376437735,13560743.1,784.0474999999999,822.665,0,-0.7219251079527602,25.7701387958452,19.647293664963826,0.37165941578620265,0.4714453421725019,0.8431047579587047,0,TATAMOTORS
2024-12-23,733.7,734.4,717.7,722.2,9653868,-0.0025550721635244633,-0.07976554536187552,0.012353013631654565,12968806.6,780.3275,818.539,0,-0.6886227132561277,25.432784116255434,19.43677268889498,0.37517308224868445,0.4700913874273055,0.84526446967599,1,TATAMOTORS
2024-12-24,723.5,745.3,722.5,736.1,12553555,0.019246746053724673,-0.05597948060275726,0.020317424146234445,12912853.9,777.9825,814.6469999999999,0,0.5526315547091444,32.57478762872461,19.69843178254533,0.3492052710229588,0.48009781279717434,0.8293030838201332,1,TATAMOTORS
2024-12-26,736.1,747.8,735.55,740.8,9343210,0.006385002037766485,-0.01971681884345655,0.018055780463892016,13070839.2,775.825,810.898,0,0.3836734380674689,34.847128265696796,19.16640094093495,0.34064524838012966,0.48339632829373647,0.8240415766738662,1,TATAMOTORS
2024-12-27,749.0,766.85,745.7,750.5,15835079,0.013093952483801408,0.008668772259928792,0.01798924519661062,13594071.3,774.3774999999999,807.562,0,0.07092198246231769,39.38730993372939,19.65808658801103,0.3233177881412391,0.4900732844770153,0.8133910726182546,0,TATAMOTORS
2024-12-30,753.9,754.9,730.7,733.65,17441198,-0.02245169886742171,0.013258752848560151,0.01624517194855566,13928004.2,771.7375,804.086,0,-0.8367768249265798,34.844849849543635,19.982508974581666,0.3537108975669597,0.4783616165746609,0.8320725141416208,1,TATAMOTORS
2024-12-31,733.65,743.4,732.75,740.15,7092699,0.008859810536359314,0.02485461091110497,0.016115911372885733,13635738.0,769.2425,801.057,0,0.6103285811898059,37.82375990246142,19.315901190682975,0.3418226035263122,0.48294264676079174,0.824765250287104,1,TATAMOTORS
2025-01-01,740.45,751.1,736.0,749.25,7792251,0.012294805107072815,0.017864420595027797,0.014831057036574218,13387937.8,766.6424999999999,797.8389999999999,0,0.5827814183588426,41.83331056809244,19.014765391348476,0.3255255255255255,0.4892225558892226,0.8147480814147482,1,TATAMOTORS
2025-01-02,759.3,767.35,749.35,765.05,15294572,0.02108775442108768,0.032734881209503186,0.01683450727404694,13008868.7,765.49,795.074,0,0.3194444266975318,48.09228965233773,18.94942500625216,0.298150447683158,0.4997712567806026,0.7979217044637607,0,TATAMOTORS
2025-01-03,768.0,800.6,761.45,790.4,24773025,0.03313508920985564,0.05316455696202538,0.020713145330519107,13774211.3,765.3824999999999,793.2919999999999,1,0.572158350647296,56.2301427215407,20.39232322009129,0.2565156882591093,0.5158147773279352,0.7723304655870447,0,TATAMOTORS
2025-01-06,797.7,797.7,765.3,776.25,16948151,-0.017902327935222617,0.058065835207524064,0.018921556488830205,13672760.8,763.355,791.2640000000001,1,-0.6620370166037953,51.38733499555703,21.250014418656203,0.27942028985507245,0.5069887278582931,0.7864090177133656,1,TATAMOTORS
2025-01-07,776.0,796.95,772.5,793.25,15547971,0.021900161030595777,0.07174221441599671,0.01936113064310408,14262171.1,763.08,789.5290000000001,1,0.7055214435369539,56.26118559519468,21.478584817323622,0.2520012606366215,0.517554364954302,0.7695556255909235,0,TATAMOTORS
2025-01-08,792.6,797.0,781.65,794.95,11861066,0.0021430822565395857,0.06099432766099433,0.020115752807101886,14192922.2,762.8325000000001,788.1419999999999,1,0.1530944525671379,56.72839382197498,21.040828758943366,0.24932385684634245,0.5185860745958866,0.7679099314422291,0,TATAMOTORS
2025-01-09,800.0,810.0,769.45,780.1,17948464,-0.01868042015221083,0.019671916868178707,0.023274233686625186,15053447.6,761.8824999999999,786.175,1,-0.490752145727444,51.54849062502065,22.434340990447406,0.27310601204973717,0.509421868991155,0.7825278810408922,0,TATAMOTORS
2025-01-10,780.05,787.95,766.8,774.65,11144005,-0.006986283809768068,-0.0199266194331984,0.01677958711194447,14584340.2,761.2975,784.813,1,-0.2553191368643412,49.75295203896283,22.3426023482726,0.28206286710127154,0.5059704382624411,0.7880333053637127,0,TATAMOTORS
2025-01-13,769.0,773.55,748.8,751.0,12230175,-0.030529916736590668,-0.0325281803542673,0.02004547326336304,14063237.9,759.3325000000001,783.029,0,-0.7272726978879718,42.7879727977506,22.593130751967415,0.3224367509986684,0.4904127829560586,0.8128495339547271,1,TATAMOTORS
2025-01-14,751.5,779.0,751.5,770.5,11377053,0.025965379494008012,-0.028679483138985162,0.021510734957720483,14491673.3,758.6175000000001,781.758,1,0.6909090657851249,49.11343490242594,22.979335698255458,0.2889682024659312,0.5033095392602206,0.792277741726152,0,TATAMOTORS
2025-01-15,771.0,785.0,756.05,763.6,10500910,-0.008955223880596996,-0.03943644254355627,0.02107796973336326,14762539.2,757.81,780.161,1,-0.2556131172499775,47.12787961290788,23.405811719808643,0.30061550550026184,0.498821372446307,0.7994368779465689,1,TATAMOTORS
2025-01-16,769.9,781.0,767.35,774.35,8680163,0.014078051335777886,-0.007370849891039644,0.02193859984997336,14101098.3,758.7425000000001,779.166,1,0.3260073021240111,50.486416278375486,22.976825168393738,0.2825595660876864,0.5057790404855685,0.788338606573255,0,TATAMOTORS
2025-01-17,773.9,785.5,772.25,779.75,7007239,0.006973590753535097,0.006583618408313452,0.021920021864699515,12324519.7,760.5274999999999,778.048,1,0.4415094006408017,52.13133579552926,22.2820519420799,0.2736774607245912,0.509201667201026,0.7828791279256172,0,TATAMOTORS
2025-01-20,780.0,783.0,767.0,774.35,9956101,-0.0069252965694132085,0.031091877496671083,0.014622609688761574,11625314.7,763.0425,776.7410000000001,1,-0.35312497792968744,50.330651695903484,21.83333394621705,0.2825595660876864,0.5057790404855685,0.788338606573255,0,TATAMOTORS
2025-01-21,775.0,786.65,758.4,760.75,11657178,-0.017563117453348043,-0.012654120700843596,0.012774281265159006,11236235.4,764.97,775.561,0,-0.5044247609053182,46.01934479383583,22.291667235772973,0.3054880052579691,0.49694380545514294,0.8024318107131121,0,TATAMOTORS
2025-01-22,764.15,765.45,731.0,742.75,12418474,-0.02366086099244169,-0.027304871660555285,0.01593914462519406,11291976.2,765.3025,774.307,0,-0.6211901125924482,41.012019343529175,23.16011957607491,0.3371255469538875,0.48475260854931,0.8218781555031976,0,TATAMOTORS
2025-01-23,742.75,759.7,739.8,752.5,7916689,0.01312689330191863,-0.028217214437915694,0.015651346036803692,10288798.7,765.8875,773.263,0,0.48994972412312715,44.532643393904905,22.927253892069565,0.3198006644518272,0.49142857142857144,0.8112292358803987,0,TATAMOTORS
2025-01-24,750.05,754.15,732.2,734.1,9513166,-0.024451827242524926,-0.058544405258095567,0.015644727923748502,10125714.8,765.0675,772.248,0,-0.7266514475329627,39.71525790508617,22.85745004263602,0.3528810788720882,0.4786813785587795,0.8315624574308678,0,TATAMOTORS
2025-01-27,732.95,732.95,709.3,713.05,14123990,-0.02867456749761621,-0.07916316910957588,0.016891467558531055,10315096.3,764.0375,770.7840000000001,0,-0.8414375965565504,35.04464807809069,22.996203611019165,0.39281957786971466,0.46329149428511324,0.856111072154828,0,TATAMOTORS
2025-01-28,716.5,740.85,707.5,728.25,16104653,0.02131687819928474,-0.042720999014130845,0.02370701115772381,10787856.3,763.4425,769.863,0,0.3523238275165267,40.487202016113294,23.73576049594637,0.3637487126673532,0.4744936491589427,0.838242361826296,0,TATAMOTORS
2025-01-29,731.5,755.0,726.55,752.5,12461404,0.033299004462753246,0.01312689330191863,0.02789687831456781,10983905.7,763.605,769.475,0,0.7381370566559897,47.97648637917034,24.07249188909306,0.3198006644518272,0.49142857142857144,0.8112292358803987,0,TATAMOTORS
2025-01-30,709.0,710.7,683.2,696.85,59390998,-0.07395348837209303,-0.07395348837209303,0.043018216609941325,16054989.2,760.1949999999999,767.748,0,-0.44181816575206584,36.59518331810354,27.303028182729268,0.42519911028198315,0.4508143789911746,0.8760134892731578,0,TATAMOTORS
2025-01-31,706.0,717.0,696.45,716.1,19157717,0.027624309392265234,-0.024519820187985264,0.046191318797904925,17270037.0,756.48,766.5930000000001,0,0.49148416099833986,41.74342303335482,26.82066902682003,0.3868873062421449,0.46557743331936885,0.8524647395615138,0,TATAMOTORS
2025-02-01,719.5,724.75,700.9,706.55,14087493,-0.013336126239352097,-0.00911577028258892,0.04463240648792736,17683176.2,752.995,764.9040000000001,0,-0.542976916437028,40.007864745698264,26.608478382047174,0.4056330054490129,0.4583539735333663,0.8639869789823793,0,TATAMOTORS
2025-02-03,700.0,700.0,686.0,687.45,17806760,-0.027032764843252344,-0.05602471678681764,0.0438160222029856,18298134.4,747.705,762.721,0,-0.8964285073979605,36.719620923862045,26.17572992618666,0.4446868863190049,0.4433049676340098,0.8879918539530147,1,TATAMOTORS
2025-02-04,696.3,713.35,693.75,710.55,16792005,0.033602443814095384,-0.0557475083056479,0.043892307625830726,18735487.5,743.4849999999999,761.2720000000002,0,0.7270407792326125,42.83867412771058,26.156034931459036,0.3977200759974668,0.4614031384139047,0.8591232144113716,0,TATAMOTORS
2025-02-05,711.0,725.45,710.7,717.05,12907325,0.009147843220040919,0.028987586998636683,0.026002230206100825,19234551.1,740.3325000000001,759.934,0,0.41016946371732144,44.465947739774606,25.352032436354826,0.38504985705320416,0.46628547521093366,0.8513353322641379,0,TATAMOTORS
2025-02-06,723.0,723.4,708.15,709.65,10016927,-0.010320061362526944,-0.009007121910347804,0.02353364128659855,19284927.2,737.0825,758.538,0,-0.8754097786616554,42.966299887330585,24.630458690900912,0.3994927076727965,0.46072007327555836,0.860212780948355,0,TATAMOTORS
2025-02-07,711.0,715.95,703.1,706.75,12259132,-0.004086521524695241,0.00028306560045288087,0.022729041187734993,19098441.4,734.87,756.944,0,-0.33073927387242946,42.363320191329386,23.788997355836564,0.40523523169437564,0.45850725150336047,0.8637424831977362,0,TATAMOTORS
2025-02-10,709.75,709.9,693.05,696.0,10981963,-0.015210470463388748,0.012437268164957382,0.019575958704980564,18586172.4,731.145,755.063,0,-0.8160236904436967,40.11588949075859,23.293354687562527,0.4269396551724138,0.45014367816091955,0.8770833333333334,0,TATAMOTORS
2025-02-11,696.0,697.0,675.1,677.75,11939990,-0.026221264367816133,-0.0461614242488213,0.013132016174832107,18534031.0,726.8525000000001,752.5930000000001,0,-0.8333332952815855,36.56899379259561,23.193829352736632,0.46536333456289186,0.43533751383253416,0.9007008483954261,0,TATAMOTORS
2025-02-12,680.0,687.55,667.05,684.35,12312424,0.009738104020656557,-0.04560351439927468,0.013340738086625446,13826173.6,722.3525000000001,750.5179999999999,0,0.21219511160023954,38.68051872461334,23.0014129703983,0.4512310951998246,0.4407832249579894,0.892014320157814,0,TATAMOTORS
2025-02-13,684.35,693.15,679.35,683.85,8490769,-0.0007306202966318454,-0.036355950116254476,0.013823620611439009,12759478.8,717.5575,748.3439999999999,0,-0.03623188143247248,38.57575286614829,22.344169186798418,0.45229216933538047,0.44037435110038753,0.8926665204357681,0,TATAMOTORS
2025-02-14,685.95,690.95,669.15,680.65,9968127,-0.004679388754843972,-0.03692960735762296,0.013791648320780147,12347542.2,712.8725000000001,745.6209999999999,0,-0.24311925490278882,37.868826801702234,22.305299959169965,0.4591199588628517,0.43774333357819734,0.8968632924410491,0,TATAMOTORS
2025-02-17,678.0,690.7,667.05,686.6,10313575,0.008741644016748706,-0.013505747126436707,0.014548536663891021,11598223.7,709.165,743.3779999999999,0,0.3636363482606191,40.0680517341519,22.401349962086403,0.44647538595980185,0.44261578794057677,0.8890911739003787,0,TATAMOTORS
2025-02-18,686.6,687.95,672.15,682.4,7810143,-0.006117098747451255,0.006860936923644312,0.007440237748191129,10700037.5,706.1475,741.028,0,-0.2658227679859025,39.018161476171336,21.929824964794523,0.45537807737397423,0.4391852286049238,0.8945633059788981,0,TATAMOTORS
2025-02-19,681.75,690.95,675.05,681.0,9986815,-0.002051582649472472,-0.004895155987433397,0.005826562238354474,10407986.5,702.5725,738.6659999999999,0,-0.04716980835409983,38.65457310041284,21.49912318159492,0.4583700440528634,0.4380323054331865,0.89640234948605,0,TATAMOTORS
2025-02-20,680.0,692.85,675.0,689.8,8673335,0.012922173274596105,0.008700738466037805,0.008534928094323734,10273627.3,700.3575,736.735,0,0.5490195770857347,42.29455561919161,21.238471525766716,0.43976514931864313,0.44520150768338645,0.8849666570020297,0,TATAMOTORS
2025-02-21,686.0,690.0,671.1,673.2,14577524,-0.024064946361263995,-0.010945419819290314,0.014506931579571315,10505466.5,698.365,734.3929999999999,0,-0.6772486414154142,37.74483494168916,21.071437845354808,0.47526737967914423,0.43152109328579924,0.9067884729649436,0,TATAMOTORS
2025-02-24,670.0,676.6,666.0,668.25,8861769,-0.007352941176470673,-0.026725895718030857,0.013224974846141099,10293447.1,695.365,732.062,0,-0.16509432404770494,36.48448741982134,20.32347799925804,0.4861952861952862,0.42731013842124954,0.9135054246165358,0,TATAMOTORS
2025-02-25,667.75,672.5,660.0,661.6,10251257,-0.009951365506920995,-0.030480656506447712,0.01339192792690508,10124573.8,690.8199999999999,729.699,0,-0.49199996064000134,34.80315891649272,19.764658142168177,0.5011336154776299,0.42155380894800487,0.9226874244256349,0,TATAMOTORS
2025-02-27,662.0,665.0,645.65,648.55,12281857,-0.019724909310761873,-0.04765051395007347,0.01435412454508636,10121517.1,688.405,727.556,0,-0.6950904033545026,31.714462452648334,19.73503970344188,0.5313391411610516,0.40991442448539045,0.9412535656464422,0,TATAMOTORS
2025-02-28,645.0,645.0,618.45,620.65,20477619,-0.043019042479377045,-0.10024644824586837,0.014177581261743285,11320202.1,683.6324999999999,725.0880000000001,0,-0.9171374419157297,26.33366908050995,20.47539401033888,0.6001772335454766,0.38338838314670104,0.9835656166921777,0,TATAMOTORS
2025-03-03,620.65,626.85,606.3,621.15,18362700,0.0008056070248931846,-0.07731729055258474,0.016863977314928665,12159659.4,679.3625,723.03,0,0.024330899059323566,26.57409912038858,20.480723009600393,0.5988891572084037,0.38388472993640826,0.9827738871448122,1,TATAMOTORS
2025-03-04,613.45,629.15,613.0,619.2,11878225,-0.003139338324076202,-0.07340067340067336,0.017488371563360756,12316124.4,675.95,720.97,0,0.3560371296571442,26.214751539835376,20.171385651771793,0.603924418604651,0.38194444444444453,0.9858688630490956,1,TATAMOTORS
2025-03-05,619.0,641.6,618.6,640.8,12373061,0.0348837209302324,-0.03143893591293845,0.02865638422200728,12772416.2,672.4625,719.0640000000001,0,0.9478260457466916,36.463753016063436,20.37342953378809,0.5498595505617978,0.40277777777777773,0.9526373283395757,1,TATAMOTORS
2025-03-06,653.25,655.95,635.6,639.65,16991501,-0.0017946317103619824,-0.013722920360804802,0.02761864207721474,13472884.8,668.5925,717.0409999999999,0,-0.668304635464146,36.175643864331825,20.371755995660372,0.5526459782693661,0.40170405690612054,0.9543500351754867,0,TATAMOTORS
2025-03-07,640.0,651.5,635.0,648.3,10123450,0.013523020401782215,0.04455006847659715,0.015979332433797264,13617896.3,665.525,714.997,0,0.5030302725436171,40.01485794501876,20.095201995970346,0.5319296621934291,0.4096868733610982,0.9416165355545274,1,TATAMOTORS
2025-03-10,648.3,654.25,643.35,648.15,10309166,-0.00023137436372044906,0.04346776141028741,0.016116079448427755,13191060.5,662.595,713.2869999999999,0,-0.013761466627386327,39.96995762769899,19.438401853401036,0.5322841934737329,0.40955025842783305,0.9418344519015661,0,TATAMOTORS
2025-03-11,640.0,651.15,638.45,648.05,9534750,-0.0001542852734707223,0.046592377260981754,0.015617835734424065,13258358.6,660.1975,711.445,0,0.6338582178064394,39.937783593840955,18.95708743530096,0.5325206388395958,0.40945914667078154,0.9419797855103774,1,TATAMOTORS
2025-03-12,654.5,671.9,652.25,668.3,18732785,0.031247588920608083,0.042915106117353385,0.014140322645863,14106511.4,659.725,709.826,1,0.7022900405959251,48.90679688719017,19.30658118992232,0.48608409396977414,0.42735298518629355,0.9134370791560678,0,TATAMOTORS
2025-03-13,670.65,671.85,649.6,655.5,14004345,-0.01915307496633245,0.024779176111936252,0.018700748731537247,14278760.2,658.2825,707.635,0,-0.680898845802298,44.394080840566204,19.51682539064215,0.5151029748283753,0.41617086193745234,0.9312738367658276,1,TATAMOTORS
2025-03-17,665.05,666.45,657.45,661.05,9174408,0.008466819221967903,0.0196668209162425,0.018259277773543425,13148439.1,657.1425,705.048,1,-0.44444439506173394,46.69095593700859,18.90490929131057,0.5023825731790335,0.42107253611678386,0.9234551092958174,1,TATAMOTORS
2025-03-18,665.0,681.7,663.9,680.05,11236084,0.028742152635957918,0.04921700223713654,0.02096393022032006,12435777.5,657.1125,703.1239999999999,1,0.8455055704772093,53.73629735824058,19.029558627645535,0.4604073229909566,0.43724726123079183,0.8976545842217485,0,TATAMOTORS
2025-03-19,685.4,685.75,678.55,682.25,9338414,0.0032350562458642873,0.05277370573258233,0.020612231614383338,12181796.4,656.895,700.904,1,-0.43749993923611363,54.48635821153245,18.184590154242287,0.4556980578966654,0.4390619274459509,0.8947599853426164,1,TATAMOTORS
2025-03-20,685.0,692.7,679.0,690.05,9712600,0.011432759252473446,0.03254526410294778,0.01726009812454209,11915750.3,657.2774999999999,698.806,1,0.3686131117800603,57.13955459636811,17.864262286082127,0.4392435330773133,0.4454025070647054,0.8846460401420189,0,TATAMOTORS
2025-03-21,693.0,705.0,688.55,702.95,14823483,0.018694297514672886,0.07238749046529369,0.009904457260749388,11698948.5,658.3749999999999,697.263,1,0.604863185114701,61.171025430320455,17.763243551361978,0.4128316380965928,0.4555800554804752,0.868411693577068,0,TATAMOTORS
2025-03-24,710.0,717.5,702.05,713.5,11671359,0.01500817981364233,0.07934346872399978,0.009390703954290877,11853739.4,659.56,696.04,1,0.22653720216587622,64.141629837922,17.59801186912184,0.3919411352487736,0.4636299929922915,0.8555711282410652,0,TATAMOTORS
2025-03-25,719.0,723.05,706.35,710.3,13617465,-0.004484933426769477,0.044482023380633784,0.009365167748575378,12184569.3,661.415,695.2260000000001,1,-0.5209580526372471,62.57779333435554,17.53386816418456,0.39821202308883574,0.4612135717302548,0.8594255948190906,0,TATAMOTORS
2025-03-26,710.3,717.85,707.0,708.25,9363180,-0.0028861044629029386,0.03810919750824482,0.010590650254678357,12167412.3,663.415,693.9810000000001,1,-0.18894007475206226,61.542613374878556,17.05644900959995,0.40225908930462406,0.4596540769502295,0.8619131662548536,0,TATAMOTORS
2025-03-27,668.0,676.6,661.1,668.55,34238666,-0.05605365337098489,-0.031157162524454773,0.029868446995640813,13718000.4,663.7625,692.08,1,0.03548386867845715,45.75664810738816,19.205988366057095,0.4855283823199462,0.42756712287787,0.9130955051978163,0,TATAMOTORS
2025-03-28,671.85,684.95,669.3,674.45,16013687,0.008825069179567935,-0.040543424141119555,0.028107326136735847,13918934.6,665.0575,690.082,1,0.16613417468791267,47.8956699195841,19.00556062562445,0.472533175179776,0.4325746904885463,0.9051078656683224,0,TATAMOTORS
2025-04-01,670.55,681.85,665.75,671.85,9594669,-0.003854992957224468,-0.05837421163279599,0.025395918451184187,13960960.7,667.6175000000001,687.924,1,0.08074533659967265,47.015799852249444,18.798020580936992,0.4782317481580709,0.4303788047927365,0.9086105529508075,0,TATAMOTORS
2025-04-02,674.95,675.35,662.1,671.9,8025225,7.442137381841185e-05,-0.05406166408559765,0.025798014435476278,13639874.8,670.155,685.875,1,-0.230188661872559,47.03595030532227,18.401733396584348,0.47812174430718857,0.4304211936300045,0.9085429379371931,0,TATAMOTORS
2025-04-03,660.0,669.0,652.5,653.95,13473832,-0.026715285012650636,-0.07666784327567944,0.02617369445484281,14053416.6,671.8924999999999,683.7389999999999,0,-0.366666644444443,41.006590200519724,18.473038153971178,0.5186940897622141,0.41478706323113396,0.9334811529933481,0,TATAMOTORS
2025-04-04,650.0,650.0,610.0,613.85,26621179,-0.0613196727578561,-0.08181886171565322,0.028235942430318784,15744274.5,670.545,681.161,0,-0.9037499774062501,31.34116372763772,20.292821142973242,0.6179033965952593,0.37655779099128456,0.994461187586544,0,TATAMOTORS
2025-04-07,560.5,582.0,535.75,579.75,49463598,-0.05555103038201514,-0.1404107050189044,0.02842187370891411,19208286.0,667.55,677.7059999999999,0,0.4162162072169469,25.777057704928836,24.421905347046586,0.7130659767141009,0.33988788270806386,1.0529538594221648,0,TATAMOTORS
2025-04-08,591.2,606.6,584.2,588.85,20987855,0.015696420871065264,-0.1235394805388107,0.033685184276494654,20139935.6,664.5775,674.801,0,-0.10491070960220159,29.380176673592644,24.595340679400405,0.6865925108261866,0.3500891568311115,1.036681667657298,0,TATAMOTORS
2025-04-09,588.0,594.9,581.05,582.9,17483412,-0.010104440859302066,-0.1324601875279059,0.032014581809043194,20526530.3,661.3149999999999,672.1979999999999,0,-0.3682310203443317,28.409089955053602,23.82781634515752,0.7038085434894493,0.3434551381025905,1.04726368159204,1,TATAMOTORS
2025-04-11,610.0,612.8,591.0,595.05,21055814,0.020844055584148258,-0.09006804801590351,0.03870815621840129,21695793.7,658.6650000000001,669.534,0,-0.6857797850559767,33.260110252429584,24.261543749074836,0.6690194101336023,0.35686076800268884,1.0258801781362912,1,TATAMOTORS
2025-04-15,614.0,628.3,612.65,622.2,19722072,0.04562641794807165,0.01360267166245821,0.03839307743182613,20244134.3,656.3599999999999,666.928,0,0.5239616278618805,42.617096056873514,24.90357633842663,0.5961909353905495,0.38492446158791394,0.9811153969784635,0,TATAMOTORS
2025-04-16,625.0,625.0,613.6,616.05,12318376,-0.009884281581485244,0.06261319534282017,0.02339442257179279,19874603.2,654.3875,665.312,0,-0.7850876504309134,41.20774463961065,23.93903517139616,0.6121256391526663,0.3787841895950004,0.9909098287476668,0,TATAMOTORS
2025-04-17,616.05,627.0,608.25,621.55,14342652,0.008927846765684588,0.055531969092298405,0.02335436338440028,20349401.5,652.4125,663.421,0,0.2933333176888897,43.022471661333135,23.56838980201072,0.5978601882390798,0.38428123240286377,0.9821414206419437,1,TATAMOTORS
2025-04-21,624.6,635.75,620.2,630.05,12785568,0.013675488697610705,0.08088866014753804,0.020164776709201495,20825435.8,649.9125,661.8910000000001,0,0.3504822925734827,45.806534470234425,22.995647673295668,0.5763034679787319,0.39258788985001186,0.9688913578287439,1,TATAMOTORS
2025-04-22,630.25,633.95,626.2,630.85,10292748,0.001269740496786076,0.06016301151163783,0.020838738019147655,20507327.4,647.3425,660.7589999999999,0,0.07741934484911972,46.073609031535824,21.906672839488834,0.5743045097883807,0.393358167551716,0.9676626773400967,1,TATAMOTORS
2025-04-23,635.95,661.5,633.35,659.9,23390570,0.04604898153285242,0.060591449694631816,0.021009750684120587,20184266.5,645.8349999999999,659.7460000000001,1,0.8507992592966498,54.7870430003494,22.53119620809677,0.5050007576905592,0.42006364600697077,0.9250644036975301,1,TATAMOTORS
2025-04-24,660.1,671.0,660.1,668.35,15172229,0.012804970450068343,0.08489570651732836,0.017205096758685128,16755129.6,644.105,658.7719999999999,1,0.7568806645063627,56.96526613120769,21.714682193232715,0.4859729183810877,0.42739582554051025,0.913368743921598,0,TATAMOTORS
2025-04-25,668.35,673.0,651.5,655.25,13207043,-0.01960050871549346,0.05421929048346885,0.023821145664456884,15977048.4,641.1925,657.684,1,-0.6093022972417547,52.724437898354715,21.699347750858948,0.5156810377718428,0.4159481114078596,0.9316291491797025,1,TATAMOTORS
2025-04-28,654.3,669.6,652.55,668.15,10243493,0.019687142312094563,0.0604713911594319,0.024149508537696117,15253056.5,639.0849999999999,656.9119999999999,1,0.8123166678993137,56.18366960210081,21.367251482940453,0.48641772057172794,0.42722442565292224,0.9136421462246502,0,TATAMOTORS
2025-04-29,671.45,682.9,661.6,665.6,13754685,-0.003816508269101182,0.05508440992311958,0.024814675286340078,14522943.6,636.9525,656.304,1,-0.2746478744296789,55.32193121956929,21.36244780558756,0.49211237980769224,0.42503004807692313,0.9171424278846154,0,TATAMOTORS
2025-04-30,667.0,667.0,641.1,644.25,19485917,-0.03207632211538469,-0.023715714502197227,0.0216412550222906,14499328.1,635.7375,655.6339999999999,1,-0.8783783444641573,48.600680876735794,21.686558676617018,0.5415599534342258,0.4059759410166861,0.947535894450912,0,TATAMOTORS
2025-05-02,641.0,661.35,635.55,652.0,13141726,0.01202949165696543,-0.024463230343383047,0.021487566278485942,14581663.1,634.615,654.987,1,0.4263565726218371,50.93116932469978,21.98037591400152,0.5232361963190184,0.4130368098159509,0.9362730061349694,1,TATAMOTORS
2025-05-05,662.95,666.65,655.85,661.55,8868484,0.014647239263803513,0.009614650896604182,0.021025945211478034,14034246.3,634.1,654.5409999999999,1,-0.12962961762689623,53.71604857947172,21.456777634429983,0.5012470712720127,0.4215100899402917,0.9227571612123046,0,TATAMOTORS
2025-05-06,661.55,663.2,645.5,648.2,12718175,-0.020179880583478083,-0.029858564693556744,0.02023060376737783,14027507.0,632.915,653.8919999999999,1,-0.7542372455233124,49.48779215485262,21.18843637482784,0.5321659981487193,0.40959580376427035,0.9417618019129899,0,TATAMOTORS
2025-05-07,642.0,682.5,641.15,680.3,30390515,0.0495217525455105,0.022085336538461453,0.0321446952151482,16037283.7,634.2325000000001,653.766,1,0.9262393971888885,58.04037529550839,22.62854806234014,0.4598706453035426,0.43745406438336026,0.8973247096869029,0,TATAMOTORS
2025-05-08,700.0,704.5,677.2,682.85,29315465,0.0037483463178009657,0.05991462941404735,0.025092400741494568,16629773.2,637.6825,653.775,1,-0.6282051051939523,58.63948550019259,22.96222320074441,0.4544189792780258,0.4395548070586513,0.8939737863366772,0,TATAMOTORS
2025-05-09,667.5,711.0,666.0,708.5,40183276,0.03756315442630154,0.08665644171779152,0.02758611500228186,19130877.9,644.12,654.3249999999999,1,0.9111110908641981,64.17980643235148,24.536350114976955,0.40176429075511644,0.4598447424135498,0.8616090331686662,0,TATAMOTORS
2025-05-12,728.0,732.0,711.2,720.8,20133616,0.017360621030345635,0.08956239135363919,0.02755345155323016,19823535.2,650.7175,654.945,1,-0.34615382951183804,66.4973633194996,24.462325106764315,0.3778440621531632,0.46906215316315203,0.8469062153163153,0,TATAMOTORS
2025-05-13,720.8,726.0,703.25,707.7,16125700,-0.018174250832408312,0.09179265658747293,0.0268720704406157,20411755.9,656.9575,655.635,1,-0.5758241505132201,61.90359376815341,24.340016170566862,0.40334887664264507,0.45923413875936137,0.8625830154020065,0,TATAMOTORS
2025-05-14,690.0,708.0,686.0,698.95,31505402,-0.01236399604352123,0.027414376010583608,0.022645643296526397,22186827.6,662.1524999999999,656.2489999999999,1,0.40681816332644916,58.973104014094346,24.172872158383516,0.42091708992059507,0.45246441090206746,0.8733815008226625,1,TATAMOTORS
2025-05-15,698.75,729.8,696.15,728.1,28634074,0.04170541526575566,0.0662663835395767,0.027664474580599577,23101643.3,667.4475,657.579,1,0.8722139413903746,64.92947572812642,24.849809861356118,0.3640296662546353,0.4743853866227167,0.8384150528773521,0,TATAMOTORS
2025-05-16,730.0,742.0,725.55,730.7,20631512,0.003570938057959161,0.031333803810868144,0.024138095171339833,23850621.9,673.18,659.222,1,0.04255318890254435,65.41182349366645,24.249823442687823,0.3591761324757081,0.47625564527165737,0.8354317777473655,0,TATAMOTORS
2025-05-19,732.0,738.1,728.0,729.5,10460217,-0.001642260845764354,0.012069922308546088,0.023471588350948668,24009795.2,678.5775,661.3989999999999,1,-0.2475247279678482,64.9676955931293,23.239121768210122,0.36141192597669636,0.47539410555174777,0.8368060315284442,0,TATAMOTORS
2025-05-20,730.0,737.75,717.0,718.9,14472506,-0.014530500342700536,0.015825914935707175,0.022708761000432374,24185228.3,683.0200000000001,663.354,1,-0.5349397332559176,61.02606030745629,23.06132735619511,0.38148560300459033,0.4676589233551259,0.8491445263597164,1,TATAMOTORS
2025-05-21,719.0,729.5,718.0,726.8,8998596,0.01098901098901095,0.03984548250947828,0.021007145923818245,22046036.4,687.8175,665.5060000000001,1,0.6782608105860125,62.835774413161424,22.23551825932403,0.36646945514584484,0.4734452394056136,0.8399146945514586,0,TATAMOTORS
2025-05-22,725.0,725.0,710.65,717.45,10046820,-0.012864611997798425,-0.014627111660486136,0.010850362919474697,20119171.9,690.695,667.0390000000001,1,-0.5261323675169042,59.32469708112656,21.80083838365803,0.38427765001045355,0.46658303714544574,0.8508606871558994,1,TATAMOTORS
2025-05-23,718.75,721.8,715.0,718.25,7915166,0.0011150602829463896,-0.017038456274805047,0.010535476756602656,16892360.9,693.19,668.6110000000001,1,-0.07352940095155917,59.5330487430037,20.729349927682453,0.3827358162199791,0.4671771667246781,0.8499129829446572,1,TATAMOTORS
2025-05-26,722.0,738.0,721.2,729.0,13017400,0.014966933518969716,-0.0006854009595613775,0.013440828600153883,16180739.3,696.8775,670.225,1,0.41666664186508195,62.325686951860106,20.65939636141942,0.36234567901234566,0.47503429355281207,0.8373799725651578,0,TATAMOTORS
2025-05-27,729.0,729.35,715.2,716.45,12223125,-0.017215363511659754,-0.003407984420642607,0.014195659747330927,15790481.8,699.2925,671.591,1,-0.886925732372738,57.34984705051913,20.19443947846089,0.386209784353409,0.46583850931677023,0.8520482936701793,1,TATAMOTORS
2025-05-28,720.0,722.0,716.2,717.95,7568961,0.0020936562216484766,-0.012176664832140749,0.012875948939864454,13396837.7,701.9100000000001,672.9889999999999,1,-0.3534482149227165,57.783669500008045,19.166265229999393,0.38331360122571195,0.46695452329549414,0.8502681245212063,1,TATAMOTORS
2025-05-29,724.5,728.7,720.0,724.45,8838921,0.009053555261508528,0.009756777475782297,0.01212349014382311,11417322.4,705.9200000000001,674.112,1,-0.005747125776187183,59.69677116886297,18.565103427856577,0.3709020636344812,0.4717371799296018,0.8426392435640832,0,TATAMOTORS
2025-05-30,724.45,728.55,712.5,719.5,14533919,-0.006832769687349138,0.0017403411068568353,0.012772638330565498,10807563.1,709.2950000000001,675.3919999999999,1,-0.3084111957376239,57.557641625111394,18.385453183009677,0.3803335649756775,0.46810284920083395,0.8484364141765115,0,TATAMOTORS
2025-06-02,717.0,719.0,707.4,711.6,9712446,-0.010979847116052821,-0.023868312757201582,0.010439163764137276,10732786.0,711.7974999999999,676.403,0,-0.4655172012485143,54.218460321674556,17.936492241366132,0.3956576728499156,0.4621978639685217,0.8578555368184374,0,TATAMOTORS
2025-06-03,715.0,718.35,702.3,703.85,9161608,-0.010890949971894326,-0.017586712261846604,0.008811380604102787,10201696.2,714.58,676.8789999999999,0,-0.6947040065604936,51.08727316981855,17.80174279555427,0.41102507636570285,0.45627619521204804,0.8673012715777509,0,TATAMOTORS
2025-06-04,701.8,715.45,698.4,709.15,11287991,0.007530013497193844,-0.012257120969426882,0.009939135668397263,10430635.7,716.0224999999999,677.4169999999999,0,0.43108501870469057,53.08277889152108,17.748046881586113,0.40047944722555173,0.46033984347458223,0.8608192907001341,1,TATAMOTORS
2025-06-05,712.8,714.45,704.0,710.15,10203331,0.0014101388986815788,-0.0197391124301195,0.008161305976642476,10446286.8,717.3875,677.8190000000001,0,-0.25358849247956683,53.46851194705172,17.226757818615678,0.39850735760050693,0.4610997676547208,0.8596071252552279,0,TATAMOTORS
2025-06-06,710.0,715.9,701.2,711.0,11975812,0.0011969302260086412,-0.011813759555246661,0.008242512661431242,10852351.4,717.5125,677.98,0,0.06802720625665296,53.81608724963443,17.04627511728598,0.39683544303797463,0.4617440225035162,0.8585794655414909,1,TATAMOTORS
2025-06-09,715.0,726.0,713.1,717.8,9900412,0.00956399437412081,0.008712759977515416,0.00797936947680966,10540652.6,717.3625,678.0659999999999,1,0.21705424673997775,56.60851020782435,16.900112608908408,0.38360267483978827,0.4668431317915854,0.8504458066313738,1,TATAMOTORS
2025-06-10,721.0,734.75,715.35,732.25,19151889,0.02013095569796608,0.040349506286850856,0.007738369287879953,11233529.0,718.59,678.505,1,0.5798968773249039,61.88270501465168,17.078675993986376,0.3562990781836804,0.47736428815295323,0.8336633663366337,0,TATAMOTORS
2025-06-11,734.95,744.0,730.15,736.4,12626754,0.00566746329805401,0.038426284989071524,0.007809134385944117,11739308.3,720.4625,679.068,1,0.10469313323514774,63.26376083413721,16.84805628013021,0.3486556219445953,0.4803096143400326,0.828965236284628,0,TATAMOTORS
2025-06-12,737.0,737.7,711.25,715.35,12585149,-0.028585008147745783,0.007322396676758602,0.018266518781231818,12113931.1,719.825,680.0039999999999,0,-0.8185254889026258,52.81157815500903,17.533909402978054,0.38834137135667846,0.4650171244845181,0.8533584958411966,0,TATAMOTORS
2025-06-13,700.0,714.95,698.3,712.05,10516625,-0.004613126441602056,0.0014767932489450075,0.018481695754050745,11712201.7,718.8925,680.7560000000001,0,0.7237236802568293,51.37846772469338,17.499344445622484,0.39477564777754376,0.4625377431360157,0.8573133909135595,0,TATAMOTORS
2025-06-16,711.0,714.0,672.95,686.65,31246328,-0.035671652271610066,-0.04339648927277795,0.023330223818881776,13865589.9,716.75,681.052,0,-0.5931790354889407,41.94386853294324,19.181534128078017,0.4463700575256681,0.44265637515473677,0.8890264326804049,0,TATAMOTORS
2025-06-17,686.1,686.15,672.0,674.75,17112867,-0.017330517731012907,-0.07852509388869922,0.0169278592994291,14660715.8,714.5424999999999,681.109,0,-0.8021200846558273,38.387325332627704,18.857853118929587,0.4718784735087069,0.43282697295294553,0.9047054464616525,0,TATAMOTORS
2025-06-18,671.85,679.35,668.0,670.25,12556088,-0.006669136717302737,-0.08982889733840305,0.013515990582632817,14787525.5,711.7149999999999,681.435,0,-0.14096915057540696,37.10601549040064,18.321577896148906,0.4817605371130175,0.4290190227527042,0.9107795598657218,0,TATAMOTORS
2025-06-19,670.25,676.3,666.65,672.3,10895470,0.0030585602387167565,-0.060180331306353585,0.014985036106343925,14856739.4,709.4575,682.6039999999999,0,0.21243521114660605,38.1193370829838,17.70217947499541,0.4772423025435074,0.4307600773464227,0.9080023798899303,0,TATAMOTORS
2025-06-20,673.4,678.8,670.1,676.2,11393470,0.005800981704596309,-0.05034758795028427,0.01691101783375158,14798505.2,707.3549999999999,684.533,0,0.321839043466787,40.09669109473742,17.059166655352875,0.46872227151730245,0.43404318249038754,0.90276545400769,0,TATAMOTORS
2025-06-23,670.0,676.0,666.1,671.25,10265601,-0.007320319432120748,-0.02242772882836963,0.00922663650630352,14835024.1,704.4675,686.181,0,0.12626261350882723,38.41867126964182,16.56208332282767,0.4795530726256983,0.42986964618249535,0.9094227188081937,1,TATAMOTORS
2025-06-24,678.0,686.5,672.0,673.65,15359947,0.003575418994413271,-0.0016302334197851875,0.006192151696427157,14455829.9,702.3275000000001,687.9960000000001,0,-0.29999997931034783,39.735534252453085,16.46836308548284,0.4742818971275885,0.43190083871446594,0.9061827358420546,1,TATAMOTORS
2025-06-25,676.0,679.0,673.45,674.5,10456015,0.0012617828249090746,0.006340917568071536,0.0050704342884388435,14238756.0,700.155,689.585,0,-0.27027022157293523,40.22308229751852,15.688480007948346,0.4724240177909562,0.43261675315048187,0.9050407709414382,1,TATAMOTORS
2025-06-26,677.0,683.7,674.45,682.75,10104914,0.01223128243143079,0.015543656105905246,0.007121503714200096,13990732.5,698.07,690.796,0,0.6216215544192915,44.883822594454834,15.228588578809179,0.45463200292932987,0.4394727206151593,0.8941047235444892,0,TATAMOTORS
2025-06-27,685.0,691.45,683.0,686.9,7198028,0.006078359575247161,0.015823720792664808,0.007148736665253431,13658872.8,696.44,692.2129999999999,0,0.22485204439620388,47.11745926320361,14.762260823179956,0.4458436453632261,0.4428592225942641,0.8887028679574903,0,TATAMOTORS
2025-06-30,688.9,691.9,685.0,688.0,6960104,0.001601397583345543,0.024953445065176938,0.004499884042260884,11230250.4,695.26,693.5419999999999,0,-0.13043476370510385,47.72221485490731,14.200670764381385,0.44353197674418604,0.44375000000000003,0.8872819767441861,0,TATAMOTORS
2025-07-01,691.1,693.85,680.4,683.8,6866073,-0.006104651162790797,0.015067171379796518,0.006755814236700222,10205571.0,694.2574999999999,694.617,0,-0.5427508890148071,45.578962526906984,14.147051424068433,0.45239836209417966,0.4403334308277274,0.8927317929219071,1,TATAMOTORS
2025-07-02,683.8,692.45,680.65,688.55,8034013,0.006946475577654265,0.02083024462564853,0.006864750817630333,9753363.5,693.2275000000001,695.7710000000001,0,0.4025423387675961,48.401371062705984,13.979404893777836,0.44237891220681147,0.44419432140004356,0.8865732336068551,0,TATAMOTORS
2025-07-03,693.85,696.95,688.5,690.4,9668110,0.0026868056059836665,0.011204686927865248,0.005175049609611556,9630627.5,692.24,696.3809999999999,0,-0.4082839753510121,49.49989157995062,13.584447401365138,0.4385139049826188,0.44568366164542295,0.8841975666280418,0,TATAMOTORS
2025-07-04,691.0,692.85,686.35,689.05,4942900,-0.0019553881807647944,0.003130004367447814,0.00492725996874348,8985570.5,691.1424999999999,696.795,0,-0.29999995384616795,48.68534673087209,13.07841544412477,0.44133226906610556,0.44459763442420724,0.8859299034903129,0,TATAMOTORS
2025-07-07,689.05,691.95,683.35,688.85,5428220,-0.00029025469849786045,0.0012354651162791441,0.0049070814304697785,8501832.4,689.6949999999999,697.467,0,-0.02325581124931628,48.55786403489844,12.758528626687289,0.44175074399361247,0.4444363794730348,0.8861871234666473,0,TATAMOTORS
2025-07-08,693.0,696.95,687.5,693.2,7615926,0.006314872613776723,0.0137467095642001,0.003927661297725068,7727430.3,687.7425000000001,697.9680000000001,1,0.021164018924447154,51.53065303291516,12.522205153352486,0.4327034045008654,0.4479226774379689,0.8806260819388344,0,TATAMOTORS
2025-07-09,688.95,695.5,688.5,692.8,5478813,-0.0005770340450087508,0.006172391256989318,0.0033053474895699355,7229710.1,685.5625,698.512,1,0.5499999214285697,51.23743687007533,12.127761928113022,0.43353060046189384,0.4476039260969977,0.8811345265588916,0,TATAMOTORS
2025-07-10,692.0,696.75,685.0,695.6,7733963,0.004041570438799269,0.007531865585168163,0.0035036102930187975,6992615.0,684.575,699.539,1,0.3063829526482613,53.24306768232214,12.100778933247806,0.4277602070155261,0.44982748706152964,0.8775876940770558,0,TATAMOTORS
2025-07-11,692.95,698.4,677.05,681.8,8280654,-0.019838987924094442,-0.010521732820550023,0.010353631663572642,7100877.6,683.0625,700.135,0,-0.5222482190984478,43.70245905911176,12.761437580872965,0.45665884423584635,0.4386916984452919,0.8953505426811383,0,TATAMOTORS
